kind,scenario,dy,group,n,empirical,analytic,se,z,quad_rel_err,expected_active,normal_approx_ok
moment_formula,-,,clipped_mean m0=2.0,10000000,12.818731164766985,12.8161969748535,0.00689840052346633,0.36735905734440666,2.220446049250313e-16,,
moment_formula,-,,clipped_second m0=2.0,10000000,640.1991189082439,638.5271036499422,2.7011277126878395,0.6190063692463925,4.440892098500626e-16,,
moment_formula,-,,pos_part_mean m0=2.0,10000000,2.016372427858864,2.0164138415600816,0.000342212155672937,-0.12101762176228936,0.0,,
moment_formula,-,,clipped_mean m0=3.0,10000000,36.49927715487753,36.52566787463704,0.018705322470301516,-1.4108668696519497,0.0,,
moment_formula,-,,clipped_second m0=3.0,10000000,4831.087770119145,4840.719015925965,20.170860144453002,-0.4774831483559274,2.220446049250313e-16,,
moment_formula,-,,pos_part_mean m0=3.0,10000000,3.000627905239593,3.0012516909030165,0.00035238430993894546,-1.7701856916709102,0.0,,
moment_formula,-,,clipped_mean m0=7.0,10000000,2047.0098455578861,2047.7804650201258,1.0223833543434233,-0.7537480524950042,-1.1102230246251565e-16,,
moment_formula,-,,clipped_second m0=7.0,10000000,14642925.494928297,14646622.868023477,52661.11304915249,-0.07021069022467887,2.220446049250313e-16,,
moment_formula,-,,pos_part_mean m0=7.0,10000000,6.999680874200505,7.0000000000326015,0.00035363098073089164,-0.9024261150322822,2.220446049250313e-16,,
moment_formula,-,,clipped_mean m0=10.5,10000000,67875.84056570564,67845.29106328034,33.932254119197715,0.9003086655542683,0.0,,
moment_formula,-,,clipped_second m0=10.5,10000000,16121107277.201324,16066329029.040352,56936365.75698573,0.9620959721028849,2.220446049250313e-16,,
moment_formula,-,,pos_part_mean m0=10.5,10000000,10.500109734421466,10.5,0.0003535765514049045,0.3103554832185036,2.220446049250313e-16,,
"upper P(c,r|k)",S-A,1.0,Material r=1,192263,0.7834892829093482,0.7824309024563162,0.0009409655968703854,1.1247812423239725,,,
"upper P(c,r|k)",S-A,1.0,Technical r=1,192263,0.07205234496496986,0.07293725909441948,0.0005930365022542897,-1.492174808946543,,,
"upper P(c,r|k)",S-A,1.0,Bodily r=1,192263,0.12686268288750305,0.126935521678997,0.0007592186855330295,-0.09593914491553736,,,
"upper P(c,r|k)",S-A,1.0,Annuity r=1,192263,0.017595689238178953,0.01769631677026742,0.0003006882592066532,-0.3346573369840406,,,
upper P(a|k),S-A,1.0,AY 1,192263,0.09987361062710974,0.09999999999999999,0.0006841847619484398,-0.18472988572607324,,,
upper P(a|k),S-A,1.0,AY 2,192263,0.10043013996452775,0.09999999999999999,0.0006841847619484398,0.6286897757015164,,,
upper P(a|k),S-A,1.0,AY 3,192263,0.101220723696187,0.09999999999999999,0.0006841847619484398,1.7842018181033261,,,
upper P(a|k),S-A,1.0,AY 4,192263,0.1007006028200954,0.09999999999999999,0.0006841847619484398,1.023996527049504,,,
upper P(a|k),S-A,1.0,AY 5,192263,0.10016487831772104,0.09999999999999999,0.0006841847619484398,0.24098507726406715,,,
upper P(a|k),S-A,1.0,AY 6,192263,0.09997243359356714,0.09999999999999999,0.0006841847619484398,-0.04029088042584704,,,
upper P(a|k),S-A,1.0,AY 7,192263,0.10000364084613264,0.09999999999999999,0.0006841847619484398,0.005321437037382286,,,
upper P(a|k),S-A,1.0,AY 8,192263,0.09955113568393295,0.09999999999999999,0.0006841847619484398,-0.656057166179443,,,
upper P(a|k),S-A,1.0,AY 9,192263,0.09930667887216989,0.09999999999999999,0.0006841847619484398,-1.0133536529747393,,,
upper P(a|k),S-A,1.0,AY 10,192263,0.09877615557855646,0.09999999999999999,0.0006841847619484398,-1.7887630498496379,,,
upper E[Y|k],S-A,1.0,all,192263,5469.183940593925,5414.358088262999,38.9840910365102,1.406364772737148,,,
upper E[oracle|k],S-A,1.0,all,192263,5434.370303213405,5414.358088262999,18.572348374965614,1.0775274373692636,,,
upper P(Y>0|k),S-A,1.0,all,192263,0.872201099535532,0.8718508485291976,0.0007623091057414547,0.4594606094778146,,,
"upper E[Y|c,k,r]",S-A,1.0,Material r=1,150636,3046.456183788277,3039.1811385061824,13.288415645969772,0.5474727368496403,,135572.4,True
"upper P(Y>0|c,k,r)",S-A,1.0,Material r=1,150636,0.8995459252768263,0.8999999999911336,0.0007729597279711093,-0.5874493817409111,,135572.4,True
"upper E[Y|c,k,r]",S-A,1.0,Technical r=1,13853,1725.2827847229519,1740.6133952671069,26.076608156822473,-0.5879066192948872,,11775.05,True
"upper P(Y>0|c,k,r)",S-A,1.0,Technical r=1,13853,0.8484082870136432,0.8499999998374204,0.003033773653782843,-0.5246643307724695,,11775.05,True
"upper E[Y|c,k,r]",S-A,1.0,Bodily r=1,24391,17891.55296871785,17470.778949340216,223.35350291343343,1.883892636063629,,17073.7,True
"upper P(Y>0|c,k,r)",S-A,1.0,Bodily r=1,24391,0.70628510516174,0.7,0.0029342346699393275,2.1419913090557405,,17073.7,True
"upper E[Y|c,k,r]",S-A,1.0,Annuity r=1,3383,39113.960210616286,39092.36289378343,1099.0960381007164,0.01965007249974034,,3213.85,True
"upper P(Y>0|c,k,r)",S-A,1.0,Annuity r=1,3383,0.9482707655926692,0.95,0.003747104508320459,-0.46148550260367105,,3213.85,True
"upper P(c,r|k)",S-A,2.0,Material r=1,178706,0.7593365639653957,0.758320735105613,0.0010126901696853661,1.0030993587093677,,,
"upper P(c,r|k)",S-A,2.0,Material r=2,178706,2.2383132071670788e-05,3.442770811123072e-05,1.3879602007882711e-05,-0.8677897271636027,,,
"upper P(c,r|k)",S-A,2.0,Technical r=1,178706,0.07012075699752666,0.07068973855637908,0.0006063019807086121,-0.9384458190082547,,,
"upper P(c,r|k)",S-A,2.0,Technical r=2,178706,0.00010072409432251855,8.99621506947219e-05,2.243576135070495e-05,0.47967811118914877,,,
"upper P(c,r|k)",S-A,2.0,Bodily r=1,178706,0.12301769386590265,0.12302407510803247,0.0007769969658044092,-0.008212698904445476,,,
"upper P(c,r|k)",S-A,2.0,Bodily r=2,178706,0.023093796514946335,0.023236246349563113,0.00035637578475609797,-0.3997180524324018,,,
"upper P(c,r|k)",S-A,2.0,Annuity r=1,178706,0.017117500251810237,0.017151014741062322,0.00030712752492564806,-0.10912238901479314,,,
"upper P(c,r|k)",S-A,2.0,Annuity r=2,178706,0.007190581178024241,0.0074538002805441764,0.00020346732451287307,-1.2936676842343877,,,
upper P(a|k),S-A,2.0,AY 1,178706,0.11092520676418251,0.1111111111111111,0.000743417734316027,-0.25006714038055666,,,
upper P(a|k),S-A,2.0,AY 2,178706,0.11137846518863384,0.1111111111111111,0.000743417734316027,0.35962832897537506,,,
upper P(a|k),S-A,2.0,AY 3,178706,0.11228498203753651,0.1111111111111111,0.000743417734316027,1.5790192676872385,,,
upper P(a|k),S-A,2.0,AY 4,178706,0.11176457421687017,0.1111111111111111,0.000743417734316027,0.8789985436119095,,,
upper P(a|k),S-A,2.0,AY 5,178706,0.1109867603773796,0.1111111111111111,0.000743417734316027,-0.16726899022110914,,,
upper P(a|k),S-A,2.0,AY 6,178706,0.11100914350945128,0.1111111111111111,0.000743417734316027,-0.13716057198131004,,,
upper P(a|k),S-A,2.0,AY 7,178706,0.11095878146229002,0.1111111111111111,0.000743417734316027,-0.20490451302085802,,,
upper P(a|k),S-A,2.0,AY 8,178706,0.1103208621982474,0.1111111111111111,0.000743417734316027,-1.0629944328551322,,,
upper P(a|k),S-A,2.0,AY 9,178706,0.11037122424540866,0.1111111111111111,0.000743417734316027,-0.9952504918155843,,,
upper E[Y|k],S-A,2.0,all,178706,3824.3121131211124,3833.1038358073897,41.52075270347474,-0.21174285420749614,,,
upper E[oracle|k],S-A,2.0,all,178706,3845.267434839259,3833.1038358073897,21.667706468978256,0.5613699377589317,,,
upper P(Y>0|k),S-A,2.0,all,178706,0.45037659619710585,0.45163282443477554,0.0011772234584200116,-1.0671111152981192,,,
"upper E[Y|c,k,r]",S-A,2.0,Material r=1,135698,798.8162603286911,804.8974084468763,6.136013203310263,-0.9910585125378346,,53337.24507932092,True
"upper P(Y>0|c,k,r)",S-A,2.0,Material r=1,135698,0.3910890359474716,0.3930584464702435,0.0013259137648763116,-1.4853232351469396,,53337.24507932092,True
"upper E[Y|c,k,r]",S-A,2.0,Technical r=1,12531,618.447292691029,611.5058162028361,14.288038105438359,0.4858243264028582,,5583.738077153054,True
"upper P(Y>0|c,k,r)",S-A,2.0,Technical r=1,12531,0.445934083472987,0.4455939723246926,0.0044400796445814945,0.07660023592357569,,5583.738077153054,True
"upper E[Y|c,k,r]",S-A,2.0,Bodily r=1,21984,14586.591650386577,14305.267401708466,198.70562295278478,1.415784035185343,,14639.810501335505,True
"upper P(Y>0|c,k,r)",S-A,2.0,Bodily r=1,21984,0.6690320232896652,0.6659302447841842,0.003181116627236689,0.9750596626742927,,14639.810501335505,True
"upper E[Y|c,k,r]",S-A,2.0,Bodily r=2,4127,17461.670762172285,17470.778949340216,542.98813111151,-0.016774192005423866,,2888.8999999999996,True
"upper P(Y>0|c,k,r)",S-A,2.0,Bodily r=2,4127,0.7026896050399806,0.7,0.0071333315971787645,0.37704752727944874,,2888.8999999999996,True
"upper E[Y|c,k,r]",S-A,2.0,Annuity r=1,3059,40609.165841382666,42097.26154705224,1224.1904396660661,-1.2155753365264792,,2976.800756756095,True
"upper P(Y>0|c,k,r)",S-A,2.0,Annuity r=1,3059,0.9709055246812683,0.973128720744065,0.00292374557735001,-0.7603931340741604,,2976.800756756095,True
"upper E[Y|c,k,r]",S-A,2.0,Annuity r=2,1285,39124.08019522817,39092.36289378343,1783.3438049123145,0.017785298245561448,,1220.75,True
"upper P(Y>0|c,k,r)",S-A,2.0,Annuity r=2,1285,0.9595330739299611,0.95,0.0060798832673618925,1.5679698952670253,,1220.75,True
"upper P(c,r|k)",S-A,3.0,Material r=1,160148,0.7535092539401054,0.7525798420836489,0.0010782837763648075,0.861936233140572,,,
"upper P(c,r|k)",S-A,3.0,Material r=2,160148,2.4976896370856957e-05,3.416707197125961e-05,1.4606148176132058e-05,-0.6291991214645036,,,
"upper P(c,r|k)",S-A,3.0,Technical r=1,160148,0.06952943527237306,0.07015457947656538,0.000638223265071147,-0.9795070759801165,,,
"upper P(c,r|k)",S-A,3.0,Technical r=2,160148,0.00010615180957614207,8.928108916065708e-05,2.361019598702309e-05,0.7145523241212262,,,
"upper P(c,r|k)",S-A,3.0,Bodily r=1,160148,0.12268027074955666,0.1220927171461235,0.000818103867424515,0.7181894950366756,,,
"upper P(c,r|k)",S-A,3.0,Bodily r=2,160148,0.022797662162499687,0.023060335553049996,0.0003750644679641056,-0.7003419758105358,,,
"upper P(c,r|k)",S-A,3.0,Bodily r=3,160148,0.004239828158952968,0.004355534779218778,0.00016455539495221336,-0.7031469269020983,,,
"upper P(c,r|k)",S-A,3.0,Annuity r=1,160148,0.017009266428553587,0.017021172398253574,0.00032322582854213037,-0.03683483387972816,,,
"upper P(c,r|k)",S-A,3.0,Annuity r=2,160148,0.007062217448859804,0.007397371030971132,0.00021412415000360033,-1.5652301812088525,,,
"upper P(c,r|k)",S-A,3.0,Annuity r=3,160148,0.0030409371331518347,0.0032148841977222113,0.00014145642547070853,-1.2296865553583207,,,
upper P(a|k),S-A,3.0,AY 1,160148,0.12474710892424508,0.125,0.0008264151560448416,-0.3060097263526042,,,
upper P(a|k),S-A,3.0,AY 2,160148,0.1252341584034768,0.125,0.0008264151560448416,0.2833423392153743,,,
upper P(a|k),S-A,3.0,AY 3,160148,0.12619576891375478,0.125,0.0008264151560448416,1.4469348789265113,,,
upper P(a|k),S-A,3.0,AY 4,160148,0.12566500986587406,0.125,0.0008264151560448416,0.804692243371663,,,
upper P(a|k),S-A,3.0,AY 5,160148,0.12485326073382122,0.125,0.0008264151560448416,-0.17756119924163455,,,
upper P(a|k),S-A,3.0,AY 6,160148,0.12476584159652322,0.125,0.0008264151560448416,-0.2833423392153743,,,
upper P(a|k),S-A,3.0,AY 7,160148,0.1246284686664835,0.125,0.0008264151560448416,-0.44956984488839385,,,
upper P(a|k),S-A,3.0,AY 8,160148,0.12391038289582136,0.125,0.0008264151560448416,-1.3184863518155416,,,
upper E[Y|k],S-A,3.0,all,160148,2787.494669777553,2743.244157396778,41.551109760880856,1.0649658369037254,,,
upper E[oracle|k],S-A,3.0,all,160148,2745.9493571405083,2743.244157396778,22.24711947606331,0.12159775321208835,,,
upper P(Y>0|k),S-A,3.0,all,160148,0.1849601618502885,0.1852469624196641,0.0009707955616999276,-0.29542838955031797,,,
"upper E[Y|c,k,r]",S-A,3.0,Material r=1,120673,120.08791750771742,121.29911007888214,2.058966671379091,-0.5882526356550795,,11788.788401517482,True
"upper P(Y>0|c,k,r)",S-A,3.0,Material r=1,120673,0.09720484283974046,0.09769201366929797,0.0008546767238508607,-0.5700059636145248,,11788.788401517482,True
"upper E[Y|c,k,r]",S-A,3.0,Technical r=1,11135,133.91767999010693,129.35169994958903,5.986699475267567,0.7626873637771553,,1566.2985398383319,True
"upper P(Y>0|c,k,r)",S-A,3.0,Technical r=1,11135,0.14342164346654693,0.14066443797721412,0.003294795311428181,0.8368366556093145,,1566.2985398383319,True
"upper E[Y|c,k,r]",S-A,3.0,Bodily r=1,19647,8588.876157900717,8567.033893237654,156.225502880758,0.13981241385239107,,9103.469340470132,True
"upper P(Y>0|c,k,r)",S-A,3.0,Bodily r=1,19647,0.46551636382144856,0.4633516231725011,0.0035575591680932204,0.6084904134167097,,9103.469340470132,True
"upper E[Y|c,k,r]",S-A,3.0,Bodily r=2,3651,14516.043268431657,14305.267401708466,487.59315265152713,0.43227815152241755,,2431.3113237070565,True
"upper P(Y>0|c,k,r)",S-A,3.0,Bodily r=2,3651,0.6666666666666666,0.6659302447841842,0.007805972786160615,0.0943408211450701,,2431.3113237070565,True
"upper E[Y|c,k,r]",S-A,3.0,Bodily r=3,679,16595.813457281387,17470.778949340216,1338.6673896789628,-0.6536093273091996,,475.29999999999995,True
"upper P(Y>0|c,k,r)",S-A,3.0,Bodily r=3,679,0.7025036818851251,0.7,0.017586311452816476,0.14236537842756142,,475.29999999999995,True
"upper E[Y|c,k,r]",S-A,3.0,Annuity r=1,2724,46521.85798880536,44283.80023928706,1364.0631452026855,1.6407288455738926,,2652.4867147037758,True
"upper P(Y>0|c,k,r)",S-A,3.0,Annuity r=1,2724,0.9724669603524229,0.973746958408141,0.0030634395768093427,-0.4178303582051567,,2652.4867147037758,True
"upper E[Y|c,k,r]",S-A,3.0,Annuity r=2,1131,45483.415933216136,42097.26154705224,2013.295021351376,1.681896766372083,,1100.6085831615376,True
"upper P(Y>0|c,k,r)",S-A,3.0,Annuity r=2,1131,0.982316534040672,0.973128720744065,0.004808371495028631,1.910795225806965,,1100.6085831615376,True
"upper E[Y|c,k,r]",S-A,3.0,Annuity r=3,487,39500.466014042235,39092.36289378343,2896.824338407758,0.14087948476817885,,462.65,True
"upper P(Y>0|c,k,r)",S-A,3.0,Annuity r=3,487,0.9589322381930184,0.95,0.009876028265025429,0.9044362726918008,,462.65,True
"upper P(c,r|k)",S-A,4.0,Material r=1,140647,0.7513562322694405,0.7509129375248684,0.0011532013506565582,0.384403594671262,,,
"upper P(c,r|k)",S-A,4.0,Material r=2,140647,2.8439995165200822e-05,3.4091394621370204e-05,1.556860658974412e-05,-0.36299969580400765,,,
"upper P(c,r|k)",S-A,4.0,Technical r=1,140647,0.06978463813661152,0.06999919265670974,0.0006803352002715762,-0.31536589612383337,,,
"upper P(c,r|k)",S-A,4.0,Technical r=2,140647,0.00010664998186950308,8.90833386414261e-05,2.5165969209311597e-05,0.6980316586248225,,,
"upper P(c,r|k)",S-A,4.0,Bodily r=1,140647,0.12176583929980732,0.12182229147774351,0.0008721463147974528,-0.0647278753328379,,,
"upper P(c,r|k)",S-A,4.0,Bodily r=2,140647,0.022887086109195362,0.02300925874191197,0.0003997894242097899,-0.3055924577246934,,,
"upper P(c,r|k)",S-A,4.0,Bodily r=3,140647,0.0042944392699453245,0.004345887615724064,0.00017539946123710007,-0.29332100233303526,,,
"upper P(c,r|k)",S-A,4.0,Bodily r=4,140647,0.0008745298513299253,0.0008208321432841772,7.636311331643229e-05,0.7031890884704539,,,
"upper P(c,r|k)",S-A,4.0,Annuity r=1,140647,0.0172204170725291,0.016983471853700204,0.00034453108462416604,0.6877324845372517,,,
"upper P(c,r|k)",S-A,4.0,Annuity r=2,140647,0.007038898803387203,0.007380986441848497,0.0002282355347756292,-1.498836010779782,,,
"upper P(c,r|k)",S-A,4.0,Annuity r=3,140647,0.003078629476632989,0.0032077634846423898,0.00015077809659524367,-0.8564507108486369,,,
"upper P(c,r|k)",S-A,4.0,Annuity r=4,140647,0.0015641997340860453,0.0013940882637400052,9.94894351922206e-05,1.7098445680928085,,,
upper P(a|k),S-A,4.0,AY 1,140647,0.14246304578128222,0.14285714285714285,0.0009330659659927066,-0.42236786060601206,,,
upper P(a|k),S-A,4.0,AY 2,140647,0.14296785569546452,0.14285714285714285,0.0009330659659927066,0.11865488867542566,,,
upper P(a|k),S-A,4.0,AY 3,140647,0.14400591551899436,0.14285714285714285,0.0009330659659927066,1.2311805421273962,,,
upper P(a|k),S-A,4.0,AY 4,140647,0.14343711561569034,0.14285714285714285,0.0009330659659927066,0.6215774443454946,,,
upper P(a|k),S-A,4.0,AY 5,140647,0.1424914857764474,0.14285714285714285,0.0009330659659927066,-0.391887705716917,,,
upper P(a|k),S-A,4.0,AY 6,140647,0.14238483579457792,0.14285714285714285,0.0009330659659927066,-0.5061882865510235,,,
upper P(a|k),S-A,4.0,AY 7,140647,0.1422497458175432,0.14285714285714285,0.0009330659659927066,-0.6509690222742252,,,
upper E[Y|k],S-A,4.0,all,140647,2245.805725787998,2180.4451793733106,42.844208806534155,1.5255398158903455,,,
upper E[oracle|k],S-A,4.0,all,140647,2190.8808157541835,2180.4451793733106,23.787648017748005,0.4386997980248761,,,
upper P(Y>0|k),S-A,4.0,all,140647,0.10081978286063692,0.10157468199074779,0.0008055054628856095,-0.937174438776058,,,
"upper E[Y|c,k,r]",S-A,4.0,Material r=1,105676,19.748144174313442,19.41415310893344,0.6928213687028918,0.48207385116498797,,2725.652400640648,True
"upper P(Y>0|c,k,r)",S-A,4.0,Material r=1,105676,0.02519020401983421,0.025792538431359334,0.0004876234533717116,-1.2352449566570942,,2725.652400640648,True
"upper E[Y|c,k,r]",S-A,4.0,Technical r=1,9815,25.186427893452283,27.905625771378553,2.4593853328189184,-1.1056412517551926,,444.5743304108821,True
"upper P(Y>0|c,k,r)",S-A,4.0,Technical r=1,9815,0.04268976057055527,0.04529539307984473,0.0020990190185180718,-1.2413572656092768,,444.5743304108821,True
"upper E[Y|c,k,r]",S-A,4.0,Bodily r=1,17126,4884.840762962178,4801.280392347446,119.27797738090123,0.7005515389307049,,5167.0324173323115,True
"upper P(Y>0|c,k,r)",S-A,4.0,Bodily r=1,17126,0.30415742146444,0.3017069027988036,0.0035073857076267667,0.6986738471072129,,5167.0324173323115,True
"upper E[Y|c,k,r]",S-A,4.0,Bodily r=2,3219,8867.300003815284,8567.033893237654,385.9575718959718,0.7779769913636031,,1491.5288749922815,True
"upper P(Y>0|c,k,r)",S-A,4.0,Bodily r=2,3219,0.4482758620689655,0.4633516231725011,0.008789006103833966,-1.715297603099763,,1491.5288749922815,True
"upper E[Y|c,k,r]",S-A,4.0,Bodily r=3,604,13734.335423092292,14305.267401708466,1198.7953378327118,-0.47625475391684075,,402.22186784964725,True
"upper P(Y>0|c,k,r)",S-A,4.0,Bodily r=3,604,0.6672185430463576,0.6659302447841842,0.019191745684718774,0.06712772685390807,,402.22186784964725,True
"upper E[Y|c,k,r]",S-A,4.0,Bodily r=4,123,18730.885433403546,17470.778949340216,3145.2488729440092,0.40063808460532013,,86.1,True
"upper P(Y>0|c,k,r)",S-A,4.0,Bodily r=4,123,0.7154471544715447,0.7,0.041319693527066874,0.3738448461972729,,86.1,True
"upper E[Y|c,k,r]",S-A,4.0,Annuity r=1,2422,49047.7382804201,46455.142672476795,1519.7826375135592,1.7058989515664678,,2353.3904040060684,True
"upper P(Y>0|c,k,r)",S-A,4.0,Annuity r=1,2422,0.9686209744013212,0.9716723385656765,0.0033711510475838776,-0.9051401498435325,,2353.3904040060684,True
"upper E[Y|c,k,r]",S-A,4.0,Annuity r=2,990,45013.51306552548,44283.80023928706,2262.6658879771035,0.3225013600619613,,964.0094888240595,True
"upper P(Y>0|c,k,r)",S-A,4.0,Annuity r=2,990,0.9767676767676767,0.973746958408141,0.005081539116941363,0.5944494945369962,,964.0094888240595,True
"upper E[Y|c,k,r]",S-A,4.0,Annuity r=3,433,41526.63654523764,42097.26154705224,3253.829362200239,-0.17537029090817027,,421.3647360821801,True
"upper P(Y>0|c,k,r)",S-A,4.0,Annuity r=3,433,0.9861431870669746,0.973128720744065,0.007771151365779006,1.674715329857042,,421.3647360821801,True
"upper E[Y|c,k,r]",S-A,4.0,Annuity r=4,220,42693.19179969292,39092.36289378343,4309.980456387394,0.8354629312931242,,209.0,True
"upper P(Y>0|c,k,r)",S-A,4.0,Annuity r=4,220,0.9772727272727273,0.95,0.014693845341131473,1.8560646746692415,,209.0,True
"upper P(c,r|k)",S-A,5.0,Material r=1,120719,0.7502133052792022,0.7503419997251075,0.0012457031348260415,-0.10331068639665346,,,
"upper P(c,r|k)",S-A,5.0,Material r=2,120719,2.485110048956668e-05,3.406547408536231e-05,1.6798171339944122e-05,-0.5485343261075631,,,
"upper P(c,r|k)",S-A,5.0,Technical r=1,120719,0.07018779148269949,0.06994597052796045,0.000734087155212575,0.32941722658125244,,,
"upper P(c,r|k)",S-A,5.0,Technical r=2,120719,0.0001159718022846445,8.901560636140048e-05,2.715350722723904e-05,0.9927334873412933,,,
"upper P(c,r|k)",S-A,5.0,Bodily r=1,120719,0.12191121530165094,0.1217296669568671,0.0009410755903514527,0.192915794060756,,,
"upper P(c,r|k)",S-A,5.0,Bodily r=2,120719,0.022937565751870045,0.0229917642296939,0.0004313675247341958,-0.12564338925896415,,,
"upper P(c,r|k)",S-A,5.0,Bodily r=3,120719,0.0042992403846950356,0.004342583329182527,0.00018925232882758237,-0.22902198750209046,,,
"upper P(c,r|k)",S-A,5.0,Bodily r=4,120719,0.0009112070179507783,0.0008202080441716963,8.239408184250719e-05,1.1044358010205482,,,
"upper P(c,r|k)",S-A,5.0,Bodily r=5,120719,0.00019052510375334455,0.00015491728879514662,3.582023962675349e-05,0.9940697027499251,,,
"upper P(c,r|k)",S-A,5.0,Annuity r=1,120719,0.017039571235679552,0.016970558897260256,0.00037174361721816266,0.18564498547609667,,,
"upper P(c,r|k)",S-A,5.0,Annuity r=2,120719,0.00695830813707867,0.007375374494113165,0.0002462616281776543,-1.6935905123376391,,,
"upper P(c,r|k)",S-A,5.0,Annuity r=3,120719,0.0032140756633172907,0.003205324542210379,0.00016268632340989757,0.05379137547329397,,,
"upper P(c,r|k)",S-A,5.0,Annuity r=4,120719,0.0015324845301899453,0.0013930283037284015,0.00010734688647563405,1.2991175714555825,,,
"upper P(c,r|k)",S-A,5.0,Annuity r=5,120719,0.000463887209138578,0.0006054076052000175,7.079533141191424e-05,-1.9990074661564872,,,
upper P(a|k),S-A,5.0,AY 1,120719,0.166030202370795,0.16666666666666666,0.0010726201152104192,-0.5933734477343945,,,
upper P(a|k),S-A,5.0,AY 2,120719,0.1667011820840133,0.16666666666666666,0.0010726201152104192,0.03217860345632194,,,
upper P(a|k),S-A,5.0,AY 3,120719,0.16792716970816524,0.16666666666666666,0.0010726201152104192,1.1751625982245446,,,
upper P(a|k),S-A,5.0,AY 4,120719,0.16719820409380462,0.16666666666666666,0.0010726201152104192,0.49555049322722305,,,
upper P(a|k),S-A,5.0,AY 5,120719,0.16612132307259006,0.16666666666666666,0.0010726201152104192,-0.5084219346097293,,,
upper P(a|k),S-A,5.0,AY 6,120719,0.1660219186706318,0.16666666666666666,0.0010726201152104192,-0.6010963125639095,,,
upper E[Y|k],S-A,5.0,all,120719,1828.543373569736,1808.1712786747848,45.039031653639334,0.45232089028062206,,,
upper E[oracle|k],S-A,5.0,all,120719,1806.5168222736686,1808.1712786747848,24.898421490916824,-0.06644824458931303,,,
upper P(Y>0|k),S-A,5.0,all,120719,0.06665893521318102,0.06757505137354654,0.0007224575272271591,-1.2680553885037877,,,
"upper E[Y|c,k,r]",S-A,5.0,Material r=1,90565,3.274156893130865,3.422130869404801,0.24539555791123624,-0.6030018535521372,,679.4450820549204,True
"upper P(Y>0|c,k,r)",S-A,5.0,Material r=1,90565,0.007254458123999338,0.007502288820914142,0.000286735490611723,-0.864318178353441,,679.4450820549204,True
"upper E[Y|c,k,r]",S-A,5.0,Technical r=1,8473,10.413647166768003,6.569617683714621,1.0561685694715182,3.6395984449497902,,134.89760835779197,True
"upper P(Y>0|c,k,r)",S-A,5.0,Technical r=1,8473,0.018411424524961643,0.015920868196008766,0.0013598148557291496,1.831540756051977,,134.89760835779197,True
"upper E[Y|c,k,r]",S-A,5.0,Bodily r=1,14717,2793.8451540664946,2721.0030193995535,91.3060618199966,0.7977798320832649,,2923.647974922568,True
"upper P(Y>0|c,k,r)",S-A,5.0,Bodily r=1,14717,0.19467282734252905,0.198657876939768,0.003288911869223497,-1.2116620194446872,,2923.647974922568,True
"upper E[Y|c,k,r]",S-A,5.0,Bodily r=2,2769,4373.295713055852,4801.280392347446,296.6379820368051,-1.442784488867283,,835.4264138498875,True
"upper P(Y>0|c,k,r)",S-A,5.0,Bodily r=2,2769,0.2928855182376309,0.3017069027988036,0.008722681599576893,-1.011315667145359,,835.4264138498875,True
"upper E[Y|c,k,r]",S-A,5.0,Bodily r=3,519,9745.036182795166,8567.033893237654,961.2057828461918,1.2255464028414094,,240.47949242652817,True
"upper P(Y>0|c,k,r)",S-A,5.0,Bodily r=3,519,0.4913294797687861,0.4633516231725011,0.021888528966994093,1.2781972072437142,,240.47949242652817,True
"upper E[Y|c,k,r]",S-A,5.0,Bodily r=4,110,13972.509831242742,14305.267401708466,2809.099820637638,-0.1184570117519683,,73.25232692626025,True
"upper P(Y>0|c,k,r)",S-A,5.0,Bodily r=4,110,0.6181818181818182,0.6659302447841842,0.044971420608068684,-1.0617504618877678,,73.25232692626025,True
"upper E[Y|c,k,r]",S-A,5.0,Annuity r=1,2057,45361.14514441809,43899.77616578984,1675.4465775366061,0.8722265443860904,,1796.6665063589649,True
"upper P(Y>0|c,k,r)",S-A,5.0,Annuity r=1,2057,0.8726300437530384,0.873440207272224,0.007330731644428432,-0.11051605194160416,,1796.6665063589649,True
"upper E[Y|c,k,r]",S-A,5.0,Annuity r=2,840,45688.33574556094,46455.142672476795,2580.6487972819514,-0.2971372655293088,,816.2047643951682,True
"upper P(Y>0|c,k,r)",S-A,5.0,Annuity r=2,840,0.9702380952380952,0.9716723385656765,0.0057243428643429985,-0.25055161117534747,,816.2047643951682,True
"upper E[Y|c,k,r]",S-A,5.0,Annuity r=3,388,46513.10101900352,44283.80023928706,3614.2830745262413,0.6168030377666743,,377.8138198623587,True
"upper P(Y>0|c,k,r)",S-A,5.0,Annuity r=3,388,0.979381443298969,0.973746958408141,0.00811702731741985,0.6941562065136797,,377.8138198623587,True
"upper E[Y|c,k,r]",S-A,5.0,Annuity r=4,185,41415.53052876797,42097.26154705224,4977.976680817438,-0.13694941981373898,,180.02881333765202,True
"upper P(Y>0|c,k,r)",S-A,5.0,Annuity r=4,185,0.9621621621621622,0.973128720744065,0.011888948674245151,-0.9224161767692254,,180.02881333765202,True
"upper E[Y|c,k,r]",S-A,5.0,Annuity r=5,56,48668.79453751474,39092.36289378343,8542.650284619232,1.1210141261399131,,53.199999999999996,True
"upper P(Y>0|c,k,r)",S-A,5.0,Annuity r=5,56,0.9464285714285714,0.95,0.029124118625535888,-0.12262786789699268,,53.199999999999996,True
"upper P(c,r|k)",S-A,6.0,Material r=1,100726,0.7497766217262672,0.7499659500526781,0.0013644246500122486,-0.13876055845886226,,,
"upper P(c,r|k)",S-A,6.0,Material r=2,100726,9.927923277008915e-06,3.404840145664681e-05,1.8385276935310422e-05,-1.3119453280201918,,,
"upper P(c,r|k)",S-A,6.0,Technical r=1,100726,0.07022020133828406,0.06991091563390624,0.000803459471895457,0.38494250823650966,,,
"upper P(c,r|k)",S-A,6.0,Technical r=2,100726,0.00011913507932410698,8.897099431832468e-05,2.9718994223238347e-05,1.0149766435297434,,,
"upper P(c,r|k)",S-A,6.0,Bodily r=1,100726,0.12183547445545341,0.1216686595743657,0.0010300249807219304,0.16195226738168672,,,
"upper P(c,r|k)",S-A,6.0,Bodily r=2,100726,0.023052637849214703,0.022980241423546408,0.0004721262774785247,0.1533412333135472,,,
"upper P(c,r|k)",S-A,6.0,Bodily r=3,100726,0.004318646625498878,0.00434040695222504,0.0002071332753338112,-0.10505471267758963,,,
"upper P(c,r|k)",S-A,6.0,Bodily r=4,100726,0.0009232968647618291,0.0008197969796618488,9.017876294517003e-05,1.147719060671853,,,
"upper P(c,r|k)",S-A,6.0,Bodily r=5,100726,0.0001886305422631694,0.00015483964873804406,3.92045676905685e-05,0.8619121575788845,,,
"upper P(c,r|k)",S-A,6.0,Bodily r=6,100726,2.9783769831026745e-05,3.605542146292711e-05,1.891936975084682e-05,-0.33149368686658565,,,
"upper P(c,r|k)",S-A,6.0,Annuity r=1,100726,0.01711573972956337,0.016962053744787653,0.00040686802874108125,0.3777293223339446,,,
"upper P(c,r|k)",S-A,6.0,Annuity r=2,100726,0.006691420288704009,0.007371678170085491,0.0002695291369634112,-2.523875114377068,,,
"upper P(c,r|k)",S-A,6.0,Annuity r=3,100726,0.003266286758135933,0.0032037181264098907,0.00017805720834496836,0.35139622993988534,,,
"upper P(c,r|k)",S-A,6.0,Annuity r=4,100726,0.0015586839544903996,0.001392330158299392,0.00011748915218816699,1.4159077080118911,,,
"upper P(c,r|k)",S-A,6.0,Annuity r=5,100726,0.00043682862418839227,0.0006051041924472924,7.748414597416828e-05,-2.1717419240188827,,,
"upper P(c,r|k)",S-A,6.0,Annuity r=6,100726,0.0004566844707424101,0.00046511560797027937,6.793735598417313e-05,-0.12410163901334931,,,
upper P(a|k),S-A,6.0,AY 1,100726,0.1991144292436908,0.2,0.0012603442880107906,-0.7026419405660214,,,
upper P(a|k),S-A,6.0,AY 2,100726,0.1998788793360205,0.2,0.0012603442880107906,-0.0961012519608285,,,
upper P(a|k),S-A,6.0,AY 3,100726,0.2013283561344638,0.2,0.0012603442880107906,1.0539629108490178,,,
upper P(a|k),S-A,6.0,AY 4,100726,0.20047455473264103,0.2,0.0012603442880107906,0.3765278560432179,,,
upper P(a|k),S-A,6.0,AY 5,100726,0.19920378055318388,0.2,0.0012603442880107906,-0.6317475743654144,,,
upper E[Y|k],S-A,6.0,all,100726,1575.9419493934643,1534.7159505934112,47.99525868009508,0.8589598209031131,,,
upper E[oracle|k],S-A,6.0,all,100726,1526.7344570822793,1534.7159505934112,25.673144966937773,-0.3108888109115812,,,
upper P(Y>0|k),S-A,6.0,all,100726,0.04904394098842404,0.04938144541050153,0.0006826753920282438,-0.4943849243998091,,,
"upper E[Y|c,k,r]",S-A,6.0,Material r=1,75522,0.7025804146791775,0.6186414174461886,0.08907740545452646,0.9423152459895044,,169.1122838689358,True
"upper P(Y>0|c,k,r)",S-A,6.0,Material r=1,75522,0.0020126585630677154,0.0022392366336679652,0.0001719992149569177,-1.317320376473829,,169.1122838689358,True
"upper E[Y|c,k,r]",S-A,6.0,Technical r=1,7073,2.250405372474966,1.5948774717326863,0.467119158599679,1.4033419282296384,,40.83134269999086,True
"upper P(Y>0|c,k,r)",S-A,6.0,Technical r=1,7073,0.00607945709034356,0.0057728240628606466,0.0009008140407330968,0.3403954796634502,,40.83134269999086,True
"upper E[Y|c,k,r]",S-A,6.0,Bodily r=1,12272,1484.483882863712,1576.4648333305147,71.30168090268369,-1.2900249938334984,,1641.064699811134,True
"upper P(Y>0|c,k,r)",S-A,6.0,Bodily r=1,12272,0.13624511082138202,0.13372430735097213,0.00307238452827374,0.8204713463474705,,1641.064699811134,True
"upper E[Y|c,k,r]",S-A,6.0,Bodily r=2,2322,2907.790242410124,2721.0030193995535,229.8678048984605,0.812585403567411,,461.2835902541417,True
"upper P(Y>0|c,k,r)",S-A,6.0,Bodily r=2,2322,0.2062876830318691,0.198657876939768,0.008280008323799217,0.9214732393650804,,461.2835902541417,True
"upper E[Y|c,k,r]",S-A,6.0,Bodily r=3,435,5980.088550123106,4801.280392347446,748.4169374273484,1.5750687869622024,,131.2425027174796,True
"upper P(Y>0|c,k,r)",S-A,6.0,Bodily r=3,435,0.28045977011494255,0.3017069027988036,0.02200730534938456,-0.9654581670288501,,131.2425027174796,True
"upper E[Y|c,k,r]",S-A,6.0,Bodily r=4,93,7527.588745133378,8567.033893237654,2270.6938285751976,-0.4577654349624499,,43.09170095504262,True
"upper P(Y>0|c,k,r)",S-A,6.0,Bodily r=4,93,0.3763440860215054,0.4633516231725011,0.05170812382627547,-1.6826666819959706,,43.09170095504262,True
"upper E[Y|c,k,r]",S-A,6.0,Annuity r=1,1724,41895.1580746688,39578.866865857155,1823.556586662972,1.2702052822228858,,1291.386810361062,True
"upper P(Y>0|c,k,r)",S-A,6.0,Annuity r=1,1724,0.7389791183294664,0.7490642751514281,0.01044172278578057,-0.9658518071075036,,1291.386810361062,True
"upper E[Y|c,k,r]",S-A,6.0,Annuity r=2,674,43267.00701238438,43899.77616578984,2926.966705146524,-0.21618597584073898,,588.698699701479,True
"upper P(Y>0|c,k,r)",S-A,6.0,Annuity r=2,674,0.870919881305638,0.873440207272224,0.012806619879909147,-0.19679868616541643,,588.698699701479,True
"upper E[Y|c,k,r]",S-A,6.0,Annuity r=3,329,49800.40920123313,46455.142672476795,4123.543677907038,0.8112601175245154,,319.68019938810755,True
"upper P(Y>0|c,k,r)",S-A,6.0,Annuity r=3,329,0.9756838905775076,0.9716723385656765,0.009146761021218842,0.43857623507655236,,319.68019938810755,True
"upper E[Y|c,k,r]",S-A,6.0,Annuity r=4,157,51005.36953775646,44283.80023928706,5681.8295426429395,1.1829938311283472,,152.87827247007814,True
"upper P(Y>0|c,k,r)",S-A,6.0,Annuity r=4,157,0.9617834394904459,0.973746958408141,0.012760363441261779,-0.9375531482912142,,152.87827247007814,True
"upper P(c,r|k)",S-A,7.0,Material r=1,80661,0.750089882347107,0.7499659500526782,0.001524714567881607,0.08128229180693644,,,
"upper P(c,r|k)",S-A,7.0,Material r=2,80661,1.2397565118210784e-05,3.404840145664682e-05,2.0545143022411575e-05,-1.0538177473292991,,,
"upper P(c,r|k)",S-A,7.0,Technical r=1,80661,0.0700214477876545,0.06991091563390624,0.0008978483066034232,0.12310782671787239,,,
"upper P(c,r|k)",S-A,7.0,Technical r=2,80661,0.00013637321630031863,8.89709943183247e-05,3.3210323072478975e-05,1.4273339611464249,,,
"upper P(c,r|k)",S-A,7.0,Bodily r=1,80661,0.12166970407012064,0.12166865957436576,0.001151030284724481,0.0009074441990989229,,,
"upper P(c,r|k)",S-A,7.0,Bodily r=2,80661,0.023319819987354485,0.02298024142354641,0.0005275907417421389,0.6436401114370619,,,
"upper P(c,r|k)",S-A,7.0,Bodily r=3,80661,0.004413533182083039,0.004340406952225039,0.00023146688414905046,0.3159252353823157,,,
"upper P(c,r|k)",S-A,7.0,Bodily r=4,80661,0.0008802271233929656,0.0008197969796618491,0.00010077278622517447,0.5996672910887546,,,
"upper P(c,r|k)",S-A,7.0,Bodily r=5,80661,0.00017356591165495098,0.0001548396487380441,4.381024300958925e-05,0.427440288628576,,,
"upper P(c,r|k)",S-A,7.0,Bodily r=6,80661,3.719269535463235e-05,3.605542146292712e-05,2.1141980008933288e-05,0.05379221299162566,,,
"upper P(c,r|k)",S-A,7.0,Annuity r=1,80661,0.01695986908171235,0.016962053744787656,0.00045466608260209156,-0.004804983610832471,,,
"upper P(c,r|k)",S-A,7.0,Annuity r=2,80661,0.006694685163833823,0.007371678170085491,0.0003011928885871278,-2.2477058121371614,,,
"upper P(c,r|k)",S-A,7.0,Annuity r=3,80661,0.0030621985841980635,0.003203718126409891,0.00019897501813490877,-0.7112427657419516,,,
"upper P(c,r|k)",S-A,7.0,Annuity r=4,80661,0.0016488761607220343,0.0013923301582993923,0.00013129154615298784,1.954017680039361,,,
"upper P(c,r|k)",S-A,7.0,Annuity r=5,80661,0.0004463123442555882,0.0006051041924472926,8.65868306803302e-05,-1.8339029959180257,,,
"upper P(c,r|k)",S-A,7.0,Annuity r=6,80661,0.0004339147791373774,0.0004651156079702795,7.591850262416291e-05,-0.4109779270458318,,,
upper P(a|k),S-A,7.0,AY 1,80661,0.24864556601083548,0.25,0.0015246453553743318,-0.8883600270647771,,,
upper P(a|k),S-A,7.0,AY 2,80661,0.2496001785249377,0.25,0.0015246453553743318,-0.26223900112438503,,,
upper P(a|k),S-A,7.0,AY 3,80661,0.25141022303219646,0.25,0.0015246453553743318,0.9249515155937611,,,
upper P(a|k),S-A,7.0,AY 4,80661,0.25034403243203035,0.25,0.0015246453553743318,0.22564751259540106,,,
upper E[Y|k],S-A,7.0,all,80661,1283.9307209166004,1309.148184260707,51.90100933166078,-0.4858761644298769,,,
upper E[oracle|k],S-A,7.0,all,80661,1291.8304475136015,1309.148184260707,26.35566778049059,-0.6570782759647903,,,
upper P(Y>0|k),S-A,7.0,all,80661,0.03638685362194865,0.03755384555028529,0.0006693967935596285,-1.743348548371392,,,
"upper E[Y|c,k,r]",S-A,7.0,Material r=1,60503,0.11258479973897133,0.1124546273215364,0.033069566027328065,0.0039363207042801725,,40.69912975385224,True
"upper P(Y>0|c,k,r)",S-A,7.0,Material r=1,60503,0.0006280680296844785,0.000672660363095819,0.00010540551839661776,-0.4230550173241346,,40.69912975385224,True
"upper E[Y|c,k,r]",S-A,7.0,Technical r=1,5648,0.15516322146764824,0.3906155193151668,0.21199620559575355,-1.1106439249035072,,11.934341867007912,True
"upper P(Y>0|c,k,r)",S-A,7.0,Technical r=1,5648,0.0017705382436260624,0.0021129798501501257,0.0006109997331591072,-0.5604611392438856,,11.934341867007912,True
"upper E[Y|c,k,r]",S-A,7.0,Bodily r=1,9814,835.8007763140887,927.9225589454875,57.10771510798749,-1.6131232436318221,,897.4990358748726,True
"upper P(Y>0|c,k,r)",S-A,7.0,Bodily r=1,9814,0.08895455471775016,0.09145089014416813,0.0029096794401212056,-0.8579417347479299,,897.4990358748726,True
"upper E[Y|c,k,r]",S-A,7.0,Bodily r=2,1881,1586.5142942785228,1576.4648333305147,182.1222653868283,0.05517974931106325,,251.5354221271792,True
"upper P(Y>0|c,k,r)",S-A,7.0,Bodily r=2,1881,0.12971823498139287,0.13372430735097213,0.007847635895040936,-0.5104814269110989,,251.5354221271792,True
"upper E[Y|c,k,r]",S-A,7.0,Bodily r=3,356,2930.6299849728152,2721.0030193995535,587.0623886470069,0.3570778329989519,,70.72220419055746,True
"upper P(Y>0|c,k,r)",S-A,7.0,Bodily r=3,356,0.20224719101123595,0.198657876939768,0.021146421382210807,0.1697362407848083,,70.72220419055746,True
"upper E[Y|c,k,r]",S-A,7.0,Bodily r=4,71,4209.903111037981,4801.280392347446,1852.503604068788,-0.3192313796370382,,21.421190098715062,True
"upper P(Y>0|c,k,r)",S-A,7.0,Bodily r=4,71,0.2535211267605634,0.3017069027988036,0.05447312913002423,-0.8845788154233535,,21.421190098715062,True
"upper E[Y|c,k,r]",S-A,7.0,Annuity r=1,1368,36725.92198065124,35305.78507315663,2023.0174248024439,0.701989458955498,,869.5059818632573,True
"upper P(Y>0|c,k,r)",S-A,7.0,Annuity r=1,1368,0.6352339181286549,0.6356037879117378,0.013011792129938906,-0.02842573716127911,,869.5059818632573,True
"upper E[Y|c,k,r]",S-A,7.0,Annuity r=2,540,38071.57901912923,39578.866865857155,3258.2994511138418,-0.4625995459725655,,404.4947085817712,True
"upper P(Y>0|c,k,r)",S-A,7.0,Annuity r=2,540,0.7222222222222222,0.7490642751514281,0.01865709014484215,-1.4387052172027246,,404.4947085817712,True
"upper E[Y|c,k,r]",S-A,7.0,Annuity r=3,247,44488.012710754134,43899.77616578984,4835.030899635599,0.12166138276564689,,215.73973119623935,True
"upper P(Y>0|c,k,r)",S-A,7.0,Annuity r=3,247,0.8744939271255061,0.873440207272224,0.021155144242116872,0.04980915474848235,,215.73973119623935,True
"upper E[Y|c,k,r]",S-A,7.0,Annuity r=4,133,49664.84183832848,46455.142672476795,6485.489008018853,0.49490472682678466,,129.23242102923498,True
"upper P(Y>0|c,k,r)",S-A,7.0,Annuity r=4,133,0.9624060150375939,0.9716723385656765,0.014385980286790463,-0.6441218007639767,,129.23242102923498,True
"upper P(c,r|k)",S-A,8.0,Material r=1,60468,0.7499338493087253,0.7499659500526781,0.0017609926711298575,-0.018228777711038084,,,
"upper P(c,r|k)",S-A,8.0,Material r=2,60468,1.6537672818680955e-05,3.4048401456646806e-05,2.372893068113641e-05,-0.7379484930556188,,,
"upper P(c,r|k)",S-A,8.0,Technical r=1,60468,0.06959052722100946,0.06991091563390622,0.0010369837876683507,-0.3089618340293901,,,
"upper P(c,r|k)",S-A,8.0,Technical r=2,60468,0.00013230138254944764,8.897099431832468e-05,3.8356776257306315e-05,1.1296671008129693,,,
"upper P(c,r|k)",S-A,8.0,Bodily r=1,60468,0.12201495005622809,0.1216686595743657,0.00132940022896516,0.26048625110584345,,,
"upper P(c,r|k)",S-A,8.0,Bodily r=2,60468,0.023235430310246743,0.02298024142354641,0.000609349086796431,0.41878931507381134,,,
"upper P(c,r|k)",S-A,8.0,Bodily r=3,60468,0.004349407951313091,0.004340406952225038,0.00026733625767219165,0.03366920434373046,,,
"upper P(c,r|k)",S-A,8.0,Bodily r=4,60468,0.0009261096778461335,0.0008197969796618488,0.00011638908798413717,0.913424961271061,,,
"upper P(c,r|k)",S-A,8.0,Bodily r=5,60468,0.00021498974664285243,0.00015483964873804406,5.059931772508344e-05,1.1887531415268537,,,
"upper P(c,r|k)",S-A,8.0,Bodily r=6,60468,3.307534563736191e-05,3.6055421462927105e-05,2.441825678929069e-05,-0.12204293907139965,,,
"upper P(c,r|k)",S-A,8.0,Annuity r=1,60468,0.01718264205860951,0.016962053744787653,0.0005251236238832714,0.4200693013782473,,,
"upper P(c,r|k)",S-A,8.0,Annuity r=2,60468,0.006730832837203149,0.007371678170085489,0.0003478673848675057,-1.8422116035006335,,,
"upper P(c,r|k)",S-A,8.0,Annuity r=3,60468,0.0031090824899120194,0.00320371812640989,0.00022980927450593665,-0.41180077131928533,,,
"upper P(c,r|k)",S-A,8.0,Annuity r=4,60468,0.0016372296090494147,0.001392330158299392,0.00015163720176029156,1.6150354128610211,,,
"upper P(c,r|k)",S-A,8.0,Annuity r=5,60468,0.0004465171661043858,0.0006051041924472924,0.00010000479923024072,-1.5857941575163035,,,
"upper P(c,r|k)",S-A,8.0,Annuity r=6,60468,0.0004465171661043858,0.0004651156079702793,8.768324874737131e-05,-0.2121094066607689,,,
upper P(a|k),S-A,8.0,AY 1,60468,0.33167956605146526,0.3333333333333333,0.0019170389678228566,-0.8626675355202854,,,
upper P(a|k),S-A,8.0,AY 2,60468,0.3329529668585037,0.3333333333333333,0.0019170389678228566,-0.19841353316966565,,,
upper P(a|k),S-A,8.0,AY 3,60468,0.33536746709003107,0.3333333333333333,0.0019170389678228566,1.061081068689951,,,
upper E[Y|k],S-A,8.0,all,60468,1076.4623727263838,1130.8103570432884,58.02836546703,-0.9365761706278539,,,
upper E[oracle|k],S-A,8.0,all,60468,1128.9135981440131,1130.8103570432884,27.851700243804473,-0.06810208650357652,,,
upper P(Y>0|k),S-A,8.0,all,60468,0.029040153469603758,0.029309646492522934,0.0006859348127614206,-0.39288430606730296,,,
"upper E[Y|c,k,r]",S-A,8.0,Material r=1,45347,0.01808948709707004,0.020447883766051528,0.012696953064566396,-0.18574508836794118,,9.180439403244423,True
"upper P(Y>0|c,k,r)",S-A,8.0,Material r=1,45347,0.00024257392991818642,0.00020241357409023485,6.680386323717368e-05,0.6011681642627509,,9.180439403244423,True
"upper E[Y|c,k,r]",S-A,8.0,Technical r=1,4208,0.05273922090801106,0.09589305014988456,0.09970809265263736,-0.43280167229968614,,3.2650653493397517,False
"upper P(Y>0|c,k,r)",S-A,8.0,Technical r=1,4208,0.0007129277566539924,0.0007758517489399153,0.0004292229812509241,-0.14659977455665985,,3.2650653493397517,False
"upper E[Y|c,k,r]",S-A,8.0,Bodily r=1,7378,484.3484729359998,551.6542036090219,47.31020044173051,-1.4226473370350454,,466.0504008445156,True
"upper P(Y>0|c,k,r)",S-A,8.0,Bodily r=1,7378,0.05868799132556248,0.06316757940424317,0.002832101068939065,-1.5817190028316284,,466.0504008445156,True
"upper E[Y|c,k,r]",S-A,8.0,Bodily r=2,1405,1045.8393805371802,927.9225589454875,150.93141686668878,0.7812609464591694,,128.48850065255715,True
"upper P(Y>0|c,k,r)",S-A,8.0,Bodily r=2,1405,0.100355871886121,0.09145089014416813,0.007690064988503505,1.1579852387808995,,128.48850065255715,True
"upper E[Y|c,k,r]",S-A,8.0,Bodily r=3,263,1862.6368697907178,1576.4648333305147,487.05675090692455,0.5875537828545363,,35.16949283330576,True
"upper P(Y>0|c,k,r)",S-A,8.0,Bodily r=3,263,0.17110266159695817,0.13372430735097213,0.02098724191257304,1.78100364029222,,35.16949283330576,True
"upper E[Y|c,k,r]",S-A,8.0,Bodily r=4,56,1357.1032412383133,2721.0030193995535,1480.1824232792994,-0.921440328374905,,11.124841108627017,True
"upper P(Y>0|c,k,r)",S-A,8.0,Bodily r=4,56,0.125,0.198657876939768,0.05331726550791967,-1.3815013999325785,,11.124841108627017,True
"upper E[Y|c,k,r]",S-A,8.0,Annuity r=1,1039,30663.03968046853,31560.281601876824,2287.4853713239504,-0.39223941392420325,,561.5415745723898,True
"upper P(Y>0|c,k,r)",S-A,8.0,Annuity r=1,1039,0.5514918190567853,0.5404634981447447,0.015460922995190956,0.7133028807834403,,561.5415745723898,True
"upper E[Y|c,k,r]",S-A,8.0,Annuity r=2,407,34148.3532863082,35305.78507315663,3708.9029343616835,-0.3120685030943327,,258.6907416800773,True
"upper P(Y>0|c,k,r)",S-A,8.0,Annuity r=2,407,0.6265356265356266,0.6356037879117378,0.023855194434001185,-0.38013361832784826,,258.6907416800773,True
"upper E[Y|c,k,r]",S-A,8.0,Annuity r=3,188,41715.48438115186,39578.866865857155,5522.159551495987,0.3869170195772197,,140.82408372846848,True
"upper P(Y>0|c,k,r)",S-A,8.0,Annuity r=3,188,0.776595744680851,0.7490642751514281,0.03161999996999725,0.870697961908482,,140.82408372846848,True
"upper E[Y|c,k,r]",S-A,8.0,Annuity r=4,99,39346.07138200184,43899.77616578984,7637.129120229355,-0.5962587134642081,,86.47058051995018,True
"upper P(Y>0|c,k,r)",S-A,8.0,Annuity r=4,99,0.8181818181818182,0.873440207272224,0.03341541584487076,-1.6536795276449607,,86.47058051995018,True
"upper P(c,r|k)",S-A,9.0,Material r=1,40189,0.7476423897086267,0.7499659500526782,0.002160064655418996,-1.0756901828018564,,,
"upper P(c,r|k)",S-A,9.0,Material r=2,40189,2.4882430515812785e-05,3.404840145664682e-05,2.9106324697151736e-05,-0.31491337488346616,,,
"upper P(c,r|k)",S-A,9.0,Technical r=1,40189,0.0702431013461395,0.06991091563390624,0.0012719825952187311,0.2611558628883072,,,
"upper P(c,r|k)",S-A,9.0,Technical r=2,40189,0.0001741770136106895,8.897099431832471e-05,4.7049097959086416e-05,1.8110021868317088,,,
"upper P(c,r|k)",S-A,9.0,Bodily r=1,40189,0.12289432431759935,0.12166865957436576,0.001630665757201104,0.7516345626447243,,,
"upper P(c,r|k)",S-A,9.0,Bodily r=2,40189,0.023389484684864018,0.022980241423546415,0.00074743833224264,0.5475277941521884,,,
"upper P(c,r|k)",S-A,9.0,Bodily r=3,40189,0.004453955062330489,0.00434040695222504,0.0003279193666031469,0.34626838689544714,,,
"upper P(c,r|k)",S-A,9.0,Bodily r=4,40189,0.0010450620816641369,0.0008197969796618491,0.00014276490717572522,1.577874468303443,,,
"upper P(c,r|k)",S-A,9.0,Bodily r=5,40189,0.0001741770136106895,0.00015483964873804406,6.206601515050196e-05,0.31156124371372734,,,
"upper P(c,r|k)",S-A,9.0,Bodily r=6,40189,4.976486103162557e-05,3.605542146292712e-05,2.995186425372823e-05,0.45771573523981834,,,
"upper P(c,r|k)",S-A,9.0,Annuity r=1,40189,0.017467466222100575,0.016962053744787653,0.0006441258946001306,0.7846485936210966,,,
"upper P(c,r|k)",S-A,9.0,Annuity r=2,40189,0.006668491378237826,0.007371678170085492,0.00042670026692571397,-1.6479642652065336,,,
"upper P(c,r|k)",S-A,9.0,Annuity r=3,40189,0.0031849511060240364,0.003203718126409891,0.0002818881074781885,-0.06657613389137579,,,
"upper P(c,r|k)",S-A,9.0,Annuity r=4,40189,0.0017168877055910821,0.0013923301582993923,0.0001860008649319878,1.744924935754283,,,
"upper P(c,r|k)",S-A,9.0,Annuity r=5,40189,0.0003732364577371918,0.0006051041924472926,0.0001226676497471843,-1.8902109495696366,,,
"upper P(c,r|k)",S-A,9.0,Annuity r=6,40189,0.0004976486103162557,0.0004651156079702795,0.00010755381870498547,0.3024811460689514,,,
upper P(a|k),S-A,9.0,AY 1,40189,0.4990420264251412,0.5,0.002494114598199769,-0.3840936481227644,,,
upper P(a|k),S-A,9.0,AY 2,40189,0.5009579735748588,0.5,0.002494114598199769,0.3840936481227644,,,
upper E[Y|k],S-A,9.0,all,40189,1034.2383971322577,988.912570287042,69.03925589202196,0.6565225285177716,,,
upper E[oracle|k],S-A,9.0,all,40189,1007.2985270514284,988.912570287042,31.22196782544251,0.5888788582186654,,,
upper P(Y>0|k),S-A,9.0,all,40189,0.023912015725696085,0.023289196865523335,0.0007523270057846458,0.8278565775040543,,,
"upper E[Y|c,k,r]",S-A,9.0,Material r=1,30047,0.0,0.003710638014436982,0.0051822707170852194,-0.7160255063872926,,1.831726207298428,False
"upper P(Y>0|c,k,r)",S-A,9.0,Material r=1,30047,0.0,6.090884006623094e-05,4.502216542866343e-05,-1.352863405975876,,1.831726207298428,False
"upper E[Y|c,k,r]",S-A,9.0,Technical r=1,2823,0.0,0.023537118333592722,0.04942468837703651,-0.4762218863989528,,0.8052716402375287,False
"upper P(Y>0|c,k,r)",S-A,9.0,Technical r=1,2823,0.0,0.00028515733288587985,0.00031777878702870393,-0.8973454004030876,,0.8052716402375287,False
"upper E[Y|c,k,r]",S-A,9.0,Bodily r=1,4939,301.7745858184547,330.06424155696357,41.61180325834277,-0.6798469069671255,,216.87876217600393,True
"upper P(Y>0|c,k,r)",S-A,9.0,Bodily r=1,4939,0.04596072079368293,0.04391147239845952,0.0029155368859124014,0.7028717095383634,,216.87876217600393,True
"upper E[Y|c,k,r]",S-A,9.0,Bodily r=2,940,284.107915255042,551.6542036090219,132.54403473716866,-2.018546431640754,,59.377524639989794,True
"upper P(Y>0|c,k,r)",S-A,9.0,Bodily r=2,940,0.04893617021276596,0.06316757940424317,0.007934401016181815,-1.7936337175866155,,59.377524639989794,True
"upper E[Y|c,k,r]",S-A,9.0,Bodily r=3,179,1615.4834053203683,927.9225589454875,422.8548300053026,1.625997381574804,,16.369709335806213,True
"upper P(Y>0|c,k,r)",S-A,9.0,Bodily r=3,179,0.12849162011173185,0.09145089014416813,0.021544759805147376,1.7192454361321825,,16.369709335806213,True
"upper E[Y|c,k,r]",S-A,9.0,Annuity r=1,702,35606.114836393215,28364.390436812744,2740.741755279928,2.6422498163606924,,324.35528480308386,True
"upper P(Y>0|c,k,r)",S-A,9.0,Annuity r=1,702,0.46438746438746437,0.46204456524655824,0.01881683283570263,0.12451081227977781,,324.35528480308386,True
"upper E[Y|c,k,r]",S-A,9.0,Annuity r=2,268,27999.341915250363,31560.281601876824,4504.003321945557,-0.790616576430115,,144.8442175027916,True
"upper P(Y>0|c,k,r)",S-A,9.0,Annuity r=2,268,0.6044776119402985,0.5404634981447447,0.030442183107986645,2.102809564231265,,144.8442175027916,True
"upper E[Y|c,k,r]",S-A,9.0,Annuity r=3,128,27635.67475320022,35305.78507315663,6613.596386801811,-1.1597487768172539,,81.35728485270243,True
"upper P(Y>0|c,k,r)",S-A,9.0,Annuity r=3,128,0.6484375,0.6356037879117378,0.042537815226571164,0.3017012514607397,,81.35728485270243,True
"upper E[Y|c,k,r]",S-A,9.0,Annuity r=4,69,36919.0288325155,39578.866865857155,9115.139714551298,-0.2918044173360858,,51.685434985448545,True
"upper P(Y>0|c,k,r)",S-A,9.0,Annuity r=4,69,0.782608695652174,0.7490642751514281,0.05219347880351483,0.6426937094387898,,51.685434985448545,True
"upper P(c,r|k)",S-A,10.0,Material r=1,20056,0.747856003191065,0.7499659500526782,0.0030577233538710523,-0.6900385082064413,,,
"upper P(c,r|k)",S-A,10.0,Material r=2,20056,4.9860390905464696e-05,3.404840145664682e-05,4.120204853524218e-05,0.3837670701080091,,,
"upper P(c,r|k)",S-A,10.0,Technical r=1,20056,0.07164938173115278,0.06991091563390624,0.001800580773061808,0.9655029772923516,,,
"upper P(c,r|k)",S-A,10.0,Technical r=2,20056,0.0001495811727163941,8.89709943183247e-05,6.660130531146518e-05,0.9100449024928582,,,
"upper P(c,r|k)",S-A,10.0,Bodily r=1,20056,0.1202134024730754,0.12166865957436575,0.0023083220012154963,-0.6304393843337518,,,
"upper P(c,r|k)",S-A,10.0,Bodily r=2,20056,0.024232149980055843,0.022980241423546415,0.0010580514978304812,1.1832208158832052,,,
"upper P(c,r|k)",S-A,10.0,Bodily r=3,20056,0.004786597526924611,0.00434040695222504,0.0004641929133619154,0.9612179804039609,,,
"upper P(c,r|k)",S-A,10.0,Bodily r=4,20056,0.000997207818109294,0.0008197969796618492,0.00020209376126279494,0.8778640040092414,,,
"upper P(c,r|k)",S-A,10.0,Bodily r=5,20056,0.0001495811727163941,0.00015483964873804412,8.785880715713667e-05,-0.05985143882326062,,,
"upper P(c,r|k)",S-A,10.0,Bodily r=6,20056,4.9860390905464696e-05,3.605542146292712e-05,4.239896921179675e-05,0.3255968175447199,,,
"upper P(c,r|k)",S-A,10.0,Annuity r=1,20056,0.017700438771439966,0.016962053744787656,0.0009118054803641334,0.8098054273126695,,,
"upper P(c,r|k)",S-A,10.0,Annuity r=2,20056,0.006531711208615875,0.007371678170085492,0.0006040242212234539,-1.3906180115894358,,,
"upper P(c,r|k)",S-A,10.0,Annuity r=3,20056,0.002941763063422417,0.0032037181264098916,0.00039903243046554896,-0.6564756219985753,,,
"upper P(c,r|k)",S-A,10.0,Annuity r=4,20056,0.0019445552453131233,0.0013923301582993923,0.00026329729858592303,2.097344294755538,,,
"upper P(c,r|k)",S-A,10.0,Annuity r=5,20056,0.0001495811727163941,0.0006051041924472927,0.0001736446807068761,-2.6233053490411957,,,
"upper P(c,r|k)",S-A,10.0,Annuity r=6,20056,0.0005983246908655763,0.0004651156079702795,0.0001522499904932036,0.874936559692221,,,
upper P(a|k),S-A,10.0,AY 1,20056,1.0,1.0,0.0,,,,
upper E[Y|k],S-A,10.0,all,20056,1097.8298862443169,873.6861731399038,94.98991672028063,2.3596579599543723,,,
upper E[oracle|k],S-A,10.0,all,20056,913.5658484906061,873.6861731399038,40.532905726249254,0.9838839490077834,,,
upper P(Y>0|k),S-A,10.0,all,20056,0.018398484244116473,0.018755395830937945,0.0009579207867323414,-0.3725898756607713,,,
"upper E[Y|c,k,r]",S-A,10.0,Material r=1,14999,0.0019990117033284933,0.0006706153781789755,0.002434222974439585,0.5457167807132975,,0.2753833302057425,False
"upper P(Y>0|c,k,r)",S-A,10.0,Material r=1,14999,6.667111140742716e-05,1.8293186789847508e-05,3.4922840428529655e-05,1.3852803501647042,,0.2753833302057425,False
"upper E[Y|c,k,r]",S-A,10.0,Technical r=1,1437,0.0,0.005768195182264402,0.028114849286894315,-0.2051654313848033,,0.15076040462878057,False
"upper P(Y>0|c,k,r)",S-A,10.0,Technical r=1,1437,0.0,0.00010478962680699215,0.00027002750696387035,-0.3880701932378059,,0.15076040462878057,False
"upper E[Y|c,k,r]",S-A,10.0,Bodily r=1,2411,282.1879917362655,198.32134607643545,42.91275349212649,1.9543524671568242,,73.9094070468058,True
"upper P(Y>0|c,k,r)",S-A,10.0,Bodily r=1,2411,0.03442554956449606,0.030655083802071464,0.00351068462383946,1.073997287258753,,73.9094070468058,True
"upper E[Y|c,k,r]",S-A,10.0,Bodily r=2,486,582.8782010905924,330.06424155696357,132.6532561903452,1.9058255092574892,,21.340975585652544,True
"upper P(Y>0|c,k,r)",S-A,10.0,Bodily r=2,486,0.043209876543209874,0.04391147239845952,0.009294369173530066,-0.07548611876185861,,21.340975585652544,True
"upper E[Y|c,k,r]",S-A,10.0,Bodily r=3,96,663.7179695213182,551.6542036090219,414.7520076772698,0.27019463158210016,,6.0640876228074685,True
"upper P(Y>0|c,k,r)",S-A,10.0,Bodily r=3,96,0.07291666666666667,0.06316757940424317,0.024828041169137224,0.3926643747692112,,6.0640876228074685,True
"upper E[Y|c,k,r]",S-A,10.0,Annuity r=1,355,28093.436494692007,25630.444415650334,3796.429532328454,0.6487653881280004,,140.98724754769177,True
"upper P(Y>0|c,k,r)",S-A,10.0,Annuity r=1,355,0.3436619718309859,0.397147176190681,0.025969716742827092,-2.0595220536807695,,140.98724754769177,True
"upper E[Y|c,k,r]",S-A,10.0,Annuity r=2,131,46500.21932779998,28364.390436812744,6344.552925576431,2.858488076894641,,60.52783804729913,True
"upper P(Y>0|c,k,r)",S-A,10.0,Annuity r=2,131,0.48854961832061067,0.46204456524655824,0.04355915386331113,0.6084841123687902,,60.52783804729913,True
"upper E[Y|c,k,r]",S-A,10.0,Annuity r=3,59,37013.86635538966,31560.281601876824,9599.311687592892,0.568122479089995,,31.88734639053994,True
"upper P(Y>0|c,k,r)",S-A,10.0,Annuity r=3,59,0.5254237288135594,0.5404634981447447,0.0648809477294323,-0.23180563566833912,,31.88734639053994,True
"lower P(c,r|k)",S-A,2.0,Material r=1,18991,0.7865831183192038,0.7824309024563161,0.002993971663672615,1.3868587713333234,,,
"lower P(c,r|k)",S-A,2.0,Technical r=1,18991,0.06961192143646991,0.07293725909441946,0.001886928161006334,-1.7623022045397276,,,
"lower P(c,r|k)",S-A,2.0,Bodily r=1,18991,0.126744247275025,0.12693552167899697,0.0024156879258676748,-0.07918009686754608,,,
"lower P(c,r|k)",S-A,2.0,Annuity r=1,18991,0.01706071296930125,0.01769631677026741,0.000956732244683513,-0.6643486769659547,,,
lower P(a|k),S-A,2.0,AY 10,18991,1.0,1.0,0.0,,,,
lower E[Y|k],S-A,2.0,all,18991,3064.5786053632514,3235.191219720818,113.09337137458226,-1.5085995959256706,,,
lower E[oracle|k],S-A,2.0,all,18991,3199.97375165252,3235.191219720818,56.58109187518991,-0.6224246811281542,,,
lower P(Y>0|k),S-A,2.0,all,18991,0.4399978937391396,0.4417924751241826,0.0036035710034676522,-0.49800083953281926,,,
"lower E[Y|c,k,r]",S-A,2.0,Material r=1,14938,795.0723637639273,804.8974084468763,18.493826598982395,-0.5312607766901825,,5871.507074495541,True
"lower P(Y>0|c,k,r)",S-A,2.0,Material r=1,14938,0.39014593653768914,0.3930584464702435,0.003996278762828881,-0.7288054976657011,,5871.507074495541,True
"lower E[Y|c,k,r]",S-A,2.0,Technical r=1,1322,600.3481218371599,611.5058162028361,43.98957207179376,-0.25364407608844536,,589.0752324631983,True
"lower P(Y>0|c,k,r)",S-A,2.0,Technical r=1,1322,0.4394856278366112,0.4455939723246926,0.013669980587151416,-0.44684368416899617,,589.0752324631983,True
"lower E[Y|c,k,r]",S-A,2.0,Bodily r=1,2407,14006.538495738228,14305.267401708466,600.5172255669437,-0.49745268453908265,,1602.8940991955312,True
"lower P(Y>0|c,k,r)",S-A,2.0,Bodily r=1,2407,0.6780224345658497,0.6659302447841842,0.009613796040623205,1.2577955399271836,,1602.8940991955312,True
"lower E[Y|c,k,r]",S-A,2.0,Annuity r=1,324,36466.737494559646,42097.26154705224,3761.5446120728407,-1.4968648874776564,,315.2937055210771,True
"lower P(Y>0|c,k,r)",S-A,2.0,Annuity r=1,324,0.9722222222222222,0.973128720744065,0.008983732487367488,-0.10090444290471089,,315.2937055210771,True
"lower P(c,r|k)",S-A,3.0,Material r=1,38715,0.7739377502260106,0.7701871770312148,0.002138186773951772,1.7540905408670526,,,
"lower P(c,r|k)",S-A,3.0,Technical r=1,38715,0.07020534676481983,0.07179591387044117,0.0013119943660828241,-1.212327694950577,,,
"lower P(c,r|k)",S-A,3.0,Technical r=2,38715,2.582978173834431e-05,4.568495339480249e-05,3.435081462192895e-05,-0.578011667990633,,,
"lower P(c,r|k)",S-A,3.0,Bodily r=1,38715,0.1225364845667054,0.12494919461899644,0.001680520184952587,-1.435692396850972,,,
"lower P(c,r|k)",S-A,3.0,Bodily r=2,38715,0.012294976107451892,0.011799927228865392,0.0005488105778869343,0.902039608078563,,,
"lower P(c,r|k)",S-A,3.0,Annuity r=1,38715,0.017021826165568903,0.017419399226634394,0.0006649072176554713,-0.5979376528162443,,,
"lower P(c,r|k)",S-A,3.0,Annuity r=2,38715,0.003977786387705024,0.003785219848582445,0.0003120918394753198,0.6170188219157423,,,
lower P(a|k),S-A,3.0,AY 9,38715,0.5094666150071032,0.5078241576263566,0.002540839271068936,0.6464231718425804,,,
lower P(a|k),S-A,3.0,AY 10,38715,0.49053338499289684,0.4921758423736434,0.0025408392710689356,-0.6464231718425805,,,
lower E[Y|k],S-A,3.0,all,38715,2221.9007123391866,2272.741636674166,75.9839439202021,-0.669100887792454,,,
lower E[oracle|k],S-A,3.0,all,38715,2249.1060702047616,2272.741636674166,40.24133754178205,-0.5873454490637579,,,
lower P(Y>0|k),S-A,3.0,all,38715,0.17099315510783933,0.17176643069996503,0.0019169285615336536,-0.40339301507774206,,,
"lower E[Y|c,k,r]",S-A,3.0,Material r=1,29963,120.6506369475584,121.29911007888214,4.132013430128377,-0.1569387762865023,,2927.1458145125116,True
"lower P(Y>0|c,k,r)",S-A,3.0,Material r=1,29963,0.09691953409204686,0.09769201366929797,0.0017151980896341877,-0.4503733894758865,,2927.1458145125116,True
"lower E[Y|c,k,r]",S-A,3.0,Technical r=1,2718,120.22048748798154,129.35169994958903,12.117355296372363,-0.753564803397417,,382.3259480269947,True
"lower P(Y>0|c,k,r)",S-A,3.0,Technical r=1,2718,0.13723325974981604,0.14066443797721412,0.006668817364615207,-0.5145107505273628,,382.3259480269947,True
"lower E[Y|c,k,r]",S-A,3.0,Bodily r=1,4744,8724.224161620086,8567.033893237654,317.92722085991704,0.4944221761108402,,2198.1401003303463,True
"lower P(Y>0|c,k,r)",S-A,3.0,Bodily r=1,4744,0.4732293423271501,0.4633516231725011,0.007239822426559171,1.3643593133462384,,2198.1401003303463,True
"lower E[Y|c,k,r]",S-A,3.0,Bodily r=2,476,13440.731522635608,14305.267401708466,1350.3925652805285,-0.6402107811466374,,316.98279651727165,True
"lower P(Y>0|c,k,r)",S-A,3.0,Bodily r=2,476,0.6491596638655462,0.6659302447841842,0.021618694926068736,-0.7757443719886739,,316.98279651727165,True
"lower E[Y|c,k,r]",S-A,3.0,Annuity r=1,659,40264.21609705172,44283.80023928706,2773.290215837149,-1.449391816002922,,641.6992455909649,True
"lower P(Y>0|c,k,r)",S-A,3.0,Annuity r=1,659,0.9681335356600911,0.973746958408141,0.006228309176926892,-0.9012755450299589,,641.6992455909649,True
"lower E[Y|c,k,r]",S-A,3.0,Annuity r=2,154,50386.01118767705,42097.26154705224,5456.050251505624,1.5191849888731301,,149.86182299458602,True
"lower P(Y>0|c,k,r)",S-A,3.0,Annuity r=2,154,0.9805194805194806,0.973128720744065,0.01303073629376683,0.5671789842720486,,149.86182299458602,True
"lower P(c,r|k)",S-A,4.0,Material r=1,58559,0.7677726737136905,0.7642272313941062,0.0017541278753405048,2.021199462950268,,,
"lower P(c,r|k)",S-A,4.0,Technical r=1,58559,0.06895609556174115,0.07124033497170676,0.001062962206870799,-2.1489375588338877,,,
"lower P(c,r|k)",S-A,4.0,Technical r=2,58559,5.123038303249714e-05,6.044190553584295e-05,3.212618255023592e-05,-0.28672944533455513,,,
"lower P(c,r|k)",S-A,4.0,Bodily r=1,58559,0.12406291091036391,0.1239822992596109,0.0013618819313798425,0.05919136519516815,,,
"lower P(c,r|k)",S-A,4.0,Bodily r=2,58559,0.015505729264502468,0.015611487675897333,0.0005122814001454998,-0.20644593257695562,,,
"lower P(c,r|k)",S-A,4.0,Bodily r=3,58559,0.0012807595758124286,0.0014743145729881383,0.00015855424492031302,-1.2207493862620173,,,
"lower P(c,r|k)",S-A,4.0,Annuity r=1,58559,0.01641079936474325,0.017284602549257844,0.0005385756984113865,-1.6224333684048735,,,
"lower P(c,r|k)",S-A,4.0,Annuity r=2,58559,0.005037654331528885,0.005007904868442889,0.0002917030865618968,0.10198542441436854,,,
"lower P(c,r|k)",S-A,4.0,Annuity r=3,58559,0.0009221468945849485,0.0010882132420995776,0.00013624599539225428,-1.2188714026898295,,,
lower P(a|k),S-A,4.0,AY 8,58559,0.3388719069656244,0.3384922053710649,0.0019554422446267402,0.19417683933281818,,,
lower P(a|k),S-A,4.0,AY 9,58559,0.33682269164432455,0.3359296385707079,0.0019517958226173105,0.4575545573302004,,,
lower P(a|k),S-A,4.0,AY 10,58559,0.32430540139005104,0.32557815605822726,0.0019364068837213109,-0.6572764633692502,,,
lower E[Y|k],S-A,4.0,all,58559,1798.584104888781,1837.4824029538813,60.742530773604834,-0.6403799375774983,,,
lower E[oracle|k],S-A,4.0,all,58559,1802.1589401067506,1837.4824029538813,33.447389419778716,-1.0560902796868985,,,
lower P(Y>0|k),S-A,4.0,all,58559,0.09136084974128657,0.09130108645962881,0.0011902855225449389,0.05020919815102655,,,
"lower E[Y|c,k,r]",S-A,4.0,Material r=1,44960,19.636571757111895,19.41415310893344,1.0621755640029025,0.20939913863227083,,1159.632574404818,True
"lower P(Y>0|c,k,r)",S-A,4.0,Material r=1,44960,0.026712633451957294,0.025792538431359334,0.0007475833454384313,1.230759120320366,,1159.632574404818,True
"lower E[Y|c,k,r]",S-A,4.0,Technical r=1,4038,27.414493681368874,27.905625771378553,3.8343219288476202,-0.1280883814983383,,182.90281672940824,True
"lower P(Y>0|c,k,r)",S-A,4.0,Technical r=1,4038,0.0470529965329371,0.04529539307984473,0.003272490302504638,0.5370843885303995,,182.90281672940824,True
"lower E[Y|c,k,r]",S-A,4.0,Bodily r=1,7265,5237.423070522203,4801.280392347446,183.13460944929798,2.38154153104253,,2191.900648833309,True
"lower P(Y>0|c,k,r)",S-A,4.0,Bodily r=1,7265,0.3054370268410186,0.3017069027988036,0.005385098958402747,0.6926751153559837,,2191.900648833309,True
"lower E[Y|c,k,r]",S-A,4.0,Bodily r=2,908,7843.469503227341,8567.033893237654,726.7032954333281,-0.9956806231061012,,420.7232738406312,True
"lower P(Y>0|c,k,r)",S-A,4.0,Bodily r=2,908,0.46255506607929514,0.4633516231725011,0.01654845030728218,-0.04813484516163108,,420.7232738406312,True
"lower E[Y|c,k,r]",S-A,4.0,Bodily r=3,75,15061.50899909749,14305.267401708466,3401.988826659498,0.22229396859354097,,49.94476835881381,True
"lower P(Y>0|c,k,r)",S-A,4.0,Bodily r=3,75,0.5866666666666667,0.6659302447841842,0.054463095011314556,-1.4553630876293517,,49.94476835881381,True
"lower E[Y|c,k,r]",S-A,4.0,Annuity r=1,961,44592.74370065423,46455.142672476795,2412.7196110331233,-0.771908581215157,,933.7771173616151,True
"lower P(Y>0|c,k,r)",S-A,4.0,Annuity r=1,961,0.9729448491155047,0.9716723385656765,0.005351845746551972,0.2377704085825123,,933.7771173616151,True
"lower E[Y|c,k,r]",S-A,4.0,Annuity r=2,295,44201.74369804388,44283.80023928706,4145.02370683211,-0.019796398536377793,,287.25535273040157,True
"lower P(Y>0|c,k,r)",S-A,4.0,Annuity r=2,295,0.976271186440678,0.973746958408141,0.009308974965697544,0.2711606854501729,,287.25535273040157,True
"lower E[Y|c,k,r]",S-A,4.0,Annuity r=3,54,39541.174593311276,42097.26154705224,9213.864944293751,-0.2774174539343536,,52.54895092017951,True
"lower P(Y>0|c,k,r)",S-A,4.0,Annuity r=3,54,0.9814814814814815,0.973128720744065,0.02200556057971467,0.3795750036523194,,52.54895092017951,True
"lower P(c,r|k)",S-A,5.0,Material r=1,78566,0.7645928264134613,0.7608545895435305,0.0015218243763665963,2.456418051901626,,,
"lower P(c,r|k)",S-A,5.0,Material r=2,78566,1.272815212687422e-05,2.5907058693555395e-05,1.8158756603499705e-05,-0.7257604060919691,,,
"lower P(c,r|k)",S-A,5.0,Technical r=1,78566,0.06847745844258331,0.07092594139175501,0.0009158205831087175,-2.6735399862497307,,,
"lower P(c,r|k)",S-A,5.0,Technical r=2,78566,5.091260850749688e-05,6.76970628052452e-05,2.935302679754143e-05,-0.5718134083246965,,,
"lower P(c,r|k)",S-A,5.0,Bodily r=1,78566,0.12313214367538121,0.1234351480014036,0.0011735298099936821,-0.25819908743862546,,,
"lower P(c,r|k)",S-A,5.0,Bodily r=2,78566,0.01728483058829519,0.017485415992581577,0.0004676168649872314,-0.4289524593854492,,,
"lower P(c,r|k)",S-A,5.0,Bodily r=3,78566,0.0020365043402998753,0.002201712324309593,0.0001672185073878657,-0.9879766695113208,,,
"lower P(c,r|k)",S-A,5.0,Bodily r=4,78566,0.00016546597764936487,0.00020792487126443198,5.143879002629202e-05,-0.8254255901696946,,,
"lower P(c,r|k)",S-A,5.0,Annuity r=1,78566,0.016877529720235217,0.017208323176404493,0.0004639622975425735,-0.7129748643830784,,,
"lower P(c,r|k)",S-A,5.0,Annuity r=2,78566,0.005664027696459028,0.005609029817907169,0.0002664435055870924,0.2064147836167929,,,
"lower P(c,r|k)",S-A,5.0,Annuity r=3,78566,0.001260087060560548,0.0016251162068834923,0.000143704945012719,-2.5401293343846776,,,
"lower P(c,r|k)",S-A,5.0,Annuity r=4,78566,0.00044548532444059773,0.00035313629606369216,6.703122578700199e-05,1.3777016202919112,,,
lower P(a|k),S-A,5.0,AY 7,78566,0.25465213960237254,0.2533098550850087,0.0015515970013543052,0.8650986797423582,,,
lower P(a|k),S-A,5.0,AY 8,78566,0.25257745080569205,0.25274879388111543,0.0015504598946429493,-0.11051113028812155,,,
lower P(a|k),S-A,5.0,AY 9,78566,0.25105007255046713,0.2508353505056026,0.0015465561341601601,0.13883883043219886,,,
lower P(a|k),S-A,5.0,AY 10,78566,0.2417203370414683,0.24310600052827339,0.001530375657468546,-0.9054400989996987,,,
lower E[Y|k],S-A,5.0,all,78566,1581.7058202628239,1547.5706688598793,51.63274473321452,0.6611144067455692,,,
lower E[oracle|k],S-A,5.0,all,78566,1531.1600398110186,1547.5706688598793,28.50549090687907,-0.5757006291338933,,,
lower P(Y>0|k),S-A,5.0,all,78566,0.0599877809739582,0.06020324129441043,0.0008486128174696022,-0.2538970847679258,,,
"lower E[Y|c,k,r]",S-A,5.0,Material r=1,60071,3.492272219508537,3.422130869404801,0.3013106357896016,0.2327875015759945,,450.67018742473493,True
"lower P(Y>0|c,k,r)",S-A,5.0,Material r=1,60071,0.007491135489670556,0.007502288820914142,0.0003520701585434267,-0.031679285997226914,,450.67018742473493,True
"lower E[Y|c,k,r]",S-A,5.0,Technical r=1,5380,6.67843721460973,6.569617683714621,1.325441927803753,0.08210056480967211,,85.65432939512814,True
"lower P(Y>0|c,k,r)",S-A,5.0,Technical r=1,5380,0.020631970260223047,0.015920868196008766,0.0017065037494305311,2.760674897893661,,85.65432939512814,True
"lower E[Y|c,k,r]",S-A,5.0,Bodily r=1,9674,2566.9502495972215,2721.0030193995535,112.61758623966553,-1.3679281801910297,,1921.8163015153173,True
"lower P(Y>0|c,k,r)",S-A,5.0,Bodily r=1,9674,0.19836675625387637,0.198657876939768,0.004056568739073786,-0.0717652539910114,,1921.8163015153173,True
"lower E[Y|c,k,r]",S-A,5.0,Bodily r=2,1358,4967.330877459359,4801.280392347446,423.58283328799655,0.39201419902447826,,409.7179740007754,True
"lower P(Y>0|c,k,r)",S-A,5.0,Bodily r=2,1358,0.30633284241531666,0.3017069027988036,0.012455512812109902,0.3713969618348837,,409.7179740007754,True
"lower E[Y|c,k,r]",S-A,5.0,Bodily r=3,160,9264.08606679073,8567.033893237654,1731.1713755991968,0.402647700498057,,74.1362597076002,True
"lower P(Y>0|c,k,r)",S-A,5.0,Bodily r=3,160,0.4875,0.4633516231725011,0.039422146098030166,0.6125586559252671,,74.1362597076002,True
"lower E[Y|c,k,r]",S-A,5.0,Annuity r=1,1326,46322.38499628547,43899.77616578984,2086.776649848948,1.1609334571915,,1158.181714842969,True
"lower P(Y>0|c,k,r)",S-A,5.0,Annuity r=1,1326,0.8755656108597285,0.873440207272224,0.009130460992909695,0.23278162944400643,,1158.181714842969,True
"lower E[Y|c,k,r]",S-A,5.0,Annuity r=2,445,53538.65907912507,46455.142672476795,3545.5902348612185,1.9978384239106917,,432.39419066172604,True
"lower P(Y>0|c,k,r)",S-A,5.0,Annuity r=2,445,0.9820224719101124,0.9716723385656765,0.007864756406291635,1.316014484079383,,432.39419066172604,True
"lower E[Y|c,k,r]",S-A,5.0,Annuity r=3,99,45155.51581904951,44283.80023928706,7155.177789975042,0.12183003768037629,,96.40094888240596,True
"lower P(Y>0|c,k,r)",S-A,5.0,Annuity r=3,99,0.98989898989899,0.973746958408141,0.016069237628775424,1.005152320476318,,96.40094888240596,True
"lower P(c,r|k)",S-A,6.0,Material r=1,98608,0.761743469089729,0.7587285717380172,0.0013625112340065865,2.212750454061404,,,
"lower P(c,r|k)",S-A,6.0,Material r=2,98608,3.0423495051111473e-05,2.755697909255715e-05,1.6716823001958396e-05,0.17147492428546426,,,
"lower P(c,r|k)",S-A,6.0,Technical r=1,98608,0.06875709881551192,0.07072775659226248,0.0008164138223257382,-2.413797663465187,,,
"lower P(c,r|k)",S-A,6.0,Technical r=2,98608,6.0846990102222946e-05,7.200842698579811e-05,2.7022153070655204e-05,-0.41304765221302675,,,
"lower P(c,r|k)",S-A,6.0,Bodily r=1,98608,0.12290077884147331,0.1230902393604048,0.0010462444927857536,-0.18108627594973467,,,
"lower P(c,r|k)",S-A,6.0,Bodily r=2,98608,0.01830480285575207,0.018598994530092988,0.00043024111209409804,-0.6837832695927377,,,
"lower P(c,r|k)",S-A,6.0,Bodily r=3,98608,0.0024744442641570666,0.0026346722280328715,0.00016324292007969778,-0.981530860864162,,,
"lower P(c,r|k)",S-A,6.0,Bodily r=4,98608,0.0003042349505111147,0.00033175020356606067,5.799325340465125e-05,-0.47445610376359965,,,
"lower P(c,r|k)",S-A,6.0,Bodily r=5,98608,4.056466006814863e-05,3.1329759845011765e-05,1.7824430157310028e-05,0.5181035321541267,,,
"lower P(c,r|k)",S-A,6.0,Annuity r=1,98608,0.016824192763264644,0.017160238822338872,0.00041356801891130005,-0.8125533012897252,,,
"lower P(c,r|k)",S-A,6.0,Annuity r=2,98608,0.006196251825409703,0.00596624723979367,0.00024524214932388524,0.9378672722047953,,,
"lower P(c,r|k)",S-A,6.0,Annuity r=3,98608,0.001602304072691871,0.0019446902714434717,0.00014029637517233391,-2.4404493582320193,,,
"lower P(c,r|k)",S-A,6.0,Annuity r=4,98608,0.0006388933960733409,0.0005634392720469844,7.556924759444348e-05,0.9984765817875437,,,
"lower P(c,r|k)",S-A,6.0,Annuity r=5,98608,0.00012169398020444589,0.00012243484911707587,3.523464189834579e-05,-0.021026718953677564,,,
lower P(a|k),S-A,6.0,AY 6,98608,0.2032492292714587,0.20223539986192487,0.0012791158909670629,0.7926016842518596,,,
lower P(a|k),S-A,6.0,AY 7,98608,0.2028942884958624,0.2020816352529257,0.0012787527450366628,0.6355045931208616,,,
lower P(a|k),S-A,6.0,AY 8,98608,0.20124127859808535,0.2016340404859488,0.001277694004622117,-0.30739902233447863,,,
lower P(a|k),S-A,6.0,AY 9,98608,0.2000243387960409,0.20010756309659591,0.0012740646665149644,-0.06532188101776504,,,
lower P(a|k),S-A,6.0,AY 10,98608,0.19259086483855264,0.19394136130260467,0.0012591064915459503,-1.0725831954006277,,,
lower E[Y|k],S-A,6.0,all,98608,1341.9935366318707,1322.7241963930298,45.10327687408634,0.4272270569749198,,,
lower E[oracle|k],S-A,6.0,all,98608,1311.4344444847625,1322.7241963930298,23.97137233461414,-0.47096810940461703,,,
lower P(Y>0|k),S-A,6.0,all,98608,0.04328249229271459,0.04385577699513606,0.0006521072556747925,-0.8791263974332681,,,
"lower E[Y|c,k,r]",S-A,6.0,Material r=1,75114,0.5421181693811592,0.6186414174461886,0.08931900064817368,-0.8567409790717816,,168.1986717847944,True
"lower P(Y>0|c,k,r)",S-A,6.0,Material r=1,75114,0.0019836515163617965,0.0022392366336679652,0.0001724657101745619,-1.4819474378267838,,168.1986717847944,True
"lower E[Y|c,k,r]",S-A,6.0,Technical r=1,6780,1.2301373811967515,1.5948774717326863,0.4771057625685779,-0.7644847728778125,,39.139898700118486,True
"lower P(Y>0|c,k,r)",S-A,6.0,Technical r=1,6780,0.004572271386430678,0.0057728240628606466,0.0009200726665222708,-1.3048454976582093,,39.139898700118486,True
"lower E[Y|c,k,r]",S-A,6.0,Bodily r=1,12119,1572.8458121713725,1576.4648333305147,71.75035411543709,-0.05043907035385054,,1620.6048807864352,True
"lower P(Y>0|c,k,r)",S-A,6.0,Bodily r=1,12119,0.13416948593118244,0.13372430735097213,0.0030917178261660556,0.14399068907344856,,1620.6048807864352,True
"lower E[Y|c,k,r]",S-A,6.0,Bodily r=2,1805,2686.1452163036283,2721.0030193995535,260.7177822181328,-0.13369936948436056,,358.57746787628156,True
"lower P(Y>0|c,k,r)",S-A,6.0,Bodily r=2,1805,0.20720221606648198,0.198657876939768,0.009391247320964299,0.9098194131934166,,358.57746787628156,True
"lower E[Y|c,k,r]",S-A,6.0,Bodily r=3,244,5207.088829167265,4801.280392347446,999.294098842018,0.4060950998210342,,73.6164842829081,True
"lower P(Y>0|c,k,r)",S-A,6.0,Bodily r=3,244,0.29918032786885246,0.3017069027988036,0.029384383579893505,-0.08598359475813365,,73.6164842829081,True
"lower E[Y|c,k,r]",S-A,6.0,Annuity r=1,1659,44122.50793850422,39578.866865857155,1858.9370450248177,2.4442146036131116,,1242.6976324762193,True
"lower P(Y>0|c,k,r)",S-A,6.0,Annuity r=1,1659,0.7432188065099458,0.7490642751514281,0.010644312023180814,-0.5491635935467063,,1242.6976324762193,True
"lower E[Y|c,k,r]",S-A,6.0,Annuity r=2,611,40562.92141221129,43899.77616578984,3074.164658058364,-1.085450886578762,,533.6719666433289,True
"lower P(Y>0|c,k,r)",S-A,6.0,Annuity r=2,611,0.8739770867430442,0.873440207272224,0.013450668282211808,0.03991470606186617,,533.6719666433289,True
"lower E[Y|c,k,r]",S-A,6.0,Annuity r=3,158,37432.19280413632,46455.142672476795,5950.31564981621,-1.5163817181058572,,153.52422949337688,True
"lower P(Y>0|c,k,r)",S-A,6.0,Annuity r=3,158,0.9746835443037974,0.9716723385656765,0.01319886958910839,0.22814118419700083,,153.52422949337688,True
"lower E[Y|c,k,r]",S-A,6.0,Annuity r=4,63,40143.33831247614,44283.80023928706,8969.490041784296,-0.46161620198279,,61.34605837971288,True
"lower P(Y>0|c,k,r)",S-A,6.0,Annuity r=4,63,1.0,0.973746958408141,0.020143855417863687,1.3032779002463297,,61.34605837971288,True
"lower P(c,r|k)",S-A,7.0,Material r=1,118673,0.7595072173114357,0.7572539426080015,0.0012445745140557585,1.810477940843659,,,
"lower P(c,r|k)",S-A,7.0,Material r=2,118673,2.527954968695491e-05,2.8649396505640007e-05,1.5537300208601123e-05,-0.21688753988415704,,,
"lower P(c,r|k)",S-A,7.0,Technical r=1,118673,0.06913956839382168,0.07059029345451256,0.0007435328056844598,-1.95112448247045,,,
"lower P(c,r|k)",S-A,7.0,Technical r=2,118673,5.898561593622812e-05,7.486299458059075e-05,2.5115474066718826e-05,-0.6321751523457072,,,
"lower P(c,r|k)",S-A,7.0,Bodily r=1,118673,0.12283333192891391,0.12285100696644649,0.000952906049863519,-0.01854856261549684,,,
"lower P(c,r|k)",S-A,7.0,Bodily r=2,118673,0.01892595619896691,0.019336298333324238,0.0003997336955755689,-1.0265387654310314,,,
"lower P(c,r|k)",S-A,7.0,Bodily r=3,118673,0.002721764849628812,0.002921724003482846,0.00015667808714150364,-1.2762419908371816,,,
"lower P(c,r|k)",S-A,7.0,Bodily r=4,118673,0.00043817886124055175,0.0004138817868620981,5.904352873326902e-05,0.41151121722782585,,,
"lower P(c,r|k)",S-A,7.0,Bodily r=5,118673,7.583864906086473e-05,5.211478133137735e-05,2.0955266212318562e-05,1.1321196060750254,,,
"lower P(c,r|k)",S-A,7.0,Annuity r=1,118673,0.01697943087307138,0.017126886990092093,0.0003766274613008721,-0.3915171679499897,,,
"lower P(c,r|k)",S-A,7.0,Annuity r=2,118673,0.006277754838927136,0.00620276200266434,0.00022791110720689402,0.3290442365089261,,,
"lower P(c,r|k)",S-A,7.0,Annuity r=3,118673,0.0020223639749563926,0.0021565674033229587,0.0001346594261170518,-0.9966136960208817,,,
"lower P(c,r|k)",S-A,7.0,Annuity r=4,118673,0.0007331069409216924,0.0007029302475066899,7.693562074104726e-05,0.3922330530947726,,,
"lower P(c,r|k)",S-A,7.0,Annuity r=5,118673,0.00016853033124636607,0.00020366148418122967,4.142230503610726e-05,-0.8481216316726039,,,
"lower P(c,r|k)",S-A,7.0,Annuity r=6,118673,9.269168218550134e-05,7.827258199283852e-05,2.5680996527903783e-05,0.5614696523554171,,,
lower P(a|k),S-A,7.0,AY 5,118673,0.16907805482291677,0.16828629409882132,0.001086013795071689,0.7290521793447039,,,
lower P(a|k),S-A,7.0,AY 6,118673,0.16888424494198342,0.16820195388356826,0.0010857966702465464,0.628378293203145,,,
lower P(a|k),S-A,7.0,AY 7,118673,0.1685893168623023,0.1680740657507811,0.0010854672477767348,0.47468139879533494,,,
lower P(a|k),S-A,7.0,AY 8,118673,0.1672157946626444,0.16770179504839677,0.0010845070360512652,-0.4481302283864473,,,
lower P(a|k),S-A,7.0,AY 9,118673,0.1662046126751662,0.16643220288192373,0.0010812177936633009,-0.21049432232003198,,,
lower P(a|k),S-A,7.0,AY 10,118673,0.1600279760349869,0.1613036883365088,0.0010676983090578504,-1.1948246903636919,,,
lower E[Y|k],S-A,7.0,all,118673,1100.380969590976,1144.880533257164,40.1189244152346,-1.1091913433573959,,,
lower E[oracle|k],S-A,7.0,all,118673,1138.489875338918,1144.880533257164,20.140715733086623,-0.31730043772712635,,,
lower P(Y>0|k),S-A,7.0,all,118673,0.03349540333521526,0.03358639401512013,0.0005229826080185161,-0.1739841411736833,,,
"lower E[Y|c,k,r]",S-A,7.0,Material r=1,90133,0.11486598870321343,0.1124546273215364,0.0270941192018326,0.08899943798556617,,60.630624301339836,True
"lower P(Y>0|c,k,r)",S-A,7.0,Material r=1,90133,0.0005991146416961602,0.000672660363095819,8.635945441826737e-05,-0.851623275008809,,60.630624301339836,True
"lower E[Y|c,k,r]",S-A,7.0,Technical r=1,8205,0.4802828358431507,0.3906155193151668,0.17588797104295173,0.5097978900790616,,17.337336228541062,True
"lower P(Y>0|c,k,r)",S-A,7.0,Technical r=1,8205,0.0029250457038391227,0.0021129798501501257,0.0005069312588455732,1.6019249938113937,,17.337336228541062,True
"lower E[Y|c,k,r]",S-A,7.0,Bodily r=1,14577,906.2912137335135,927.9225589454875,46.857998510135985,-0.46163613256539054,,1333.0796256315484,True
"lower P(Y>0|c,k,r)",S-A,7.0,Bodily r=1,14577,0.09220004116073266,0.09145089014416813,0.002387448956981699,0.3137872390418077,,1333.0796256315484,True
"lower E[Y|c,k,r]",S-A,7.0,Bodily r=2,2246,1679.5820261671377,1576.4648333305147,166.668131108985,0.6186977207369908,,300.34479431028416,True
"lower P(Y>0|c,k,r)",S-A,7.0,Bodily r=2,2246,0.1460373998219056,0.13372430735097213,0.00718171831144406,1.714505072040014,,300.34479431028416,True
"lower E[Y|c,k,r]",S-A,7.0,Bodily r=3,323,2196.2720259206117,2721.0030193995535,616.322460798989,-0.8513903465382233,,64.16649425154512,True
"lower P(Y>0|c,k,r)",S-A,7.0,Bodily r=3,323,0.15170278637770898,0.198657876939768,0.022200390819472362,-2.1150569349830484,,64.16649425154512,True
"lower E[Y|c,k,r]",S-A,7.0,Bodily r=4,52,5789.0129533259815,4801.280392347446,2164.644409504877,0.45630245625629645,,15.688758945537792,True
"lower P(Y>0|c,k,r)",S-A,7.0,Bodily r=4,52,0.2692307692307692,0.3017069027988036,0.0636516734329472,-0.5102164926150105,,15.688758945537792,True
"lower E[Y|c,k,r]",S-A,7.0,Annuity r=1,2015,34365.77902966624,35305.78507315663,1666.8831134387156,-0.5639303895467451,,1280.7416326421517,True
"lower P(Y>0|c,k,r)",S-A,7.0,Annuity r=1,2015,0.63424317617866,0.6356037879117378,0.010721181296343987,-0.12690875151432768,,1280.7416326421517,True
"lower E[Y|c,k,r]",S-A,7.0,Annuity r=2,745,36954.64464892075,39578.866865857155,2774.020963782128,-0.9459994178841793,,558.052884987814,True
"lower P(Y>0|c,k,r)",S-A,7.0,Annuity r=2,745,0.7409395973154362,0.7490642751514281,0.015884101495727377,-0.5114974767806254,,558.052884987814,True
"lower E[Y|c,k,r]",S-A,7.0,Annuity r=3,240,42609.53055671207,43899.77616578984,4905.034989132113,-0.26304513870676055,,209.62564974533376,True
"lower P(Y>0|c,k,r)",S-A,7.0,Annuity r=3,240,0.8833333333333333,0.873440207272224,0.021461439412008843,0.46097215900502536,,209.62564974533376,True
"lower E[Y|c,k,r]",S-A,7.0,Annuity r=4,87,43948.99112303865,46455.142672476795,8018.791507916499,-0.31253481861499505,,84.53549345521385,True
"lower P(Y>0|c,k,r)",S-A,7.0,Annuity r=4,87,0.9885057471264368,0.9716723385656765,0.01778712081912979,0.9463818642675568,,84.53549345521385,True
"lower P(c,r|k)",S-A,8.0,Material r=1,138866,0.7582057523079804,0.7562041406333054,0.001152218184855879,1.7371811181103138,,,
"lower P(c,r|k)",S-A,8.0,Material r=2,138866,2.1603560266731957e-05,2.9427098460730534e-05,1.4556915737652502e-05,-0.5374447674903027,,,
"lower P(c,r|k)",S-A,8.0,Technical r=1,138866,0.06945544625754324,0.07049243218857093,0.000686909858910862,-1.5096390269778603,,,
"lower P(c,r|k)",S-A,8.0,Technical r=2,138866,7.201186755577319e-05,7.689518737871113e-05,2.353070388320794e-05,-0.20752969597406667,,,
"lower P(c,r|k)",S-A,8.0,Bodily r=1,138866,0.12251379027263692,0.12268069523553281,0.0008803776206188064,-0.18958337761761085,,,
"lower P(c,r|k)",S-A,8.0,Bodily r=2,138866,0.019601630348681464,0.019861191659264966,0.00037441089763138555,-0.6932525528117705,,,
"lower P(c,r|k)",S-A,8.0,Bodily r=3,138866,0.002995693690320165,0.0031260787897633546,0.00014980355311675184,-0.8703738778583716,,,
"lower P(c,r|k)",S-A,8.0,Bodily r=4,138866,0.0004824795126236804,0.00047235201274741564,5.8308561593730834e-05,0.17368804167780458,,,
"lower P(c,r|k)",S-A,8.0,Bodily r=5,138866,7.201186755577319e-05,6.691182836940284e-05,2.1950223942909733e-05,0.23234565622815623,,,
"lower P(c,r|k)",S-A,8.0,Bodily r=6,138866,7.201186755577319e-06,1.0387236914128971e-05,8.648679432332523e-06,-0.36838573836380284,,,
"lower P(c,r|k)",S-A,8.0,Annuity r=1,138866,0.016879581755073238,0.017103143515451773,0.0003479316847960535,-0.642544988420876,,,
"lower P(c,r|k)",S-A,8.0,Annuity r=2,138866,0.006322641971396886,0.006371139027132679,0.00021351219084169985,-0.2271395162243879,,,
"lower P(c,r|k)",S-A,8.0,Annuity r=3,138866,0.0021531548399176185,0.002307404672784493,0.00012875446405253473,-1.1980154164125694,,,
"lower P(c,r|k)",S-A,8.0,Annuity r=4,138866,0.0008713435974248556,0.0008022351496744014,7.59763817645035e-05,0.9096043552674415,,,
"lower P(c,r|k)",S-A,8.0,Annuity r=5,138866,0.00020883441591174225,0.000261487469137427,4.338810566666536e-05,-1.2135365768258823,,,
"lower P(c,r|k)",S-A,8.0,Annuity r=6,138866,0.00013682254835596907,0.00013399554952960482,3.1061192518292215e-05,0.09101385353119963,,,
lower P(a|k),S-A,8.0,AY 4,138866,0.1454135641553728,0.14404542358226669,0.0009422738281492041,1.4519564613116689,,,
lower P(a|k),S-A,8.0,AY 5,138866,0.1444918122506589,0.14404542358226669,0.0009422738281492041,0.47373561172659245,,,
lower P(a|k),S-A,8.0,AY 6,138866,0.14432618495528063,0.1439732321890448,0.0009420774033781099,0.37465368022864226,,,
lower P(a|k),S-A,8.0,AY 7,138866,0.14407414341883543,0.14386376575651608,0.000941779403176497,0.2233831634136187,,,
lower P(a|k),S-A,8.0,AY 8,138866,0.1429003499776763,0.143545118945144,0.0009409108924827602,-0.6852603924759927,,,
lower P(a|k),S-A,8.0,AY 9,138866,0.14203620756700705,0.14245840572006727,0.000937937012282045,-0.4501348678340226,,,
lower P(a|k),S-A,8.0,AY 10,138866,0.13675773767516886,0.13806863022469446,0.0009257333052133448,-1.4160585366683665,,,
lower E[Y|k],S-A,8.0,all,138866,1005.7556543936128,1002.09466626877,36.16471185235706,0.10123094965580877,,,
lower E[oracle|k],S-A,8.0,all,138866,987.7710011593275,1002.09466626877,16.926128296730557,-0.8462458075665898,,,
lower P(Y>0|k),S-A,8.0,all,138866,0.025902668759811617,0.02641737810951316,0.0004303613882684543,-1.1959933296350336,,,
"lower E[Y|c,k,r]",S-A,8.0,Material r=1,105289,0.02794965601806633,0.020447883766051528,0.008332633765139482,0.9002882478045917,,21.315617005054403,True
"lower P(Y>0|c,k,r)",S-A,8.0,Material r=1,105289,0.00013296735651397581,0.00020241357409023485,4.3841394358249e-05,-1.584033048966937,,21.315617005054403,True
"lower E[Y|c,k,r]",S-A,8.0,Technical r=1,9645,0.15781825910047242,0.09589305014988456,0.06585930724211458,0.9402651127643352,,7.4837346231896165,True
"lower P(Y>0|c,k,r)",S-A,8.0,Technical r=1,9645,0.0006220839813374805,0.0007758517489399153,0.0002835108710389444,-0.5423699170297865,,7.4837346231896165,True
"lower E[Y|c,k,r]",S-A,8.0,Bodily r=1,17013,570.3664448641518,551.6542036090219,31.155423746651874,0.6006094286276829,,1074.670028404411,True
"lower P(Y>0|c,k,r)",S-A,8.0,Bodily r=1,17013,0.06383353905836713,0.06316757940424317,0.0018650377312355102,0.35707570038424175,,1074.670028404411,True
"lower E[Y|c,k,r]",S-A,8.0,Bodily r=2,2722,763.6261214074884,927.9225589454875,108.43606536393645,-1.5151456942538657,,248.92932297242746,True
"lower P(Y>0|c,k,r)",S-A,8.0,Bodily r=2,2722,0.0867009551800147,0.09145089014416813,0.005524896055821274,-0.8597329101148778,,248.92932297242746,True
"lower E[Y|c,k,r]",S-A,8.0,Bodily r=3,416,1274.799836270475,1576.4648333305147,387.26725414972765,-0.7789581841159442,,55.62931185800454,True
"lower P(Y>0|c,k,r)",S-A,8.0,Bodily r=3,416,0.1201923076923077,0.13372430735097213,0.01668731935759868,-0.8109151247532486,,55.62931185800454,True
"lower E[Y|c,k,r]",S-A,8.0,Bodily r=4,67,2288.636101299438,2721.0030193995535,1353.2307408588365,-0.3195071653676084,,13.310077754964468,True
"lower P(Y>0|c,k,r)",S-A,8.0,Bodily r=4,67,0.1791044776119403,0.198657876939768,0.04874437202409283,-0.4011416808931925,,13.310077754964468,True
"lower E[Y|c,k,r]",S-A,8.0,Annuity r=1,2344,33004.43367245839,31560.281601876824,1522.9557870160202,0.9482560707892541,,1266.8464396512816,True
"lower P(Y>0|c,k,r)",S-A,8.0,Annuity r=1,2344,0.5341296928327645,0.5404634981447447,0.010293531247593073,-0.6153189959433283,,1266.8464396512816,True
"lower E[Y|c,k,r]",S-A,8.0,Annuity r=2,878,31362.163109486537,35305.78507315663,2525.197869385098,-1.561708098791636,,558.0601257865058,True
"lower P(Y>0|c,k,r)",S-A,8.0,Annuity r=2,878,0.6378132118451025,0.6356037879117378,0.01624175321505803,0.13603358603653481,,558.0601257865058,True
"lower E[Y|c,k,r]",S-A,8.0,Annuity r=3,299,41144.98913731489,39578.866865857155,4378.771482499585,0.35766248083897045,,223.97021827027703,True
"lower P(Y>0|c,k,r)",S-A,8.0,Annuity r=3,299,0.7491638795986622,0.7490642751514281,0.025072936204415336,0.003972588069540203,,223.97021827027703,True
"lower E[Y|c,k,r]",S-A,8.0,Annuity r=4,121,61758.84022240025,43899.77616578984,6908.043209263037,2.5852565647914716,,105.6862650799391,True
"lower P(Y>0|c,k,r)",S-A,8.0,Annuity r=4,121,0.8760330578512396,0.873440207272224,0.03022538088303627,0.08578388438012399,,105.6862650799391,True
"lower P(c,r|k)",S-A,9.0,Material r=1,159145,0.757730371673631,0.7554186973405386,0.001077479441548401,2.1454463481645165,,,
"lower P(c,r|k)",S-A,9.0,Material r=2,159145,1.8850733607716235e-05,3.0008961325462222e-05,1.3731641805129412e-05,-0.8125923961676503,,,
"lower P(c,r|k)",S-A,9.0,Technical r=1,159145,0.06930786389770335,0.07041921411810789,0.000641346393554828,-1.732839276205472,,,
"lower P(c,r|k)",S-A,9.0,Technical r=2,159145,6.911935656162619e-05,7.84156381316783e-05,2.2196669357559457e-05,-0.41881425633283625,,,
"lower P(c,r|k)",S-A,9.0,Bodily r=1,159145,0.12222815671243206,0.12255327100701162,0.000822008548497578,-0.39551206027454416,,,
"lower P(c,r|k)",S-A,9.0,Bodily r=2,159145,0.02002576266926388,0.020253907573518852,0.0003531137935993862,-0.6460945689190685,,,
"lower P(c,r|k)",S-A,9.0,Bodily r=3,159145,0.0031417889346193723,0.0032789734309411145,0.00014330431238859396,-0.957294962274012,,,
"lower P(c,r|k)",S-A,9.0,Bodily r=4,159145,0.0005089698074083383,0.0005160984028811263,5.693215984147127e-05,-0.12521210318803544,,,
"lower P(c,r|k)",S-A,9.0,Bodily r=5,159145,0.00010053724590781991,7.798271757414043e-05,2.2135317164730755e-05,1.0189385661758972,,,
"lower P(c,r|k)",S-A,9.0,Bodily r=6,159145,6.283577869238744e-06,1.3619088062435714e-05,9.250699155905914e-06,-0.7929681929515313,,,
"lower P(c,r|k)",S-A,9.0,Annuity r=1,159145,0.016846272267429074,0.017085379067153208,0.0003248431459342492,-0.7360684770998098,,,
"lower P(c,r|k)",S-A,9.0,Annuity r=2,159145,0.006390398693015803,0.006497115742467979,0.00020139485366052617,-0.5298896546386408,,,
"lower P(c,r|k)",S-A,9.0,Annuity r=3,159145,0.0022558044550567095,0.002420258453262616,0.00012317091965513457,-1.3351690371912486,,,
"lower P(c,r|k)",S-A,9.0,Annuity r=4,159145,0.0009488202582550504,0.0008765333232600377,7.418178787131348e-05,0.974456629710949,,,
"lower P(c,r|k)",S-A,9.0,Annuity r=5,159145,0.0002576266926387885,0.00030475184958845446,4.375326729081557e-05,-1.0770660082694705,,,
"lower P(c,r|k)",S-A,9.0,Annuity r=6,159145,0.00016337302460020737,0.00017568648949711397,3.3222669820940685e-05,-0.3706344181028243,,,
lower P(a|k),S-A,9.0,AY 3,159145,0.1274246756102925,0.125908832475574,0.0008315913534202364,1.8228221451365703,,,
lower P(a|k),S-A,9.0,AY 4,159145,0.12688428791353798,0.125908832475574,0.0008315913534202364,1.1729985334167254,,,
lower P(a|k),S-A,9.0,AY 5,159145,0.12607998994627542,0.125908832475574,0.0008315913534202364,0.20581920434532838,,,
lower P(a|k),S-A,9.0,AY 6,159145,0.1259354676552829,0.12584573061638743,0.0008314129513621387,0.10793317418073385,,,
lower P(a|k),S-A,9.0,AY 7,159145,0.12571554242985955,0.12575004697457368,0.000831142303351484,-0.04151460535095136,,,
lower P(a|k),S-A,9.0,AY 8,159145,0.12469131923717365,0.12547152061119352,0.0008303535751519109,-0.9396013907414401,,,
lower P(a|k),S-A,9.0,AY 9,159145,0.123937289892865,0.12452163417952197,0.0008276536140743926,-0.7060251737201382,,,
lower P(a|k),S-A,9.0,AY 10,159145,0.119331427314713,0.12068457019160142,0.0008165856087141786,-1.6570741174573638,,,
lower E[Y|k],S-A,9.0,all,159145,867.9724287738268,887.1104635345114,32.97808087838491,-0.5803259089351195,,,
lower E[oracle|k],S-A,9.0,all,159145,869.0007424793752,887.1104635345114,14.330963483216118,-1.2636778452715784,,,
lower P(Y>0|k),S-A,9.0,all,159145,0.020949448616041973,0.02115298291861257,0.00036070048055495877,-0.5642751078608099,,,
"lower E[Y|c,k,r]",S-A,9.0,Material r=1,120589,0.006286655541938097,0.003710638014436982,0.002586823561803595,0.9958226627969378,,7.351350604450033,True
"lower P(Y>0|c,k,r)",S-A,9.0,Material r=1,120589,0.00011609682475184304,6.090884006623094e-05,2.2473622991234138e-05,2.455678139085017,,7.351350604450033,True
"lower E[Y|c,k,r]",S-A,9.0,Technical r=1,11030,0.0029397704712932145,0.023537118333592722,0.02500412277003706,-0.8237580678887773,,3.1463500502373156,False
"lower P(Y>0|c,k,r)",S-A,9.0,Technical r=1,11030,9.066183136899366e-05,0.00028515733288587985,0.00016076540015719974,-1.2098094573005413,,3.1463500502373156,False
"lower E[Y|c,k,r]",S-A,9.0,Bodily r=1,19452,324.0812633928344,330.06424155696357,20.967850869444987,-0.28534055308680983,,854.1659610948832,True
"lower P(Y>0|c,k,r)",S-A,9.0,Bodily r=1,19452,0.04333744602097471,0.04391147239845952,0.0014691154394016986,-0.39072925250760854,,854.1659610948832,True
"lower E[Y|c,k,r]",S-A,9.0,Bodily r=2,3187,644.5006111526568,551.6542036090219,71.98352031302858,1.2898286599471886,,201.3150755613271,True
"lower P(Y>0|c,k,r)",S-A,9.0,Bodily r=2,3187,0.06557891433950423,0.06316757940424317,0.004309104652296168,0.559590710793285,,201.3150755613271,True
"lower E[Y|c,k,r]",S-A,9.0,Bodily r=3,500,1068.345573255931,927.9225589454875,253.007158394096,0.5550159734678887,,45.7254450720844,True
"lower P(Y>0|c,k,r)",S-A,9.0,Bodily r=3,500,0.088,0.09145089014416813,0.012890897938934076,-0.26769974911875544,,45.7254450720844,True
"lower E[Y|c,k,r]",S-A,9.0,Bodily r=4,81,3114.103871056531,1576.4648333305147,877.6370159488702,1.7520216328427933,,10.83166889542877,True
"lower P(Y>0|c,k,r)",S-A,9.0,Bodily r=4,81,0.18518518518518517,0.13372430735097213,0.03781731868175568,1.3607754232200355,,10.83166889542877,True
"lower E[Y|c,k,r]",S-A,9.0,Annuity r=1,2681,26646.929634116397,28364.390436812744,1402.4528373121875,-1.2246121630641604,,1238.7414794260226,True
"lower P(Y>0|c,k,r)",S-A,9.0,Annuity r=1,2681,0.4584110406564715,0.46204456524655824,0.009628678276171612,-0.3773648351174794,,1238.7414794260226,True
"lower E[Y|c,k,r]",S-A,9.0,Annuity r=2,1017,31663.245959250253,31560.281601876824,2312.094724147259,0.04453293210614605,,549.6513776132053,True
"lower P(Y>0|c,k,r)",S-A,9.0,Annuity r=2,1017,0.5585054080629301,0.5404634981447447,0.015627255560081828,1.1545155736923884,,549.6513776132053,True
"lower E[Y|c,k,r]",S-A,9.0,Annuity r=3,359,38907.95067902568,35305.78507315663,3949.075600532999,0.9121541267487694,,228.18175986031386,True
"lower P(Y>0|c,k,r)",S-A,9.0,Annuity r=3,359,0.6545961002785515,0.6356037879117378,0.025399954636854873,0.7477301687482645,,228.18175986031386,True
"lower E[Y|c,k,r]",S-A,9.0,Annuity r=4,151,52792.97739974493,39578.866865857155,6161.683710878935,2.1445616415781337,,113.10870554786565,True
"lower P(Y>0|c,k,r)",S-A,9.0,Annuity r=4,151,0.7218543046357616,0.7490642751514281,0.03528192855281466,-0.7712155098022789,,113.10870554786565,True
"lower P(c,r|k)",S-A,10.0,Material r=1,179278,0.7565735896205893,0.754808924128893,0.0010160318996993135,1.7368209523917777,,,
"lower P(c,r|k)",S-A,10.0,Material r=2,179278,1.6733787748636196e-05,3.0460686346265334e-05,1.3034660633532875e-05,-1.0531074788641155,,,
"lower P(c,r|k)",S-A,10.0,Technical r=1,179278,0.06925556956235566,0.07036237179939704,0.0006040370569359045,-1.8323416160191175,,,
"lower P(c,r|k)",S-A,10.0,Technical r=2,179278,8.366893874318098e-05,7.959602906164583e-05,2.1070018498438878e-05,0.19330356458096684,,,
"lower P(c,r|k)",S-A,10.0,Bodily r=1,179278,0.12260288490500787,0.12245434613008879,0.0007742094398997254,0.19185864607685482,,,
"lower P(c,r|k)",S-A,10.0,Bodily r=2,179278,0.020309240397594797,0.020558789729244423,0.0003351386065455637,-0.7446152928242161,,,
"lower P(c,r|k)",S-A,10.0,Bodily r=3,179278,0.0032519327524849675,0.0033976720782565016,0.00013743209912971862,-1.0604460434965364,,,
"lower P(c,r|k)",S-A,10.0,Bodily r=4,179278,0.0005745267127031761,0.0005500605960214701,5.537609043758607e-05,0.4418173346722894,,,
"lower P(c,r|k)",S-A,10.0,Bodily r=5,179278,0.00011155858499090797,8.657752222561974e-05,2.197456446151478e-05,1.13681719649274,,,
"lower P(c,r|k)",S-A,10.0,Bodily r=6,179278,1.1155858499090797e-05,1.6128112294244364e-05,9.484725530943912e-06,-0.5242380265967203,,,
"lower P(c,r|k)",S-A,10.0,Annuity r=1,179278,0.016889969767623466,0.01707158776637837,0.0003059386899502299,-0.5936418136079726,,,
"lower P(c,r|k)",S-A,10.0,Annuity r=2,179278,0.00643693035397539,0.006594916853012794,0.00019116322642139444,-0.8264481720409133,,,
"lower P(c,r|k)",S-A,10.0,Annuity r=3,179278,0.0023873537188054306,0.0025078716683759354,0.0001181255636670495,-1.020252905714791,,,
"lower P(c,r|k)",S-A,10.0,Annuity r=4,179278,0.001009605194167717,0.0009342141722072906,7.21533948238606e-05,1.0448714456813801,,,
"lower P(c,r|k)",S-A,10.0,Annuity r=5,179278,0.00029563025022590614,0.0003383398380026764,4.3434976132925214e-05,-0.9832994415851644,,,
"lower P(c,r|k)",S-A,10.0,Annuity r=6,179278,0.00018964959448454356,0.0002080529487878412,3.406263615881527e-05,-0.5402798015248423,,,
lower P(a|k),S-A,10.0,AY 2,179278,0.11230044958109751,0.11182862132694524,0.0007443228866826235,0.6339026551436179,,,
lower P(a|k),S-A,10.0,AY 3,179278,0.11311482725153114,0.11182862132694524,0.0007443228866826235,1.728021464338418,,,
lower P(a|k),S-A,10.0,AY 4,179278,0.11263512533607024,0.11182862132694524,0.0007443228866826235,1.0835405219360015,,,
lower P(a|k),S-A,10.0,AY 5,179278,0.11192115039212842,0.11182862132694524,0.0007443228866826235,0.12431307277891647,,,
lower P(a|k),S-A,10.0,AY 6,179278,0.11179285801938889,0.11177257606167468,0.0007441598245970374,0.027254841021808113,,,
lower P(a|k),S-A,10.0,AY 7,179278,0.1115976304956548,0.1116875925896085,0.0007439124545095929,-0.12093102274113193,,,
lower P(a|k),S-A,10.0,AY 8,179278,0.11068842802797889,0.11144021344544834,0.0007431916055066638,-1.0115633867485943,,,
lower P(a|k),S-A,10.0,AY 9,179278,0.11001907651803344,0.11059655150384781,0.000740724480300393,-0.7796083444956143,,,
lower P(a|k),S-A,10.0,AY 10,179278,0.10593045437811667,0.10718858109163969,0.0007306184410881854,-1.722002406138509,,,
lower E[Y|k],S-A,10.0,all,179278,791.4746781327254,792.9071349117764,30.376437511176576,-0.04715683919564111,,,
lower E[oracle|k],S-A,10.0,all,179278,778.9218990997508,792.9071349117764,12.295001600386387,-1.1374732811410222,,,
lower P(Y>0|k),S-A,10.0,all,179278,0.01718002208859983,0.017168970069495564,0.00030679484093139054,0.03602413609926343,,,
"lower E[Y|c,k,r]",S-A,10.0,Material r=1,135637,0.0017559936283118916,0.0006706153781789755,0.0008094731013707682,1.3408453576714632,,2.490310604648063,False
"lower P(Y>0|c,k,r)",S-A,10.0,Material r=1,135637,1.4745239130915605e-05,1.8293186789847508e-05,1.1613192483678104e-05,-0.3055101053322251,,2.490310604648063,False
"lower E[Y|c,k,r]",S-A,10.0,Technical r=1,12416,0.00025166133518170404,0.005768195182264402,0.009564742705643576,-0.5767571608411092,,1.3026034682470002,False
"lower P(Y>0|c,k,r)",S-A,10.0,Technical r=1,12416,0.00016108247422680412,0.00010478962680699215,9.186403957568927e-05,0.6127843678530027,,1.3026034682470002,False
"lower E[Y|c,k,r]",S-A,10.0,Bodily r=1,21980,186.05649540293695,198.32134607643545,14.212521773391257,-0.8629609065198272,,673.7987419696356,True
"lower P(Y>0|c,k,r)",S-A,10.0,Bodily r=1,21980,0.031073703366696997,0.030655083802071464,0.0011627238430408093,0.3600335257000829,,673.7987419696356,True
"lower E[Y|c,k,r]",S-A,10.0,Bodily r=2,3641,270.2303601044063,330.06424155696357,48.46472023332761,-1.2345863375357202,,159.8816710028002,True
"lower P(Y>0|c,k,r)",S-A,10.0,Bodily r=2,3641,0.040098873935731943,0.04391147239845952,0.0033956874838718338,-1.1227766043948115,,159.8816710028002,True
"lower E[Y|c,k,r]",S-A,10.0,Bodily r=3,583,741.8011646875958,551.6542036090219,168.30221671298062,1.1297947513243207,,36.82669879267452,True
"lower P(Y>0|c,k,r)",S-A,10.0,Bodily r=3,583,0.06689536878216124,0.06316757940424317,0.010074970797147859,0.37000498095472134,,36.82669879267452,True
"lower E[Y|c,k,r]",S-A,10.0,Bodily r=4,103,1406.4089641693292,927.9225589454875,557.4413731142416,0.8583618444944184,,9.419441684849385,True
"lower P(Y>0|c,k,r)",S-A,10.0,Bodily r=4,103,0.1650485436893204,0.09145089014416813,0.028402041639319267,2.591280390324653,,9.419441684849385,True
"lower E[Y|c,k,r]",S-A,10.0,Annuity r=1,3028,26206.416453734946,25630.444415650334,1299.904910129525,0.4430878240372375,,1202.561649505382,True
"lower P(Y>0|c,k,r)",S-A,10.0,Annuity r=1,3028,0.40752972258916775,0.397147176190681,0.00889208189463458,1.1676170464367284,,1202.561649505382,True
"lower E[Y|c,k,r]",S-A,10.0,Annuity r=2,1154,29045.401406594912,28364.390436812744,2137.636064797343,0.31858134366138274,,533.1994282945282,True
"lower P(Y>0|c,k,r)",S-A,10.0,Annuity r=2,1154,0.47400346620450606,0.46204456524655824,0.014676151234377256,0.8148526658634744,,533.1994282945282,True
"lower E[Y|c,k,r]",S-A,10.0,Annuity r=3,428,28676.356299903793,31560.281601876824,3564.0535004880144,-0.8091700367511724,,231.31837720595072,True
"lower P(Y>0|c,k,r)",S-A,10.0,Annuity r=3,428,0.5327102803738317,0.5404634981447447,0.024089140596292923,-0.32185530820082975,,231.31837720595072,True
"lower E[Y|c,k,r]",S-A,10.0,Annuity r=4,181,41010.19356802289,35305.78507315663,5561.646541363665,1.0256690087082727,,115.04428561202454,True
"lower P(Y>0|c,k,r)",S-A,10.0,Annuity r=4,181,0.6298342541436464,0.6356037879117378,0.03577180691040495,-0.1612871774283572,,115.04428561202454,True
"lower E[Y|c,k,r]",S-A,10.0,Annuity r=5,53,41480.260384545494,39578.866865857155,10400.39755144506,0.18281931140451013,,39.70040658302569,True
"lower P(Y>0|c,k,r)",S-A,10.0,Annuity r=5,53,0.7169811320754716,0.7490642751514281,0.059552891798564905,-0.5387335880258569,,39.70040658302569,True
"upper P(c,r|k)",S-B,1.0,Material r=1,190055,0.763421114940412,0.7630421361650357,0.0009753717519320764,0.3885480327122899,,,
"upper P(c,r|k)",S-B,1.0,Technical r=1,190055,0.07344716003262214,0.07358261568910043,0.0005988958575833659,-0.22617564433468904,,,
"upper P(c,r|k)",S-B,1.0,Bodily r=1,190055,0.13697087685143775,0.1365959046624425,0.000787746063744494,0.4760064267574177,,,
"upper P(c,r|k)",S-B,1.0,Annuity r=1,190055,0.026160848175528138,0.026779343483421342,0.00037031045371809293,-1.6702075290697809,,,
upper P(a|k),S-B,1.0,AY 1,190055,0.10291231485622583,0.10279329891221192,0.0006966088802745255,0.17085045480183364,,,
upper P(a|k),S-B,1.0,AY 2,190055,0.1029438846649654,0.10217256582060925,0.0006947426100932979,1.110222452387908,,,
upper P(a|k),S-B,1.0,AY 3,190055,0.1010707426797506,0.10155183272900661,0.000692868387043803,-0.694345503781238,,,
upper P(a|k),S-B,1.0,AY 4,190055,0.10044460813974902,0.10093109963740397,0.0006909861464122322,-0.7040539093018563,,,
upper P(a|k),S-B,1.0,AY 5,190055,0.10102338796664123,0.10031036654580132,0.0006890958224993709,1.0347202777311473,,,
upper P(a|k),S-B,1.0,AY 6,190055,0.0997921654257978,0.09968963345419868,0.0006871973485994072,0.14920309545442953,,,
upper P(a|k),S-B,1.0,AY 7,190055,0.09798216305806214,0.09906890036259601,0.0006852906569781454,-1.5858049332321793,,,
upper P(a|k),S-B,1.0,AY 8,190055,0.09830838441503775,0.09844816727099338,0.0006833756788506113,-0.20454760138776187,,,
upper P(a|k),S-B,1.0,AY 9,190055,0.09825576806713845,0.09782743417939072,0.0006814523443580204,0.6285602966870245,,,
upper P(a|k),S-B,1.0,AY 10,190055,0.09726658072663176,0.09720670108778807,0.0006795205825440925,0.08812041957509015,,,
upper E[Y|k],S-B,1.0,all,190055,5795.25952911464,5880.406823899348,43.03270843015282,-1.978664552869405,,,
upper E[oracle|k],S-B,1.0,all,190055,5858.173926788934,5880.406823899348,20.446511668033146,-1.0873687145946362,,,
upper P(Y>0|k),S-B,1.0,all,190055,0.8705900923416906,0.870340655438499,0.000770560772952906,0.3237082809648988,,,
"upper E[Y|c,k,r]",S-B,1.0,Material r=1,145092,3021.776923455403,3039.1811385061824,13.539912497473445,-1.2854008512999637,,130582.8,True
"upper P(Y>0|c,k,r)",S-B,1.0,Material r=1,145092,0.9002770655859731,0.8999999999911336,0.0007875887810578727,0.35178966676922835,,130582.8,True
"upper E[Y|c,k,r]",S-B,1.0,Technical r=1,13959,1779.1691012826757,1740.6133952671069,25.977410938680155,1.4842012588005717,,11865.15,True
"upper P(Y>0|c,k,r)",S-B,1.0,Technical r=1,13959,0.8544308331542374,0.8499999998374204,0.003022232969307359,1.4660793399499268,,11865.15,True
"upper E[Y|c,k,r]",S-B,1.0,Bodily r=1,26032,17162.247217610584,17470.778949340216,216.19906096911353,-1.4270724874873966,,18222.399999999998,True
"upper P(Y>0|c,k,r)",S-B,1.0,Bodily r=1,26032,0.6985248924400738,0.7,0.002840245494380134,-0.5193591761152059,,18222.399999999998,True
"upper E[Y|c,k,r]",S-B,1.0,Annuity r=1,4972,38491.42223939022,39092.36289378343,906.6112028898423,-0.662842740612185,,4723.4,True
"upper P(Y>0|c,k,r)",S-B,1.0,Annuity r=1,4972,0.9505229283990346,0.95,0.0030908735978275453,0.16918466009163824,,4723.4,True
"upper P(c,r|k)",S-B,2.0,Material r=1,177590,0.7458077594459147,0.7453873730282815,0.0010337647780310245,0.4066557756339649,,,
"upper P(c,r|k)",S-B,2.0,Material r=2,177590,5.067852919646377e-05,3.384053438132708e-05,1.380390634542908e-05,1.2197992650618272,,,
"upper P(c,r|k)",S-B,2.0,Technical r=1,177590,0.07110760741032716,0.0708485977529679,0.0006088350119623859,0.4254184668592423,,,
"upper P(c,r|k)",S-B,2.0,Technical r=2,177590,9.572611070443155e-05,9.016432027795451e-05,2.2531417919772375e-05,0.24684600171551196,,,
"upper P(c,r|k)",S-B,2.0,Bodily r=1,177590,0.1259980854777859,0.12604055597379035,0.0007875743099379507,-0.05392570004953673,,,
"upper P(c,r|k)",S-B,2.0,Bodily r=2,177590,0.023604932710175122,0.023805985991531105,0.0003617444721581976,-0.5557881234687028,,,
"upper P(c,r|k)",S-B,2.0,Annuity r=1,177590,0.023182611633537926,0.023556060643584127,0.0003598866487788267,-1.0376850914403097,,,
"upper P(c,r|k)",S-B,2.0,Annuity r=2,177590,0.010152598682358242,0.01023742175518575,0.00023886447203090846,-0.3551096239064573,,,
upper P(a|k),S-B,2.0,AY 1,177590,0.1123092516470522,0.1119870083638914,0.0007483146155884947,0.4306254033370491,,,
upper P(a|k),S-B,2.0,AY 2,177590,0.11277662030519736,0.11176803405069632,0.0007476748145618379,1.3489637939618313,,,
upper P(a|k),S-B,2.0,AY 3,177590,0.11098034799256715,0.11154905973750125,0.000747034104142331,-0.7612928804462442,,,
upper P(a|k),S-B,2.0,AY 4,177590,0.1109071456726167,0.11133008542430617,0.0007463924819880792,-0.56664524616182,,,
upper P(a|k),S-B,2.0,AY 5,177590,0.11194887099498846,0.11111111111111109,0.0007457499457457903,1.1233790745228396,,,
upper P(a|k),S-B,2.0,AY 6,177590,0.11109296694633707,0.11089213679791603,0.0007451064930506962,0.2695321411021267,,,
upper P(a|k),S-B,2.0,AY 7,177590,0.10928543273832986,0.11067316248472096,0.0007444621215264745,-1.864070321731945,,,
upper P(a|k),S-B,2.0,AY 8,177590,0.11024269384537418,0.11045418817152587,0.0007438168287851689,-0.284336570466026,,,
upper P(a|k),S-B,2.0,AY 9,177590,0.11045666985753702,0.11023521385833081,0.0007431706124271097,0.29798810058293607,,,
upper E[Y|k],S-B,2.0,all,177590,4220.7749693716405,4254.348111048526,45.338473006558715,-0.7405000532776898,,,
upper E[oracle|k],S-B,2.0,all,177590,4232.625283030613,4254.348111048526,23.632086302547936,-0.9192090676975591,,,
upper P(Y>0|k),S-B,2.0,all,177590,0.4569401430260713,0.45790464543429565,0.0011822684874977175,-0.8158065772908787,,,
"upper E[Y|c,k,r]",S-B,2.0,Material r=1,132448,800.1947790587444,804.8974084468763,6.210839501447269,-0.7571648546120129,,52059.8051280483,True
"upper P(Y>0|c,k,r)",S-B,2.0,Material r=1,132448,0.392252053636144,0.3930584464702435,0.0013420827683297378,-0.6008517903132613,,52059.8051280483,True
"upper E[Y|c,k,r]",S-B,2.0,Technical r=1,12628,610.4695253158663,611.5058162028361,14.233056657981951,-0.07280873756576761,,5626.960692545589,True
"upper P(Y>0|c,k,r)",S-B,2.0,Technical r=1,12628,0.44369654735508396,0.4455939723246926,0.004422993883479842,-0.4289910905587395,,5626.960692545589,True
"upper E[Y|c,k,r]",S-B,2.0,Bodily r=1,22376,14297.872951931455,14305.267401708466,196.95739334951378,-0.03754339784488187,,14900.855157290905,True
"upper P(Y>0|c,k,r)",S-B,2.0,Bodily r=1,22376,0.6655791919914193,0.6659302447841842,0.003153128882468569,-0.11133474267946165,,14900.855157290905,True
"upper E[Y|c,k,r]",S-B,2.0,Bodily r=2,4192,18905.796149765774,17470.778949340216,538.7619723233886,2.663545821983512,,2934.3999999999996,True
"upper P(Y>0|c,k,r)",S-B,2.0,Bodily r=2,4192,0.7115935114503816,0.7,0.007077811797959045,1.6380078732419499,,2934.3999999999996,True
"upper E[Y|c,k,r]",S-B,2.0,Annuity r=1,4117,39641.739663709806,42097.26154705224,1055.2328158791709,-2.326995376178299,,4006.3709433033155,True
"upper P(Y>0|c,k,r)",S-B,2.0,Annuity r=1,4117,0.9676949234879767,0.973128720744065,0.0025202224903364797,-2.1560783926512785,,4006.3709433033155,True
"upper E[Y|c,k,r]",S-B,2.0,Annuity r=2,1803,40728.44610602719,39092.36289378343,1505.5277951880514,1.0867173741149065,,1712.85,True
"upper P(Y>0|c,k,r)",S-B,2.0,Annuity r=2,1803,0.9478646699944537,0.95,0.005132736169715824,-0.4160217737558961,,1712.85,True
"upper P(c,r|k)",S-B,3.0,Material r=1,159372,0.7488705669753783,0.749106337913668,0.001085951850405556,-0.21710993742635293,,,
"upper P(c,r|k)",S-B,3.0,Material r=2,159372,5.019702331651733e-05,3.400937512591277e-05,1.4607837521392539e-05,1.1081481545025718,,,
"upper P(c,r|k)",S-B,3.0,Technical r=1,159372,0.07013151620108928,0.07019475644481006,0.0006399445132780593,-0.09882144843597016,,,
"upper P(c,r|k)",S-B,3.0,Technical r=2,159372,0.00010039404663303466,8.933221972848061e-05,2.3674382072343192e-05,0.46724881227107756,,,
"upper P(c,r|k)",S-B,3.0,Bodily r=1,159372,0.11964460507491906,0.1194479133678358,0.0008123829455660853,0.2421169820917339,,,
"upper P(c,r|k)",S-B,3.0,Bodily r=2,159372,0.0225886604924328,0.022560796645038846,0.000371976994443037,0.07490744806859094,,,
"upper P(c,r|k)",S-B,3.0,Bodily r=3,159372,0.004480084330999172,0.004261184066827355,0.00016316682183723053,1.3415733769098255,,,
"upper P(c,r|k)",S-B,3.0,Annuity r=1,159372,0.020712546745977962,0.021130956653576356,0.0003602598511942565,-1.1614114262562711,,,
"upper P(c,r|k)",S-B,3.0,Annuity r=2,159372,0.00912958361569159,0.009183475905685006,0.0002389429132855666,-0.2255446259207882,,,
"upper P(c,r|k)",S-B,3.0,Annuity r=3,159372,0.004291845493562232,0.003991122176478621,0.00015793307987281387,1.9041186135658703,,,
upper P(a|k),S-B,3.0,AY 1,159372,0.1256933463845594,0.1253199153154995,0.0008293324412745091,0.4502791045844388,,,
upper P(a|k),S-B,3.0,AY 2,159372,0.1264525763622217,0.1252285109396425,0.0008290732575304771,1.4764261317815353,,,
upper P(a|k),S-B,3.0,AY 3,159372,0.1245011670807921,0.1251371065637855,0.000828813929484801,-0.7672886040762815,,,
upper P(a|k),S-B,3.0,AY 4,159372,0.12459528649951059,0.1250457021879285,0.000828554457001987,-0.5436162760474038,,,
upper P(a|k),S-B,3.0,AY 5,159372,0.12591923298948374,0.1249542978120715,0.000828294839946295,1.164965819990849,,,
upper P(a|k),S-B,3.0,AY 6,159372,0.12504078508144467,0.12486289343621451,0.0008280350781817395,0.21483588064986037,,,
upper P(a|k),S-B,3.0,AY 7,159372,0.12334663554451221,0.1247714890603575,0.0008277751715720886,-1.7213049687625224,,,
upper P(a|k),S-B,3.0,AY 8,159372,0.12445097005747559,0.12468008468450051,0.000827515119980863,-0.2768706232584896,,,
upper E[Y|k],S-B,3.0,all,159372,2970.7898247870753,2998.907349921552,44.632933855421285,-0.6299725943527993,,,
upper E[oracle|k],S-B,3.0,all,159372,3012.0850645622527,2998.907349921552,24.336070968343215,0.5414889962246799,,,
upper P(Y>0|k),S-B,3.0,all,159372,0.18961298095022966,0.18976648938212037,0.0009822201762965134,-0.15628719058645466,,,
"upper E[Y|c,k,r]",S-B,3.0,Material r=1,119349,122.11331919597922,121.29911007888214,2.0703557617359873,0.3932701481287287,,11659.444175024322,True
"upper P(Y>0|c,k,r)",S-B,3.0,Material r=1,119349,0.09733638321225985,0.09769201366929797,0.0008594043333693547,-0.4138104070802752,,11659.444175024322,True
"upper E[Y|c,k,r]",S-B,3.0,Technical r=1,11177,132.25184306331894,129.35169994958903,5.975440728100046,0.4853438006826388,,1572.2064463199852,True
"upper P(Y>0|c,k,r)",S-B,3.0,Technical r=1,11177,0.1425248277713161,0.14066443797721412,0.003288599031235171,0.5657089162989936,,1572.2064463199852,True
"upper E[Y|c,k,r]",S-B,3.0,Bodily r=1,19068,8223.497258073074,8567.033893237654,158.57965995700394,-2.166334795128988,,8835.188750653255,True
"upper P(Y>0|c,k,r)",S-B,3.0,Bodily r=1,19068,0.4615061883784351,0.4633516231725011,0.0036111679127302774,-0.5110354430101107,,8835.188750653255,True
"upper E[Y|c,k,r]",S-B,3.0,Bodily r=2,3600,14204.592910465324,14305.267401708466,491.03479121299006,-0.20502516938656987,,2397.348881223063,True
"upper P(Y>0|c,k,r)",S-B,3.0,Bodily r=2,3600,0.6733333333333333,0.6659302447841842,0.007861070641420656,0.9417404939909412,,2397.348881223063,True
"upper E[Y|c,k,r]",S-B,3.0,Bodily r=3,714,16036.227657381114,17470.778949340216,1305.4446574673289,-1.0988985888856067,,499.79999999999995,True
"upper P(Y>0|c,k,r)",S-B,3.0,Bodily r=3,714,0.6988795518207283,0.7,0.017149858514250885,-0.06533279434000312,,499.79999999999995,True
"upper E[Y|c,k,r]",S-B,3.0,Annuity r=1,3301,43698.51918237501,44283.80023928706,1239.1254148885816,-0.47233399450908875,,3214.3387097052732,True
"upper P(Y>0|c,k,r)",S-B,3.0,Annuity r=1,3301,0.9727355346864587,0.973746958408141,0.0027828519888908323,-0.363448622391666,,3214.3387097052732,True
"upper E[Y|c,k,r]",S-B,3.0,Annuity r=2,1455,44357.42361861338,42097.26154705224,1775.0362446192562,1.273304744290412,,1415.9022886826147,True
"upper P(Y>0|c,k,r)",S-B,3.0,Annuity r=2,1455,0.9683848797250859,0.973128720744065,0.004239335810576317,-1.1190057195148606,,1415.9022886826147,True
"upper E[Y|c,k,r]",S-B,3.0,Annuity r=3,684,42709.5676489573,39092.36289378343,2444.3229780491624,1.4798391160487303,,649.8,True
"upper P(Y>0|c,k,r)",S-B,3.0,Annuity r=3,684,0.9576023391812866,0.95,0.008333333333333337,0.9122807017543929,,649.8,True
"upper P(c,r|k)",S-B,4.0,Material r=1,139860,0.7576791076791077,0.7576682752830404,0.0011457712647676822,0.00945423960292909,,,
"upper P(c,r|k)",S-B,4.0,Material r=2,139860,5.005005005005005e-05,3.439808648111307e-05,1.568241385104138e-05,0.9980583166345671,,,
"upper P(c,r|k)",S-B,4.0,Technical r=1,139860,0.06954096954096954,0.07000663583617349,0.0006822801982675844,-0.6825147445087026,,,
"upper P(c,r|k)",S-B,4.0,Technical r=2,139860,0.0001144001144001144,8.90928110832011e-05,2.5238016619182177e-05,1.002745330537522,,,
"upper P(c,r|k)",S-B,4.0,Bodily r=1,139860,0.11365651365651365,0.1137128954543766,0.000848878066364979,-0.06641919504926477,,,
"upper P(c,r|k)",S-B,4.0,Bodily r=2,139860,0.021392821392821393,0.02147759167935002,0.0003876425274941023,-0.21868159584198238,,,
"upper P(c,r|k)",S-B,4.0,Bodily r=3,139860,0.0042471042471042475,0.004056593075936237,0.00016996178792940414,1.1209059017850604,,,
"upper P(c,r|k)",S-B,4.0,Bodily r=4,139860,0.0008365508365508366,0.0007661914626841363,7.398700581428168e-05,0.9509693370118624,,,
"upper P(c,r|k)",S-B,4.0,Annuity r=1,139860,0.018733018733018733,0.018872530829300228,0.00036385724538517305,-0.3834253626963242,,,
"upper P(c,r|k)",S-B,4.0,Annuity r=2,139860,0.008365508365508366,0.008201968088408482,0.00024117034060910654,0.678111067417501,,,
"upper P(c,r|k)",S-B,4.0,Annuity r=3,139860,0.003918203918203919,0.0035645606374545514,0.00015936055155507615,2.2191394124733885,,,
"upper P(c,r|k)",S-B,4.0,Annuity r=4,139860,0.0014657514657514658,0.001549151667152597,0.00010516314184437152,-0.793055436899682,,,
upper P(a|k),S-B,4.0,AY 1,139860,0.14337194337194337,0.14298350113135222,0.000936032208759742,0.41498811360972837,,,
upper P(a|k),S-B,4.0,AY 2,139860,0.14422994422994423,0.14294138170661577,0.0009359173302827271,1.376790963940382,,,
upper P(a|k),S-B,4.0,AY 3,139860,0.1421850421850422,0.1428992622818793,0.0009358024241486933,-0.7632167628619168,,,
upper P(a|k),S-B,4.0,AY 4,139860,0.14227084227084227,0.14285714285714288,0.0009356874903474516,-0.6265987227027046,,,
upper P(a|k),S-B,4.0,AY 5,139860,0.14393679393679393,0.1428150234324064,0.0009355725288688052,1.199020353605144,,,
upper P(a|k),S-B,4.0,AY 6,139860,0.142985842985843,0.14277290400766998,0.0009354575397025501,0.22763083211742507,,,
upper P(a|k),S-B,4.0,AY 7,139860,0.14101959101959102,0.1427307845829335,0.0009353425228384745,-1.8294833406584936,,,
upper E[Y|k],S-B,4.0,all,139860,2294.491644190929,2268.6208652894775,44.57839395624648,0.5803434490449259,,,
upper E[oracle|k],S-B,4.0,all,139860,2297.0462113356275,2268.6208652894775,25.230440177272346,1.12662901821886,,,
upper P(Y>0|k),S-B,4.0,all,139860,0.10219505219505219,0.10149152263225802,0.0008074752350991757,0.8712707612732642,,,
"upper E[Y|c,k,r]",S-B,4.0,Material r=1,105969,19.53842406995602,19.41415310893344,0.6918628941738107,0.17961790127648983,,2733.2096147042735,True
"upper P(Y>0|c,k,r)",S-B,4.0,Material r=1,105969,0.025743377780294237,0.025792538431359334,0.00048694885717570467,-0.10095649746510982,,2733.2096147042735,True
"upper E[Y|c,k,r]",S-B,4.0,Technical r=1,9726,30.000891345507252,27.905625771378553,2.470612293162922,0.8480754264548337,,440.54303999757917,True
"upper P(Y>0|c,k,r)",S-B,4.0,Technical r=1,9726,0.04698745630269381,0.04529539307984473,0.002108600926227996,0.8024577822205332,,440.54303999757917,True
"upper E[Y|c,k,r]",S-B,4.0,Bodily r=1,15896,4649.507632306484,4801.280392347446,123.80674590204232,-1.2258844131243578,,4795.932926889784,True
"upper P(Y>0|c,k,r)",S-B,4.0,Bodily r=1,15896,0.30183694011071965,0.3017069027988036,0.003640554783201179,0.03571909218784852,,4795.932926889784,True
"upper E[Y|c,k,r]",S-B,4.0,Bodily r=2,2992,8224.288185774578,8567.033893237654,400.3310349245286,-0.8561557250431304,,1386.3480565321238,True
"upper P(Y>0|c,k,r)",S-B,4.0,Bodily r=2,2992,0.46557486631016043,0.4633516231725011,0.009116317869400951,0.24387512255596758,,1386.3480565321238,True
"upper E[Y|c,k,r]",S-B,4.0,Bodily r=3,594,14735.571261221117,14305.267401708466,1208.844091462646,0.3559630746029481,,395.5625654018054,True
"upper P(Y>0|c,k,r)",S-B,4.0,Bodily r=3,594,0.6919191919191919,0.6659302447841842,0.019352618118926558,1.342916342135175,,395.5625654018054,True
"upper E[Y|c,k,r]",S-B,4.0,Bodily r=4,117,16130.652471467532,17470.778949340216,3224.8880297913825,-0.41555752184034006,,81.89999999999999,True
"upper P(Y>0|c,k,r)",S-B,4.0,Bodily r=4,117,0.717948717948718,0.7,0.04236592728681617,0.4236592728681628,,81.89999999999999,True
"upper E[Y|c,k,r]",S-B,4.0,Annuity r=1,2620,46848.78056098446,46455.142672476795,1461.227720303281,0.26938846220763074,,2545.7815270420724,True
"upper P(Y>0|c,k,r)",S-B,4.0,Annuity r=1,2620,0.9713740458015268,0.9716723385656765,0.0032412657168647634,-0.09202971623019424,,2545.7815270420724,True
"upper E[Y|c,k,r]",S-B,4.0,Annuity r=2,1170,48384.37659556147,44283.80023928706,2081.3498971500967,1.9701523332954032,,1139.283941337525,True
"upper P(Y>0|c,k,r)",S-B,4.0,Annuity r=2,1170,0.9786324786324786,0.973746958408141,0.004674336133588773,1.0451794831850751,,1139.283941337525,True
"upper E[Y|c,k,r]",S-B,4.0,Annuity r=3,548,39958.063397006226,42097.26154705224,2892.333999750889,-0.7396096544279679,,533.2745389677476,True
"upper P(Y>0|c,k,r)",S-B,4.0,Annuity r=3,548,0.9781021897810219,0.973128720744065,0.006907788580915132,0.7199799152362114,,533.2745389677476,True
"upper E[Y|c,k,r]",S-B,4.0,Annuity r=4,205,39664.06862915752,39092.36289378343,4464.879173836777,0.12804506306109262,,194.75,True
"upper P(Y>0|c,k,r)",S-B,4.0,Annuity r=4,205,0.9463414634146341,0.95,0.01522193539183408,-0.24034634829211704,,194.75,True
"upper P(c,r|k)",S-B,5.0,Material r=1,120224,0.7668934655310088,0.7675623842331005,0.0012181884034450849,-0.5491093990059381,,,
"upper P(c,r|k)",S-B,5.0,Material r=2,120224,4.990684056428001e-05,3.484727833250817e-05,1.7024770974111885e-05,0.8845676840335548,,,
"upper P(c,r|k)",S-B,5.0,Technical r=1,120224,0.06937882619110992,0.06994508741964071,0.000735592542187138,-0.7698028406420837,,,
"upper P(c,r|k)",S-B,5.0,Technical r=2,120224,8.317806760713335e-05,8.901448248790253e-05,2.7209177816461984e-05,-0.2145016993949029,,,
"upper P(c,r|k)",S-B,5.0,Bodily r=1,120224,0.10856401384083045,0.10820278226616828,0.0008958941152674229,0.40320788864020657,,,
"upper P(c,r|k)",S-B,5.0,Bodily r=2,120224,0.020794516901783338,0.02043686572922398,0.00040806352344963337,0.8764595510421851,,,
"upper P(c,r|k)",S-B,5.0,Bodily r=3,120224,0.003942640404578121,0.0038600253347174864,0.00017883794677078611,0.46195492261226173,,,
"upper P(c,r|k)",S-B,5.0,Bodily r=4,120224,0.0008068272557891935,0.000729064612063027,7.784470021821235e-05,0.9989458949444757,,,
"upper P(c,r|k)",S-B,5.0,Bodily r=5,120224,0.00012476710141070003,0.0001377025181109373,3.3841176309281875e-05,-0.3822389795797192,,,
"upper P(c,r|k)",S-B,5.0,Annuity r=1,120224,0.01661066010114453,0.01665607899276903,0.0003690995518603187,-0.12305322885271401,,,
"upper P(c,r|k)",S-B,5.0,Annuity r=2,120224,0.0073446233697098745,0.007238702091009799,0.00024448779526239786,0.4332374897748784,,,
"upper P(c,r|k)",S-B,5.0,Annuity r=3,120224,0.003476843225978174,0.0031459269606692996,0.0001615081806062575,2.048913337186422,,,
"upper P(c,r|k)",S-B,5.0,Annuity r=4,120224,0.0013308490817141336,0.0013672142212009955,0.0001065677034869855,-0.34123977806562117,,,
"upper P(c,r|k)",S-B,5.0,Annuity r=5,120224,0.0005988820867713601,0.0005941888511793529,7.02809458912871e-05,0.06677820755666777,,,
upper P(a|k),S-B,5.0,AY 1,120224,0.16682193239286666,0.1667182712341386,0.0010749591037418668,0.09643265345369666,,,
upper P(a|k),S-B,5.0,AY 2,120224,0.16782838701091296,0.1666976294071498,0.0010749058683167726,1.0519596525543784,,,
upper P(a|k),S-B,5.0,AY 3,120224,0.1654827655043918,0.16667698758016103,0.0010748526269577455,-1.1110565726106456,,,
upper P(a|k),S-B,5.0,AY 4,120224,0.16569902848017035,0.16665634575317229,0.0010747993796639042,-0.8906939202935708,,,
upper P(a|k),S-B,5.0,AY 5,120224,0.16761212403513442,0.16663570392618351,0.0010747461264343657,0.9085123313636063,,,
upper P(a|k),S-B,5.0,AY 6,120224,0.16655576257652382,0.16661506209919477,0.0010746928672682482,-0.05517811132558389,,,
upper E[Y|k],S-B,5.0,all,120224,1713.0245283183294,1729.1077091324146,44.51199293284493,-0.3613224156992877,,,
upper E[oracle|k],S-B,5.0,all,120224,1761.0936091927376,1729.1077091324146,25.20094216025797,1.2692342951671463,,,
upper P(Y>0|k),S-B,5.0,all,120224,0.06420515038594624,0.06344876084131654,0.000703042787324006,1.075879815947969,,,
"upper E[Y|c,k,r]",S-B,5.0,Material r=1,92199,2.993129927252921,3.422130869404801,0.24321132142143176,-1.7639020241517294,,691.7038273105682,True
"upper P(Y>0|c,k,r)",S-B,5.0,Material r=1,92199,0.007039121899369841,0.007502288820914142,0.0002841832923288891,-1.6298175650955293,,691.7038273105682,True
"upper E[Y|c,k,r]",S-B,5.0,Technical r=1,8341,6.145495353187068,6.569617683714621,1.0644929310546536,-0.39842662938808854,,132.79605232058807,True
"upper P(Y>0|c,k,r)",S-B,5.0,Technical r=1,8341,0.014866322982855772,0.015920868196008766,0.0013705324541053942,-0.7694419858458159,,132.79605232058807,True
"upper E[Y|c,k,r]",S-B,5.0,Bodily r=1,13052,2731.9453082970545,2721.0030193995535,96.95511453410329,0.11285932619523703,,2592.8826098178542,True
"upper P(Y>0|c,k,r)",S-B,5.0,Bodily r=1,13052,0.20173153539687405,0.198657876939768,0.0034923949255612273,0.8801004819385133,,2592.8826098178542,True
"upper E[Y|c,k,r]",S-B,5.0,Bodily r=2,2500,4960.117835980855,4801.280392347446,312.1894564646521,0.5087854197004035,,754.2672569970092,True
"upper P(Y>0|c,k,r)",S-B,5.0,Bodily r=2,2500,0.3032,0.3017069027988036,0.009179974893263203,0.16264719877307815,,754.2672569970092,True
"upper E[Y|c,k,r]",S-B,5.0,Bodily r=3,474,8350.558988361146,8567.033893237654,1005.798267128313,-0.2152269614607434,,219.6286693837656,True
"upper P(Y>0|c,k,r)",S-B,5.0,Bodily r=3,474,0.49156118143459915,0.4633516231725011,0.022903986740280945,1.2316440182217818,,219.6286693837656,True
"upper E[Y|c,k,r]",S-B,5.0,Bodily r=4,97,15840.411806284084,14305.267401708466,2991.4217532317807,0.5131822027158577,,64.59523374406587,True
"upper P(Y>0|c,k,r)",S-B,5.0,Bodily r=4,97,0.6804123711340206,0.6659302447841842,0.04789024757766565,0.3024024113959778,,64.59523374406587,True
"upper E[Y|c,k,r]",S-B,5.0,Annuity r=1,1997,39931.79968404796,43899.77616578984,1700.429763743675,-2.3335138953378225,,1744.2600939226313,True
"upper P(Y>0|c,k,r)",S-B,5.0,Annuity r=1,1997,0.8758137205808713,0.873440207272224,0.007440042819229411,0.3190187699609295,,1744.2600939226313,True
"upper E[Y|c,k,r]",S-B,5.0,Annuity r=2,883,50215.38921356894,46455.142672476795,2517.028866626745,1.4939226923255453,,857.9866749534923,True
"upper P(Y>0|c,k,r)",S-B,5.0,Annuity r=2,883,0.9762174405436014,0.9716723385656765,0.005583222423444687,0.8140642863947926,,857.9866749534923,True
"upper E[Y|c,k,r]",S-B,5.0,Annuity r=3,418,45958.503177266655,44283.80023928706,3482.1693285990605,0.48093667479787844,,407.0262286146029,True
"upper P(Y>0|c,k,r)",S-B,5.0,Annuity r=3,418,0.9832535885167464,0.973746958408141,0.007820323693883623,1.2156312808433591,,407.0262286146029,True
"upper E[Y|c,k,r]",S-B,5.0,Annuity r=4,160,36955.054488755784,42097.26154705224,5352.771822518104,-0.9606624808223958,,155.7005953190504,True
"upper P(Y>0|c,k,r)",S-B,5.0,Annuity r=4,160,0.975,0.973128720744065,0.012784075447379003,0.14637579883171367,,155.7005953190504,True
"upper E[Y|c,k,r]",S-B,5.0,Annuity r=5,72,37193.35032266635,39092.36289378343,7533.909396832544,-0.25206203991721376,,68.39999999999999,True
"upper P(Y>0|c,k,r)",S-B,5.0,Annuity r=5,72,0.9583333333333334,0.95,0.02568505834570408,0.3244428422615281,,68.39999999999999,True
"upper P(c,r|k)",S-B,6.0,Material r=1,100240,0.7765562649640861,0.777742466721296,0.0013131841210241595,-0.9033019347543148,,,
"upper P(c,r|k)",S-B,6.0,Material r=2,100240,5.985634477254589e-05,3.530945336244855e-05,1.8767970001424755e-05,1.3079140369594517,,,
"upper P(c,r|k)",S-B,6.0,Technical r=1,100240,0.06888467677573823,0.06991091563390624,0.0008054048487329095,-1.2741900669986361,,,
"upper P(c,r|k)",S-B,6.0,Technical r=2,100240,8.978451715881884e-05,8.89709943183247e-05,2.9790951359866385e-05,0.02730771604662799,,,
"upper P(c,r|k)",S-B,6.0,Bodily r=1,100240,0.10385075818036713,0.10274242364057552,0.0009589874886786058,1.1557340975519659,,,
"upper P(c,r|k)",S-B,6.0,Bodily r=2,100240,0.01962290502793296,0.019405537202105864,0.00043569946250612704,0.49889394991861086,,,
"upper P(c,r|k)",S-B,6.0,Bodily r=3,100240,0.003920590582601756,0.003665232537434479,0.00019086789345566953,1.337878469469176,,,
"upper P(c,r|k)",S-B,6.0,Bodily r=4,100240,0.0007182761372705507,0.0006922730050477837,8.307451072948665e-05,0.3130097546700017,,,
"upper P(c,r|k)",S-B,6.0,Bodily r=5,100240,8.978451715881884e-05,0.0001307534811565706,3.611417569308459e-05,-1.1344288831600495,,,
"upper P(c,r|k)",S-B,6.0,Bodily r=6,100240,2.9928172386272946e-05,3.0446800346471788e-05,1.7427845016284045e-05,-0.02975858229828491,,,
"upper P(c,r|k)",S-B,6.0,Annuity r=1,100240,0.014624900239425379,0.014449156893708003,0.00037691224015600703,0.4662712615664463,,,
"upper P(c,r|k)",S-B,6.0,Annuity r=2,100240,0.006524341580207502,0.006279577700443197,0.0002495035894425681,0.9810034409170123,,,
"upper P(c,r|k)",S-B,6.0,Annuity r=3,100240,0.0029928172386272946,0.0027290932187936114,0.00016477648374370535,1.6004954945141423,,,
"upper P(c,r|k)",S-B,6.0,Annuity r=4,100240,0.0011472466081404629,0.0011860590237365194,0.000108711357709208,-0.3570226369527632,,,
"upper P(c,r|k)",S-B,6.0,Annuity r=5,100240,0.0005187549880287311,0.0005154591268995456,7.169099838669553e-05,0.045973151488389596,,,
"upper P(c,r|k)",S-B,6.0,Annuity r=6,100240,0.0003691141260973663,0.0003962095919746825,6.285732729532642e-05,-0.43106296502254837,,,
upper P(a|k),S-B,6.0,AY 1,100240,0.20007980845969672,0.20000000000000004,0.0012633958975454042,0.06316979487724148,,,
upper P(a|k),S-B,6.0,AY 2,100240,0.20131683958499602,0.19999999999999998,0.0012633958975454042,1.0423016154749583,,,
upper P(a|k),S-B,6.0,AY 3,100240,0.19852354349561052,0.19999999999999998,0.0012633958975454042,-1.1686412052294985,,,
upper P(a|k),S-B,6.0,AY 4,100240,0.19890263367917,0.19999999999999998,0.0012633958975454042,-0.8685846795624652,,,
upper P(a|k),S-B,6.0,AY 5,100240,0.20117717478052674,0.2,0.0012633958975454042,0.9317544744397354,,,
upper E[Y|k],S-B,6.0,all,100240,1382.1468490896673,1305.3417379618422,44.42827827055277,1.7287438117702567,,,
upper E[oracle|k],S-B,6.0,all,100240,1338.388298016721,1305.3417379618422,24.3379640787798,1.3578194111845157,,,
upper P(Y>0|k),S-B,6.0,all,100240,0.04320630486831604,0.04226891475386961,0.000635494522480368,1.4750561669481361,,,
"upper E[Y|c,k,r]",S-B,6.0,Material r=1,77842,0.8762844672934293,0.6186414174461886,0.08773993479523562,2.936439951186641,,174.3073329748378,True
"upper P(Y>0|c,k,r)",S-B,6.0,Material r=1,77842,0.0022866832815189742,0.0022392366336679652,0.00016941669807452636,0.28005886308879197,,174.3073329748378,True
"upper E[Y|c,k,r]",S-B,6.0,Technical r=1,6905,1.720012035805192,1.5948774717326863,0.47276755863004544,0.26468517517384726,,39.86150450211182,True
"upper P(Y>0|c,k,r)",S-B,6.0,Technical r=1,6905,0.006227371469949312,0.0057728240628606466,0.0009117066747887938,0.49856759817401347,,39.86150450211182,True
"upper E[Y|c,k,r]",S-B,6.0,Bodily r=1,10410,1509.429926597805,1576.4648333305147,77.41624042624619,-0.8659023786691542,,1392.0700395236233,True
"upper P(Y>0|c,k,r)",S-B,6.0,Bodily r=1,10410,0.1340057636887608,0.13372430735097213,0.003335860477782459,0.08437293455863354,,1392.0700395236233,True
"upper E[Y|c,k,r]",S-B,6.0,Bodily r=2,1967,2796.5245928856502,2721.0030193995535,249.75090828727667,0.30238758290811824,,390.760043940524,True
"upper P(Y>0|c,k,r)",S-B,6.0,Bodily r=2,1967,0.19217081850533807,0.198657876939768,0.008996212411775267,-0.7210877353161343,,390.760043940524,True
"upper E[Y|c,k,r]",S-B,6.0,Bodily r=3,393,5751.587194146776,4801.280392347446,787.3937455184159,1.2069016387393998,,118.57081279992985,True
"upper P(Y>0|c,k,r)",S-B,6.0,Bodily r=3,393,0.30279898218829515,0.3017069027988036,0.023153423875447113,0.04716707970995433,,118.57081279992985,True
"upper E[Y|c,k,r]",S-B,6.0,Bodily r=4,72,6694.692635655721,8567.033893237654,2580.6779176944165,-0.7255230281718719,,33.36131686842009,True
"upper P(Y>0|c,k,r)",S-B,6.0,Bodily r=4,72,0.5,0.4633516231725011,0.05876706566274903,0.6236210097304445,,33.36131686842009,True
"upper E[Y|c,k,r]",S-B,6.0,Annuity r=1,1466,38234.43003690885,39578.866865857155,1977.5200250777696,-0.6798600327172062,,1098.1282273719937,True
"upper P(Y>0|c,k,r)",S-B,6.0,Annuity r=1,1466,0.757162346521146,0.7490642751514281,0.011323320623122614,0.7151675413289375,,1098.1282273719937,True
"upper E[Y|c,k,r]",S-B,6.0,Annuity r=2,654,52495.082654455844,43899.77616578984,2971.384519264525,2.892694107053338,,571.2298955560345,True
"upper P(Y>0|c,k,r)",S-B,6.0,Annuity r=2,654,0.8776758409785933,0.873440207272224,0.013000965124870593,0.32579379035996126,,571.2298955560345,True
"upper E[Y|c,k,r]",S-B,6.0,Annuity r=3,300,47401.74220804072,46455.142672476795,4318.251382418095,0.21920899265337723,,291.50170156970296,True
"upper P(Y>0|c,k,r)",S-B,6.0,Annuity r=3,300,0.99,0.9716723385656765,0.009578657705542717,1.9133851524643337,,291.50170156970296,True
"upper E[Y|c,k,r]",S-B,6.0,Annuity r=4,115,42709.80255282569,44283.80023928706,6638.792681890456,-0.23709095341310776,,111.9809002169362,True
"upper P(Y>0|c,k,r)",S-B,6.0,Annuity r=4,115,0.9739130434782609,0.973746958408141,0.014909529896369653,0.011139524268997121,,111.9809002169362,True
"upper E[Y|c,k,r]",S-B,6.0,Annuity r=5,52,62190.48805402184,42097.26154705224,9389.382904920412,2.1399943649587385,,50.60269347869138,True
"upper P(Y>0|c,k,r)",S-B,6.0,Annuity r=5,52,0.9807692307692307,0.973128720744065,0.022424751781099702,0.34071770781451477,,50.60269347869138,True
"upper P(c,r|k)",S-B,7.0,Material r=1,80074,0.7869595624047756,0.7882975430553706,0.0014436511920287503,-0.9268032735211563,,,
"upper P(c,r|k)",S-B,7.0,Material r=2,80074,4.9953792741713915e-05,3.57886530866532e-05,2.1140689301645433e-05,0.6700415229109017,,,
"upper P(c,r|k)",S-B,7.0,Technical r=1,80074,0.06918600294727377,0.06991091563390622,0.0009011332342341422,-0.8044456236802107,,,
"upper P(c,r|k)",S-B,7.0,Technical r=2,80074,9.990758548342783e-05,8.897099431832468e-05,3.333182857300009e-05,0.32811254687545566,,,
"upper P(c,r|k)",S-B,7.0,Bodily r=1,80074,0.0982715987711367,0.09733492765949259,0.0010474948886922911,0.8942011285739672,,,
"upper P(c,r|k)",S-B,7.0,Bodily r=2,80074,0.018532857107175862,0.018384193138837133,0.00047473067706208465,0.3131543325970663,,,
"upper P(c,r|k)",S-B,7.0,Bodily r=3,80074,0.003759022903813972,0.003472325561780031,0.00020787829151185376,1.3791596031930684,,,
"upper P(c,r|k)",S-B,7.0,Bodily r=4,80074,0.0005869570647151385,0.0006558375837294792,9.047111204389893e-05,-0.7613537344486061,,,
"upper P(c,r|k)",S-B,7.0,Bodily r=5,80074,9.990758548342783e-05,0.00012387171899043528,3.932904675899001e-05,-0.6093240360962888,,,
"upper P(c,r|k)",S-B,7.0,Bodily r=6,80074,1.2488448185428479e-05,2.8844337170341686e-05,1.897921547004952e-05,-0.8617789818933191,,,
"upper P(c,r|k)",S-B,7.0,Annuity r=1,80074,0.01247595973724305,0.012250372149013304,0.00038873381151155787,0.580313781691818,,,
"upper P(c,r|k)",S-B,7.0,Annuity r=2,80074,0.005732197717111672,0.005323989789506188,0.00025716606933976453,1.58733198611114,,,
"upper P(c,r|k)",S-B,7.0,Annuity r=3,80074,0.002560131878012838,0.002313796424629366,0.0001697906591404478,1.450818641205157,,,
"upper P(c,r|k)",S-B,7.0,Annuity r=4,80074,0.0009616105102779928,0.0010055717809940054,0.00011200626358373929,-0.39248939576620834,,,
"upper P(c,r|k)",S-B,7.0,Annuity r=5,80074,0.0004121187901191398,0.00043701969454526676,7.386008861293028e-05,-0.3371361298606365,,,
"upper P(c,r|k)",S-B,7.0,Annuity r=6,80074,0.0002997227564502835,0.00033591682797853514,6.475855698585343e-05,-0.5589079376206345,,,
upper P(a|k),S-B,7.0,AY 1,80074,0.2504683168069536,0.25000000000000006,0.001530223524445968,0.30604470488916385,,,
upper P(a|k),S-B,7.0,AY 2,80074,0.2520168843819467,0.24999999999999997,0.0015302235244459676,1.318032529056157,,,
upper P(a|k),S-B,7.0,AY 3,80074,0.24852011889002673,0.24999999999999997,0.0015302235244459676,-0.9671012674498222,,,
upper P(a|k),S-B,7.0,AY 4,80074,0.24899467992107302,0.24999999999999997,0.0015302235244459676,-0.6569759664954393,,,
upper E[Y|k],S-B,7.0,all,80074,1077.3873994274973,958.4980238888741,44.38379487194146,2.678666298851851,,,
upper E[oracle|k],S-B,7.0,all,80074,996.4357386498385,958.4980238888741,23.41083420709087,1.6205195605320881,,,
upper P(Y>0|k),S-B,7.0,all,80074,0.02963508754402178,0.02852751125927929,0.0005883035025160441,1.8826613814223951,,,
"upper E[Y|c,k,r]",S-B,7.0,Material r=1,63015,0.14847584811161335,0.1124546273215364,0.032403728155432264,1.1116381614267505,,42.38890073945092,True
"upper P(Y>0|c,k,r)",S-B,7.0,Material r=1,63015,0.0006982464492581132,0.000672660363095819,0.00010328323514689868,0.24772738892138058,,42.38890073945092,True
"upper E[Y|c,k,r]",S-B,7.0,Technical r=1,5540,0.35080885719346766,0.3906155193151668,0.21405262073797196,-0.18596671222459657,,11.706135613177025,True
"upper P(Y>0|c,k,r)",S-B,7.0,Technical r=1,5540,0.002707581227436823,0.0021129798501501257,0.0006169265802912474,0.9638122205822117,,11.706135613177025,True
"upper E[Y|c,k,r]",S-B,7.0,Bodily r=1,7869,945.7096330748602,927.9225589454875,63.77611181781146,0.278898691412623,,719.6270545444643,True
"upper P(Y>0|c,k,r)",S-B,7.0,Bodily r=1,7869,0.09137120345660185,0.09145089014416813,0.003249439081501655,-0.024523213258533152,,719.6270545444643,True
"upper E[Y|c,k,r]",S-B,7.0,Bodily r=2,1484,1636.059697236884,1576.4648333305147,205.04089604707846,0.2906486708519161,,198.44687210884314,True
"upper P(Y>0|c,k,r)",S-B,7.0,Bodily r=2,1484,0.14016172506738545,0.13372430735097213,0.00883519811458915,0.7286104547880495,,198.44687210884314,True
"upper E[Y|c,k,r]",S-B,7.0,Bodily r=3,301,2500.345552831152,2721.0030193995535,638.4487021967703,-0.3456150287551133,,59.796020958870216,True
"upper P(Y>0|c,k,r)",S-B,7.0,Bodily r=3,301,0.19601328903654486,0.198657876939768,0.022997394397372046,-0.1149951102080217,,59.796020958870216,True
"upper E[Y|c,k,r]",S-B,7.0,Annuity r=1,999,37186.297255632504,35305.78507315663,2367.3361395966012,0.7943579076169209,,634.9681841238261,True
"upper P(Y>0|c,k,r)",S-B,7.0,Annuity r=1,999,0.6356356356356356,0.6356037879117378,0.0152264065412739,0.002091611294597375,,634.9681841238261,True
"upper E[Y|c,k,r]",S-B,7.0,Annuity r=2,459,47796.9417808355,39578.866865857155,3534.121958202009,2.3253512505152214,,343.8205022945055,True
"upper P(Y>0|c,k,r)",S-B,7.0,Annuity r=2,459,0.7625272331154684,0.7490642751514281,0.02023645553342273,0.6652824128121022,,343.8205022945055,True
"upper E[Y|c,k,r]",S-B,7.0,Annuity r=3,205,50049.904548459985,43899.77616578984,5307.26532801807,1.1588130614466252,,179.05524249080594,True
"upper P(Y>0|c,k,r)",S-B,7.0,Annuity r=3,205,0.9219512195121952,0.873440207272224,0.023221353880875893,2.089069073613434,,179.05524249080594,True
"upper E[Y|c,k,r]",S-B,7.0,Annuity r=4,77,47480.414498966675,46455.142672476795,8523.602448973053,0.12028620910321867,,74.81877006955709,True
"upper P(Y>0|c,k,r)",S-B,7.0,Annuity r=4,77,0.987012987012987,0.9716723385656765,0.018906882218403847,0.8113790666331034,,74.81877006955709,True
"upper P(c,r|k)",S-B,8.0,Material r=1,60136,0.7975754955434349,0.7988526193894452,0.0016346442603382082,-0.7812854925059087,,,
"upper P(c,r|k)",S-B,8.0,Material r=2,60136,6.651589729945457e-05,3.626785281085786e-05,2.4557591904937565e-05,1.2317186719971114,,,
"upper P(c,r|k)",S-B,8.0,Technical r=1,60136,0.06907675934548357,0.06991091563390622,0.0010398423478457067,-0.80219495787108,,,
"upper P(c,r|k)",S-B,8.0,Technical r=2,60136,9.977384594918186e-05,8.897099431832468e-05,3.846251094134359e-05,0.28086704082663316,,,
"upper P(c,r|k)",S-B,8.0,Bodily r=1,60136,0.09325528801383531,0.09192743167840965,0.0011781906528391848,1.1270301052090381,,,
"upper P(c,r|k)",S-B,8.0,Bodily r=2,60136,0.017643341758680323,0.017362849075568402,0.0005326474059562237,0.5266010497288982,,,
"upper P(c,r|k)",S-B,8.0,Bodily r=3,60136,0.003708261274444592,0.003279418586125585,0.00023314057932998406,1.8394167568402118,,,
"upper P(c,r|k)",S-B,8.0,Bodily r=4,60136,0.0005986430756950911,0.0006194021624111746,0.00010145759113636959,-0.20460851163104324,,,
"upper P(c,r|k)",S-B,8.0,Bodily r=5,60136,8.314487162431822e-05,0.00011698995682429998,4.410436932262816e-05,-0.7673862186397307,,,
"upper P(c,r|k)",S-B,8.0,Bodily r=6,60136,1.6628974324863642e-05,2.724187399421159e-05,2.1283610655184875e-05,-0.4986418818351458,,,
"upper P(c,r|k)",S-B,8.0,Annuity r=1,60136,0.010110416389517094,0.010051587404318609,0.0004067769539582886,0.1446222177191439,,,
"upper P(c,r|k)",S-B,8.0,Annuity r=2,60136,0.004622854862312092,0.004368401878569179,0.0002689325436679413,0.9461591381706999,,,
"upper P(c,r|k)",S-B,8.0,Annuity r=3,60136,0.0020287348676333644,0.0018984996304651205,0.00017751103003623697,0.7336740547427256,,,
"upper P(c,r|k)",S-B,8.0,Annuity r=4,60136,0.0007815617932685912,0.0008250845382514915,0.00011708539271451859,-0.3717179741542901,,,
"upper P(c,r|k)",S-B,8.0,Annuity r=5,60136,0.00021617666622322735,0.00035858026219098805,7.720546498215138e-05,-1.8444755950978606,,,
"upper P(c,r|k)",S-B,8.0,Annuity r=6,60136,0.0001164028202740455,0.0002756240639823878,6.76910791978453e-05,-2.3521746970967268,,,
upper P(a|k),S-B,8.0,AY 1,60136,0.3335107090594652,0.3333333333333334,0.0019223234971636476,0.09227152786380263,,,
upper P(a|k),S-B,8.0,AY 2,60136,0.3355727018757483,0.3333333333333333,0.0019223234971636476,1.164928039281181,,,
upper P(a|k),S-B,8.0,AY 3,60136,0.3309165890647865,0.3333333333333333,0.0019223234971636476,-1.257199567145015,,,
upper E[Y|k],S-B,8.0,all,60136,694.106531572113,686.1828339210845,44.944737592001985,0.17629867422873935,,,
upper E[oracle|k],S-B,8.0,all,60136,703.1265050728247,686.1828339210845,22.239273649307787,0.7618806000108546,,,
upper P(Y>0|k),S-B,8.0,all,60136,0.019239723293867233,0.019188999601619176,0.0005594374843723975,0.0906690982728136,,,
"upper E[Y|c,k,r]",S-B,8.0,Material r=1,47963,0.03778423228972917,0.020447883766051528,0.012345839447229065,1.4042259821845215,,9.710045098855762,True
"upper P(Y>0|c,k,r)",S-B,8.0,Material r=1,47963,0.00029189166649292163,0.00020241357409023485,6.495651088783164e-05,1.3775076767469785,,9.710045098855762,True
"upper E[Y|c,k,r]",S-B,8.0,Technical r=1,4154,0.13010484543897477,0.09589305014988456,0.10035407865395159,0.34091086030555745,,3.2231657464727492,False
"upper P(Y>0|c,k,r)",S-B,8.0,Technical r=1,4154,0.001685122773230621,0.0007758517489399153,0.00043200381909421143,2.1047754304514883,,3.2231657464727492,False
"upper E[Y|c,k,r]",S-B,8.0,Bodily r=1,5608,524.2755196962323,551.6542036090219,54.265037943739976,-0.5045363451357912,,354.2437852990029,True
"upper P(Y>0|c,k,r)",S-B,8.0,Bodily r=1,5608,0.06044935805991441,0.06316757940424317,0.0032484341755383075,-0.8367789517786105,,354.2437852990029,True
"upper E[Y|c,k,r]",S-B,8.0,Bodily r=2,1061,1012.529147446608,927.9225589454875,173.68412264057034,0.48712908937686367,,97.0293944429631,True
"upper P(Y>0|c,k,r)",S-B,8.0,Bodily r=2,1061,0.10179076343072573,0.09145089014416813,0.008849331824380304,1.1684354809784379,,97.0293944429631,True
"upper E[Y|c,k,r]",S-B,8.0,Bodily r=3,223,1958.3457604329135,1576.4648333305147,528.9382938607797,0.7219763279285515,,29.82052053926686,True
"upper P(Y>0|c,k,r)",S-B,8.0,Bodily r=3,223,0.13452914798206278,0.13372430735097213,0.022791914719197063,0.035312550130452876,,29.82052053926686,True
"upper E[Y|c,k,r]",S-B,8.0,Annuity r=1,608,30531.773662899217,31560.281601876824,2990.2968926205754,-0.3439484358612514,,328.6018068720048,True
"upper P(Y>0|c,k,r)",S-B,8.0,Annuity r=1,608,0.5394736842105263,0.5404634981447447,0.020211167498224016,-0.048973614923796545,,328.6018068720048,True
"upper E[Y|c,k,r]",S-B,8.0,Annuity r=2,278,43344.78910263519,35305.78507315663,4487.6633925254,1.7913562864069166,,176.6978530394631,True
"upper P(Y>0|c,k,r)",S-B,8.0,Annuity r=2,278,0.60431654676259,0.6356037879117378,0.028864083174359813,-1.0839506302746702,,176.6978530394631,True
"upper E[Y|c,k,r]",S-B,8.0,Annuity r=3,122,36429.94208245534,39578.866865857155,6855.007903218849,-0.45936121852218476,,91.38584156847423,True
"upper P(Y>0|c,k,r)",S-B,8.0,Annuity r=3,122,0.7704918032786885,0.7490642751514281,0.03925191723868075,0.5458976181205388,,91.38584156847423,True
"upper P(c,r|k)",S-B,9.0,Material r=1,40236,0.806243165324585,0.80940769572352,0.0019580732990656683,-1.6161450137975335,,,
"upper P(c,r|k)",S-B,9.0,Material r=2,40236,9.941346058256288e-05,3.674705253506252e-05,3.022009851143723e-05,2.0736665707354778,,,
"upper P(c,r|k)",S-B,9.0,Technical r=1,40236,0.07078238393478477,0.06991091563390622,0.0012712394715175053,0.6855264648432103,,,
"upper P(c,r|k)",S-B,9.0,Technical r=2,40236,9.941346058256288e-05,8.89709943183247e-05,4.70216107120548e-05,0.22207802127801382,,,
"upper P(c,r|k)",S-B,9.0,Bodily r=1,40236,0.08711104483547072,0.08651993569732674,0.0014015230061825465,0.42176199429935174,,,
"upper P(c,r|k)",S-B,9.0,Bodily r=2,40236,0.016999701759618253,0.016341505012299674,0.0006320636277477441,1.0413457101842005,,,
"upper P(c,r|k)",S-B,9.0,Bodily r=3,40236,0.0037777115021373894,0.0030865116104711395,0.0002765383032386406,2.4994725272099982,,,
"upper P(c,r|k)",S-B,9.0,Bodily r=4,40236,0.0005219206680584551,0.0005829667410928703,0.00012033386415511838,-0.507305848299883,,,
"upper P(c,r|k)",S-B,9.0,Bodily r=5,40236,7.456009543692216e-05,0.00011010819465816468,5.2309252047579114e-05,-0.6795757505557317,,,
"upper P(c,r|k)",S-B,9.0,Bodily r=6,40236,2.485336514564072e-05,2.56394108180815e-05,2.524300499328326e-05,-0.031139148158071336,,,
"upper P(c,r|k)",S-B,9.0,Annuity r=1,40236,0.008226463863207079,0.007852802659623914,0.00044004085223496293,0.8491511678639453,,,
"upper P(c,r|k)",S-B,9.0,Annuity r=2,40236,0.003901978327865593,0.003412813967632172,0.00029074118582045127,1.6824735678677014,,,
"upper P(c,r|k)",S-B,9.0,Annuity r=3,40236,0.0014912019087384432,0.0014832028363008754,0.00019185386884277566,0.041693568578087856,,,
"upper P(c,r|k)",S-B,9.0,Annuity r=4,40236,0.000447360572621533,0.0006445972955089779,0.00012653096554976796,-1.5588020057419585,,,
"upper P(c,r|k)",S-B,9.0,Annuity r=5,40236,0.00014912019087384433,0.00028014082983670945,8.342956233710451e-05,-1.5704342117181997,,,
"upper P(c,r|k)",S-B,9.0,Annuity r=6,40236,4.970673029128144e-05,0.00021533129998624047,7.314748823935366e-05,-2.2642550507407897,,,
upper P(a|k),S-B,9.0,AY 1,40236,0.4984590913609703,0.5000000000000001,0.0024926574747466167,-0.6181790537371972,,,
upper P(a|k),S-B,9.0,AY 2,40236,0.5015409086390297,0.49999999999999994,0.0024926574747466163,0.6181790537371973,,,
upper E[Y|k],S-B,9.0,all,40236,408.7074682656019,472.41119980665064,47.11769896854905,-1.352012787881913,,,
upper E[oracle|k],S-B,9.0,all,40236,489.33474813948123,472.41119980665064,22.017653060075897,0.7686354347874467,,,
upper P(Y>0|k),S-B,9.0,all,40236,0.01205388209563575,0.012642952036285387,0.0005569984167913957,-1.0575792011097456,,,
"upper E[Y|c,k,r]",S-B,9.0,Material r=1,32440,0.0011708306306432022,0.003710638014436982,0.004987469261853835,-0.5092377016173804,,1.9776083524065966,False
"upper P(Y>0|c,k,r)",S-B,9.0,Material r=1,32440,6.165228113440197e-05,6.090884006623094e-05,4.332978310786783e-05,0.017157738046374757,,1.9776083524065966,False
"upper E[Y|c,k,r]",S-B,9.0,Technical r=1,2848,0.0,0.023537118333592722,0.04920728304590135,-0.4783259078059018,,0.8124029866795898,False
"upper P(Y>0|c,k,r)",S-B,9.0,Technical r=1,2848,0.0,0.00028515733288587985,0.0003163809673420187,-0.9013100101486666,,0.8124029866795898,False
"upper E[Y|c,k,r]",S-B,9.0,Bodily r=1,3505,372.31771618171973,330.06424155696357,49.39602916710922,0.8554022527157105,,153.90971075660937,True
"upper P(Y>0|c,k,r)",S-B,9.0,Bodily r=1,3505,0.04336661911554922,0.04391147239845952,0.0034609397761544486,-0.15742928746240903,,153.90971075660937,True
"upper E[Y|c,k,r]",S-B,9.0,Bodily r=2,684,527.6814936225466,551.6542036090219,155.3803382862211,-0.15428406354937915,,43.20662431250321,True
"upper P(Y>0|c,k,r)",S-B,9.0,Bodily r=2,684,0.059941520467836254,0.06316757940424317,0.009301436435352039,-0.3468344872137822,,43.20662431250321,True
"upper E[Y|c,k,r]",S-B,9.0,Bodily r=3,152,413.073176549524,927.9225589454875,458.8767113068463,-1.1219775807094485,,13.900535301913656,True
"upper P(Y>0|c,k,r)",S-B,9.0,Bodily r=3,152,0.08552631578947369,0.09145089014416813,0.02338010074322193,-0.25340243054393263,,13.900535301913656,True
"upper E[Y|c,k,r]",S-B,9.0,Annuity r=1,331,24405.87200520866,28364.390436812744,3991.3763116784785,-0.9917677819607599,,152.93675109661078,True
"upper P(Y>0|c,k,r)",S-B,9.0,Annuity r=1,331,0.40483383685800606,0.46204456524655824,0.02740318773067561,-2.087739899125294,,152.93675109661078,True
"upper E[Y|c,k,r]",S-B,9.0,Annuity r=2,157,24714.161700052122,31560.281601876824,5884.590861131852,-1.1633977728245848,,84.85276920872492,True
"upper P(Y>0|c,k,r)",S-B,9.0,Annuity r=2,157,0.5222929936305732,0.5404634981447447,0.03977345923288065,-0.45684999154285116,,84.85276920872492,True
"upper E[Y|c,k,r]",S-B,9.0,Annuity r=3,60,28138.407703277197,35305.78507315663,9659.775806096035,-0.7419817513110692,,38.13622727470427,True
"upper P(Y>0|c,k,r)",S-B,9.0,Annuity r=3,60,0.6166666666666667,0.6356037879117378,0.062130455857546014,-0.3047961097934079,,38.13622727470427,True
"upper P(c,r|k)",S-B,10.0,Material r=1,20056,0.8197048264858396,0.8199627720575948,0.002713039180769619,-0.09507624275515546,,,
"upper P(c,r|k)",S-B,10.0,Technical r=1,20056,0.07229756681292382,0.06991091563390622,0.001800580773061808,1.3254896501861437,,,
"upper P(c,r|k)",S-B,10.0,Technical r=2,20056,9.972078181092939e-05,8.897099431832468e-05,6.660130531146518e-05,0.16140505718818368,,,
"upper P(c,r|k)",S-B,10.0,Bodily r=1,20056,0.07703430394894296,0.08111243971624382,0.0019277590818767793,-2.115479992100761,,,
"upper P(c,r|k)",S-B,10.0,Bodily r=2,20056,0.016154766653370563,0.015320160949030943,0.0008672753970660874,0.9623306589383404,,,
"upper P(c,r|k)",S-B,10.0,Bodily r=3,20056,0.0031910650179497405,0.0028936046348166924,0.00037928719958410355,0.7842615924271105,,,
"upper P(c,r|k)",S-B,10.0,Bodily r=4,20056,0.000498603909054647,0.0005465313197745659,0.00016503142768154879,-0.2904138405225556,,,
"upper P(c,r|k)",S-B,10.0,Bodily r=5,20056,0.0001495811727163941,0.00010322643249202936,7.17382671845579e-05,0.6461647603657602,,,
"upper P(c,r|k)",S-B,10.0,Annuity r=1,20056,0.006182688472277623,0.005654017914929218,0.000529450290875283,0.99852727717726,,,
"upper P(c,r|k)",S-B,10.0,Annuity r=2,20056,0.002991623454327882,0.0024572260566951636,0.0003495957618297781,1.5286152064192418,,,
"upper P(c,r|k)",S-B,10.0,Annuity r=3,20056,0.0011467889908256881,0.0010679060421366303,0.0002306281655803662,0.342035191107522,,,
"upper P(c,r|k)",S-B,10.0,Annuity r=4,20056,0.000498603909054647,0.00046411005276646405,0.00015208539975479973,0.22680583635112792,,,
"upper P(c,r|k)",S-B,10.0,Annuity r=5,20056,4.9860390905464696e-05,0.00020170139748243083,0.00010027403468368737,-1.5142604668890194,,,
upper P(a|k),S-B,10.0,AY 1,20056,1.0,1.0,0.0,,,,
upper E[Y|k],S-B,10.0,all,20056,349.69554748978453,302.96663239325795,55.04612850261297,0.8489046617385346,,,
upper E[oracle|k],S-B,10.0,all,20056,313.7590281794111,302.96663239325795,23.563069920730754,0.4580216339577208,,,
upper P(Y>0|k),S-B,10.0,all,20056,0.008027522935779817,0.00797241838648607,0.0006279640100703244,0.08775112651372349,,,
"upper E[Y|c,k,r]",S-B,10.0,Material r=1,16440,0.019098913077968044,0.0006706153781789755,0.00232509446865941,7.925827508597683,,0.30184025258899977,False
"upper P(Y>0|c,k,r)",S-B,10.0,Material r=1,16440,6.082725060827251e-05,1.8293186789847508e-05,3.3357216640740726e-05,1.275108300447231,,0.30184025258899977,False
"upper E[Y|c,k,r]",S-B,10.0,Technical r=1,1450,0.0,0.005768195182264402,0.027988533444725013,-0.2060913692979341,,0.15212427746119125,False
"upper P(Y>0|c,k,r)",S-B,10.0,Technical r=1,1450,0.0,0.00010478962680699215,0.0002688143134801365,-0.38982160380658215,,0.15212427746119125,False
"upper E[Y|c,k,r]",S-B,10.0,Bodily r=1,1545,171.2347530246624,198.32134607643545,53.606906392211684,-0.5052817794333367,,47.362104474207776,True
"upper P(Y>0|c,k,r)",S-B,10.0,Bodily r=1,1545,0.02977346278317152,0.030655083802071464,0.004385571343895904,-0.20102763124057602,,47.362104474207776,True
"upper E[Y|c,k,r]",S-B,10.0,Bodily r=2,324,329.59532231006335,330.06424155696357,162.46639519251983,-0.0028862537778631243,,14.227317057101695,True
"upper P(Y>0|c,k,r)",S-B,10.0,Bodily r=2,324,0.05246913580246913,0.04391147239845952,0.01138323097810103,0.7517780690273944,,14.227317057101695,True
"upper E[Y|c,k,r]",S-B,10.0,Bodily r=3,64,576.905336199907,551.6542036090219,507.9653943021012,0.04971034025965063,,4.042725081871645,False
"upper P(Y>0|c,k,r)",S-B,10.0,Bodily r=3,64,0.109375,0.06316757940424317,0.03040801608860005,1.5195802469033806,,4.042725081871645,False
"upper E[Y|c,k,r]",S-B,10.0,Annuity r=1,124,24152.771759340525,25630.444415650334,6423.602775053155,-0.2300379877237321,,49.24624984764445,True
"upper P(Y>0|c,k,r)",S-B,10.0,Annuity r=1,124,0.3548387096774194,0.397147176190681,0.043941061757112015,-0.9628457943762333,,49.24624984764445,True
"upper E[Y|c,k,r]",S-B,10.0,Annuity r=2,60,18996.539177899136,28364.390436812744,9374.779187739749,-0.9992610035194002,,27.722673914793493,True
"upper P(Y>0|c,k,r)",S-B,10.0,Annuity r=2,60,0.45,0.46204456524655824,0.0643634711324,-0.1871335562648842,,27.722673914793493,True
"lower P(c,r|k)",S-B,2.0,Material r=1,18486,0.6839770637238992,0.682110695157534,0.003424868597660805,0.5449460360727242,,,
"lower P(c,r|k)",S-B,2.0,Technical r=1,18486,0.07200043275992643,0.07569706086687115,0.001945472970410895,-1.9001179472382854,,,
"lower P(c,r|k)",S-B,2.0,Bodily r=1,18486,0.1977712863788813,0.19321648282378948,0.0029038830397013883,1.568521697609493,,,
"lower P(c,r|k)",S-B,2.0,Annuity r=1,18486,0.046251217137293084,0.04897576115180549,0.001587321562268652,-1.7164411290541495,,,
lower P(a|k),S-B,2.0,AY 10,18486,1.0,1.0,0.0,,,,
lower E[Y|k],S-B,2.0,all,18486,5334.506340255934,5421.077203681184,163.36077885819242,-0.5299366471581203,,,
lower E[oracle|k],S-B,2.0,all,18486,5320.937945005223,5421.077203681184,82.2508979152687,-1.2174852945571524,,,
lower P(Y>0|k),S-B,2.0,all,18486,0.47830790868765555,0.4781679437046399,0.003673957530489269,0.03809651631901739,,,
"lower E[Y|c,k,r]",S-B,2.0,Material r=1,12644,804.1648135929106,804.8974084468763,20.101606411333325,-0.03644459248553592,,4969.830998120339,True
"lower P(Y>0|c,k,r)",S-B,2.0,Material r=1,12644,0.39655172413793105,0.3930584464702435,0.004343699362076662,0.8042171836720867,,4969.830998120339,True
"lower E[Y|c,k,r]",S-B,2.0,Technical r=1,1331,570.9270887753688,611.5058162028361,43.84059473001619,-0.9255971018952519,,593.0855782212685,True
"lower P(Y>0|c,k,r)",S-B,2.0,Technical r=1,1331,0.43275732531930877,0.4455939723246926,0.013623685129521118,-0.9422301589727842,,593.0855782212685,True
"lower E[Y|c,k,r]",S-B,2.0,Bodily r=1,3656,14272.010893790039,14305.267401708466,487.25961875063877,-0.0682521322076707,,2434.6409749309773,True
"lower P(Y>0|c,k,r)",S-B,2.0,Bodily r=1,3656,0.6646608315098468,0.6659302447841842,0.007800633177637733,-0.16273208154133453,,2434.6409749309773,True
"lower E[Y|c,k,r]",S-B,2.0,Annuity r=1,855,41529.17955560939,42097.26154705224,2315.55800543357,-0.24533265420681238,,832.0250562361756,True
"lower P(Y>0|c,k,r)",S-B,2.0,Annuity r=1,855,0.9614035087719298,0.973128720744065,0.0055302690317778945,-2.120188349745743,,832.0250562361756,True
"lower P(c,r|k)",S-B,3.0,Material r=1,38102,0.6756338249960632,0.6733353915701239,0.0024026630918741435,0.9566191089015473,,,
"lower P(c,r|k)",S-B,3.0,Material r=2,38102,2.624534145189229e-05,1.5536562339594983e-05,2.0192970271002444e-05,0.5303221353064316,,,
"lower P(c,r|k)",S-B,3.0,Technical r=1,38102,0.07301453991916435,0.07349187837875125,0.0013368122075092948,-0.3570721877804125,,,
"lower P(c,r|k)",S-B,3.0,Technical r=2,38102,2.624534145189229e-05,4.6764124274376524e-05,3.5032599300941256e-05,-0.585705406733349,,,
"lower P(c,r|k)",S-B,3.0,Bodily r=1,38102,0.1827725578709779,0.1819032846001373,0.0019762810608432344,0.4398530593971816,,,
"lower P(c,r|k)",S-B,3.0,Bodily r=2,38102,0.015537242139520235,0.016641716697601384,0.0006553617134525846,-1.685290024439393,,,
"lower P(c,r|k)",S-B,3.0,Annuity r=1,38102,0.043855965566112015,0.04523760454183035,0.0010646909591103416,-1.2976901549655686,,,
"lower P(c,r|k)",S-B,3.0,Annuity r=2,38102,0.009133378825258517,0.009327823524941778,0.0004924716754189536,-0.39483428060678827,,,
lower P(a|k),S-B,3.0,AY 9,38102,0.5148286179203192,0.5145658395640893,0.0025604232178860326,0.10263082852640104,,,
lower P(a|k),S-B,3.0,AY 10,38102,0.48517138207968086,0.4854341604359107,0.0025604232178860326,-0.10263082852640104,,,
lower E[Y|k],S-B,3.0,all,38102,4082.414228181302,4283.627066327395,111.97674859098238,-1.7969162408980441,,,
lower E[oracle|k],S-B,3.0,all,38102,4132.257207987277,4283.627066327395,57.6643821945252,-2.6250148285554635,,,
lower P(Y>0|k),S-B,3.0,all,38102,0.2209070390005774,0.22463868609065824,0.0021380627786846164,-1.7453402805957963,,,
"lower E[Y|c,k,r]",S-B,3.0,Material r=1,25743,116.31187752085275,121.29911007888214,4.457843247834479,-1.118754581703176,,2514.885515569055,True
"lower P(Y>0|c,k,r)",S-B,3.0,Material r=1,25743,0.09470535679602222,0.09769201366929797,0.001850449992931607,-1.614016528241374,,2514.885515569055,True
"lower E[Y|c,k,r]",S-B,3.0,Technical r=1,2782,141.36218885939292,129.35169994958903,11.977164254999545,1.0027823493186567,,391.32847218951406,True
"lower P(Y>0|c,k,r)",S-B,3.0,Technical r=1,2782,0.1434219985621855,0.14066443797721412,0.006591662867763041,0.41834065853965313,,391.32847218951406,True
"lower E[Y|c,k,r]",S-B,3.0,Bodily r=1,6964,8549.342790683952,8567.033893237654,262.4041339322701,-0.06741929819699098,,3226.780703773299,True
"lower P(Y>0|c,k,r)",S-B,3.0,Bodily r=1,6964,0.46367030442274554,0.4633516231725011,0.005975453528409084,0.05333172599022285,,3226.780703773299,True
"lower E[Y|c,k,r]",S-B,3.0,Bodily r=2,592,12298.844337566372,14305.267401708466,1210.8843361066968,-1.6569898580018456,,394.230704912237,True
"lower P(Y>0|c,k,r)",S-B,3.0,Bodily r=2,592,0.6503378378378378,0.6659302447841842,0.01938528078878147,-0.8043425894233052,,394.230704912237,True
"lower E[Y|c,k,r]",S-B,3.0,Annuity r=1,1671,42950.449056310004,44283.80023928706,1741.6055572548792,-0.7655873498007709,,1627.1311675000036,True
"lower P(Y>0|c,k,r)",S-B,3.0,Annuity r=1,1671,0.9742669060442849,0.973746958408141,0.003911331678485394,0.13293366016591004,,1627.1311675000036,True
"lower E[Y|c,k,r]",S-B,3.0,Annuity r=2,348,38999.77366230309,42097.26154705224,3629.5192160593765,-0.8534154802222388,,338.6487948189346,True
"lower P(Y>0|c,k,r)",S-B,3.0,Annuity r=2,348,0.9712643678160919,0.973128720744065,0.008668414988402585,-0.21507425872750102,,338.6487948189346,True
"lower P(c,r|k)",S-B,4.0,Material r=1,57936,0.6752796188898095,0.6744733017948362,0.0019467107832262989,0.4141946004104977,,,
"lower P(c,r|k)",S-B,4.0,Material r=2,57936,3.452085059375863e-05,2.0744971142795656e-05,1.892246275213792e-05,0.7280172581873112,,,
"lower P(c,r|k)",S-B,4.0,Technical r=1,57936,0.07306338028169014,0.07242264205998024,0.0010768073169367311,0.5950351670460954,,,
"lower P(c,r|k)",S-B,4.0,Technical r=2,57936,1.7260425296879315e-05,6.144500151190995e-05,3.2565344953350895e-05,-1.3567974261695683,,,
"lower P(c,r|k)",S-B,4.0,Bodily r=1,57936,0.17495167080916874,0.1736549923879594,0.0015738019777358464,0.8239145963425606,,,
"lower P(c,r|k)",S-B,4.0,Bodily r=2,57936,0.020712510356255178,0.02116076862776002,0.0005979256017099792,-0.7496890419525271,,,
"lower P(c,r|k)",S-B,4.0,Bodily r=3,57936,0.002071251035625518,0.0019317639166859313,0.00018242438390165007,0.7646297932122256,,,
"lower P(c,r|k)",S-B,4.0,Annuity r=1,57936,0.04059652029826015,0.04230165915222043,0.0008362166576652562,-2.0391113216054335,,,
"lower P(c,r|k)",S-B,4.0,Annuity r=2,57936,0.010925849212924606,0.01159620364094944,0.0004447857504646502,-1.5071400721010968,,,
"lower P(c,r|k)",S-B,4.0,Annuity r=3,57936,0.002347417840375587,0.00237643887003832,0.00020228907038704437,-0.14346316193557274,,,
lower P(a|k),S-B,4.0,AY 8,57936,0.34234327533830433,0.34303269370129613,0.001972265518403918,-0.3495565665771744,,,
lower P(a|k),S-B,4.0,AY 9,57936,0.33858050262358463,0.3380529335317507,0.0019653039710622795,0.2684414724653577,,,
lower P(a|k),S-B,4.0,AY 10,57936,0.31907622203811103,0.31891437276695306,0.0019362598952890164,0.08358860892164402,,,
lower E[Y|k],S-B,4.0,all,57936,3502.89814242907,3636.5066925946717,90.20839026970378,-1.4811100138927282,,,
lower E[oracle|k],S-B,4.0,all,57936,3495.5744390440486,3636.5066925946717,48.57525342649611,-2.9013179265010156,,,
lower P(Y>0|k),S-B,4.0,all,57936,0.137013256006628,0.13887938538587052,0.0014367348695625431,-1.2988683011575541,,,
"lower E[Y|c,k,r]",S-B,4.0,Material r=1,39123,16.53975778092462,19.41415310893344,1.1386582115555426,-2.524370613445148,,1009.0815215400287,True
"lower P(Y>0|c,k,r)",S-B,4.0,Material r=1,39123,0.024384633080285253,0.025792538431359334,0.0008014135741342545,-1.756777519765625,,1009.0815215400287,True
"lower E[Y|c,k,r]",S-B,4.0,Technical r=1,4233,32.444999042642316,27.905625771378553,3.7449635618544295,1.2121274870338012,,191.73541932035292,True
"lower P(Y>0|c,k,r)",S-B,4.0,Technical r=1,4233,0.050318922749822824,0.04529539307984473,0.0031962253474853933,1.5717069742689818,,191.73541932035292,True
"lower E[Y|c,k,r]",S-B,4.0,Bodily r=1,10136,4802.334204339591,4801.280392347446,155.0439895502651,0.00679685807365055,,3058.1011667686744,True
"lower P(Y>0|c,k,r)",S-B,4.0,Bodily r=1,10136,0.30574191002367795,0.3017069027988036,0.00455909032784376,0.8850465629582621,,3058.1011667686744,True
"lower E[Y|c,k,r]",S-B,4.0,Bodily r=2,1200,8181.290606510962,8567.033893237654,632.1344088819524,-0.6102235241535918,,556.0219478070015,True
"lower P(Y>0|c,k,r)",S-B,4.0,Bodily r=2,1200,0.45916666666666667,0.4633516231725011,0.014394932455436927,-0.2907242891753758,,556.0219478070015,True
"lower E[Y|c,k,r]",S-B,4.0,Bodily r=3,120,15541.843881920528,14305.267401708466,2689.508316671942,0.45977789789556356,,79.9116293741021,True
"lower P(Y>0|c,k,r)",S-B,4.0,Bodily r=3,120,0.7,0.6659302447841842,0.04305685716447698,0.7912736195693405,,79.9116293741021,True
"lower E[Y|c,k,r]",S-B,4.0,Annuity r=1,2352,45724.46281977594,46455.142672476795,1542.232636577891,-0.47378056680358316,,2285.373340306471,True
"lower P(Y>0|c,k,r)",S-B,4.0,Annuity r=1,2352,0.9749149659863946,0.9716723385656765,0.003420949180550971,0.9478736016171612,,2285.373340306471,True
"lower E[Y|c,k,r]",S-B,4.0,Annuity r=2,633,44327.71043154553,44283.80023928706,2829.672484358339,0.015517764865436007,,616.3818246723532,True
"lower P(Y>0|c,k,r)",S-B,4.0,Annuity r=2,633,0.966824644549763,0.973746958408141,0.006354933573624041,-1.0892818592327687,,616.3818246723532,True
"lower E[Y|c,k,r]",S-B,4.0,Annuity r=3,136,45566.73096359546,42097.26154705224,5805.896210288275,0.5975768926759628,,132.34550602119285,True
"lower P(Y>0|c,k,r)",S-B,4.0,Annuity r=3,136,0.9705882352941176,0.973128720744065,0.013866276697940843,-0.1832132377918438,,132.34550602119285,True
"lower P(c,r|k)",S-B,5.0,Material r=1,77659,0.6810929834275486,0.6796987939073891,0.0016743322393738998,0.8326839126509905,,,
"lower P(c,r|k)",S-B,5.0,Material r=2,77659,3.8630422745592914e-05,2.3512919256095572e-05,1.7400121203907055e-05,0.8688159876784552,,,
"lower P(c,r|k)",S-B,5.0,Technical r=1,77659,0.07234190499491366,0.07181942941920834,0.0009264912345867616,0.56392932410026,,,
"lower P(c,r|k)",S-B,5.0,Technical r=2,77659,9.013765307305013e-05,6.854987510386734e-05,2.970930901679005e-05,0.7266334587917401,,,
"lower P(c,r|k)",S-B,5.0,Bodily r=1,77659,0.16714096241259868,0.1666534928458373,0.001337285460952808,0.3645216978684988,,,
"lower P(c,r|k)",S-B,5.0,Bodily r=2,77659,0.021787558428514403,0.02282066472152604,0.0005358649917617947,-1.9279227210104417,,,
"lower P(c,r|k)",S-B,5.0,Bodily r=3,77659,0.003090433819647433,0.0027744246110367613,0.0001887501351442451,1.674219774037108,,,
"lower P(c,r|k)",S-B,5.0,Bodily r=4,77659,0.0002575361516372861,0.0002526530404517372,5.703106709869129e-05,0.08562195017495833,,,
"lower P(c,r|k)",S-B,5.0,Annuity r=1,77659,0.03830850255604631,0.03969051616776328,0.0007005724995623366,-1.9726917807655107,,,
"lower P(c,r|k)",S-B,5.0,Annuity r=2,77659,0.01184666297531516,0.01220081437599276,0.0003939425074050041,-0.8989926043028001,,,
"lower P(c,r|k)",S-B,5.0,Annuity r=3,77659,0.0034252308167759048,0.003321651009451669,0.00020647078819825844,0.5016680966257372,,,
"lower P(c,r|k)",S-B,5.0,Annuity r=4,77659,0.0005794563411838936,0.0006754381878684829,9.322882045470944e-05,-1.0295297764838414,,,
lower P(a|k),S-B,5.0,AY 7,77659,0.25396927593710966,0.2562467961359963,0.001566562585021309,-1.4538328826841558,,,
lower P(a|k),S-B,5.0,AY 8,77659,0.2553986015786966,0.25513166497043843,0.0015643215958160788,0.17064049296008224,,,
lower P(a|k),S-B,5.0,AY 9,77659,0.2525914575258502,0.25142795238986465,0.001556781583668894,0.7473785328597397,,,
lower P(a|k),S-B,5.0,AY 10,77659,0.23804066495834353,0.23719358650370048,0.001526380263737613,0.5549589933564912,,,
lower E[Y|k],S-B,5.0,all,77659,3028.9318633606217,3077.940923784647,75.95304456500973,-0.6452547189478041,,,
lower E[oracle|k],S-B,5.0,all,77659,2990.2660073431334,3077.940923784647,40.79853300451459,-2.148972278778062,,,
lower P(Y>0|k),S-B,5.0,all,77659,0.09585495563939787,0.09810663101902709,0.001067409051186472,-2.1094775026747015,,,
"lower E[Y|c,k,r]",S-B,5.0,Material r=1,52893,3.6640688926587237,3.422130869404801,0.3211055356785813,0.7534532929886844,,396.81873488799096,True
"lower P(Y>0|c,k,r)",S-B,5.0,Material r=1,52893,0.00741118862609419,0.007502288820914142,0.00037519975542606306,-0.2428045154680392,,396.81873488799096,True
"lower E[Y|c,k,r]",S-B,5.0,Technical r=1,5618,6.587950415307616,6.569617683714621,1.2970627136175024,0.014134036388930786,,89.44349861372304,True
"lower P(Y>0|c,k,r)",S-B,5.0,Technical r=1,5618,0.014951940192239232,0.015920868196008766,0.0016699655696741568,-0.5802083715765416,,89.44349861372304,True
"lower E[Y|c,k,r]",S-B,5.0,Bodily r=1,12980,2655.4835989729036,2721.0030193995535,97.22364744744995,-0.6739041596033892,,2578.579242678191,True
"lower P(Y>0|c,k,r)",S-B,5.0,Bodily r=1,12980,0.19969183359013867,0.198657876939768,0.0035020676796848707,0.29524176713332845,,2578.579242678191,True
"lower E[Y|c,k,r]",S-B,5.0,Bodily r=2,1692,4122.297243777578,4801.280392347446,379.4792701079067,-1.7892496430089468,,510.4880795355758,True
"lower P(Y>0|c,k,r)",S-B,5.0,Bodily r=2,1692,0.2777777777777778,0.3017069027988036,0.011158641331306021,-2.1444479045931564,,510.4880795355758,True
"lower E[Y|c,k,r]",S-B,5.0,Bodily r=3,240,7219.898916694851,8567.033893237654,1413.4955091766924,-0.9530521800719821,,111.2043895614003,True
"lower P(Y>0|c,k,r)",S-B,5.0,Bodily r=3,240,0.4625,0.4633516231725011,0.03218804750187493,-0.026457745610431516,,111.2043895614003,True
"lower E[Y|c,k,r]",S-B,5.0,Annuity r=1,2975,45348.25786101753,43899.77616578984,1393.1704220142208,1.0397017280438003,,2598.4846166348666,True
"lower P(Y>0|c,k,r)",S-B,5.0,Annuity r=1,2975,0.8719327731092437,0.873440207272224,0.006095663470068608,-0.24729615904524577,,2598.4846166348666,True
"lower E[Y|c,k,r]",S-B,5.0,Annuity r=2,920,48638.09275627823,46455.142672476795,2465.895308906196,0.8852565945996032,,893.9385514804223,True
"lower P(Y>0|c,k,r)",S-B,5.0,Annuity r=2,920,0.967391304347826,0.9716723385656765,0.005469799001949136,-0.7826675562163976,,893.9385514804223,True
"lower E[Y|c,k,r]",S-B,5.0,Annuity r=3,266,39668.32683227187,44283.80023928706,4365.1302641894135,-1.05735066943581,,259.0166909365655,True
"lower P(Y>0|c,k,r)",S-B,5.0,Annuity r=3,266,0.9736842105263158,0.973746958408141,0.009803294558815373,-0.006400693302510029,,259.0166909365655,True
"lower P(c,r|k)",S-B,6.0,Material r=1,97683,0.6884514193872014,0.6869042516044778,0.001483806239052193,1.042702033462282,,,
"lower P(c,r|k)",S-B,6.0,Material r=2,97683,3.071158748195694e-05,2.5340074360456253e-05,1.610604638032235e-05,0.33350910550359303,,,
"lower P(c,r|k)",S-B,6.0,Technical r=1,97683,0.07221317936590808,0.07144108584051555,0.0008240797846829061,0.9369159876790731,,,
"lower P(c,r|k)",S-B,6.0,Technical r=2,97683,8.189756661855185e-05,7.273467251604705e-05,2.7286350577019545e-05,0.3358050420352566,,,
"lower P(c,r|k)",S-B,6.0,Bodily r=1,97683,0.1599254732143771,0.16024971280741435,0.0011737192189339716,-0.27624970930587384,,,
"lower P(c,r|k)",S-B,6.0,Bodily r=2,97683,0.02277776071578473,0.023378849961635945,0.0004834651122343562,-1.243293943327678,,,
"lower P(c,r|k)",S-B,6.0,Bodily r=3,97683,0.0032861398605693926,0.0031934932570748644,0.00018052150242100451,0.5132164437589383,,,
"lower P(c,r|k)",S-B,6.0,Bodily r=4,97683,0.0004606738122293541,0.00038722214978469886,6.294866162763601e-05,1.1668502640953398,,,
"lower P(c,r|k)",S-B,6.0,Bodily r=5,97683,6.142317496391388e-05,3.516193123684694e-05,1.8972267098701627e-05,1.3841911243629996,,,
"lower P(c,r|k)",S-B,6.0,Annuity r=1,97683,0.035891608570580345,0.03723451668839948,0.0006057921228107101,-2.2167804222814977,,,
"lower P(c,r|k)",S-B,6.0,Annuity r=2,97683,0.01176253800558951,0.012164440779083996,0.00035073483925258703,-1.1458878004561475,,,
"lower P(c,r|k)",S-B,6.0,Annuity r=3,97683,0.003931083197690488,0.0037103511835885035,0.00019453189761647826,1.134682881350186,,,
"lower P(c,r|k)",S-B,6.0,Annuity r=4,97683,0.0009213476244587083,0.0010012329270939198,0.00010119068676809675,-0.789453112600058,,,
"lower P(c,r|k)",S-B,6.0,Annuity r=5,97683,0.0002047439165463796,0.0002015357642335357,4.541745571827156e-05,0.07063698884288812,,,
lower P(a|k),S-B,6.0,AY 6,97683,0.20498960924623527,0.2042143869061884,0.001289827744849258,0.6010278063428308,,,
lower P(a|k),S-B,6.0,AY 7,97683,0.20190821330221226,0.2039175137664088,0.0012891302635326327,-1.5586481219441766,,,
lower P(a|k),S-B,6.0,AY 8,97683,0.20304454203904468,0.20303010842814528,0.0012870389376344854,0.011214587591185224,,,
lower P(a|k),S-B,6.0,AY 9,97683,0.20081283334868913,0.2000827472414901,0.0012800232506111188,0.5703694107512917,,,
lower P(a|k),S-B,6.0,AY 10,97683,0.1892448020638187,0.18875524365776733,0.0012520335583270177,0.3910106105346832,,,
lower E[Y|k],S-B,6.0,all,97683,2563.306792915756,2568.838217034077,64.82562402695197,-0.08532774194385241,,,
lower E[oracle|k],S-B,6.0,all,97683,2505.253592402287,2568.838217034077,33.550005498384294,-1.895219499587034,,,
lower P(Y>0|k),S-B,6.0,all,97683,0.07101542745411177,0.07248418947698144,0.0008296077675443548,-1.7704294491084906,,,
"lower E[Y|c,k,r]",S-B,6.0,Material r=1,67250,0.6180608438756173,0.6186414174461886,0.09439699206986278,-0.0061503397284270005,,150.58924671203005,True
"lower P(Y>0|c,k,r)",S-B,6.0,Material r=1,67250,0.0024237918215613383,0.0022392366336679652,0.00018227078401603517,1.0125330227203988,,150.58924671203005,True
"lower E[Y|c,k,r]",S-B,6.0,Technical r=1,7054,2.0974287880151317,1.5948774717326863,0.4677478299671058,1.074406515830949,,40.72165861808788,True
"lower P(Y>0|c,k,r)",S-B,6.0,Technical r=1,7054,0.008080521689821377,0.0057728240628606466,0.0009020263994736002,2.5583482127656625,,40.72165861808788,True
"lower E[Y|c,k,r]",S-B,6.0,Bodily r=1,15622,1654.804757212977,1576.4648333305147,63.19593224904938,1.2396355444798532,,2089.041129436892,True
"lower P(Y>0|c,k,r)",S-B,6.0,Bodily r=1,15622,0.13167328127000383,0.13372430735097213,0.002723108376039797,-0.7531929683794282,,2089.041129436892,True
"lower E[Y|c,k,r]",S-B,6.0,Bodily r=2,2225,2578.174182433385,2721.0030193995535,234.82495545880272,-0.608235341457251,,442.0137761909842,True
"lower P(Y>0|c,k,r)",S-B,6.0,Bodily r=2,2225,0.18337078651685393,0.198657876939768,0.008458568552884323,-1.8072904803379832,,442.0137761909842,True
"lower E[Y|c,k,r]",S-B,6.0,Bodily r=3,321,3917.4985307282072,4801.280392347446,871.2358140444161,-1.0144002890751032,,96.84791579841598,True
"lower P(Y>0|c,k,r)",S-B,6.0,Bodily r=3,321,0.3052959501557632,0.3017069027988036,0.02561881169726512,0.14009421667839422,,96.84791579841598,True
"lower E[Y|c,k,r]",S-B,6.0,Annuity r=1,3506,39514.10434620886,39578.866865857155,1278.739024879815,-0.05064561133135471,,2626.219348680907,True
"lower P(Y>0|c,k,r)",S-B,6.0,Annuity r=1,3506,0.7538505419281232,0.7490642751514281,0.007322086142436849,0.653675289198676,,2626.219348680907,True
"lower E[Y|c,k,r]",S-B,6.0,Annuity r=2,1149,49099.70510369219,43899.77616578984,2241.752775845853,2.319581799531988,,1003.5827981557854,True
"lower P(Y>0|c,k,r)",S-B,6.0,Annuity r=2,1149,0.8781549173194082,0.873440207272224,0.009808541933363685,0.480673894164341,,1003.5827981557854,True
"lower E[Y|c,k,r]",S-B,6.0,Annuity r=3,384,44682.08674865572,46455.142672476795,3816.831044220023,-0.4645361304389109,,373.12217800921974,True
"lower P(Y>0|c,k,r)",S-B,6.0,Annuity r=3,384,0.9765625,0.9716723385656765,0.00846641727281754,0.5775951357871272,,373.12217800921974,True
"lower E[Y|c,k,r]",S-B,6.0,Annuity r=4,90,45197.93189870505,44283.80023928706,7504.413776356375,0.1218125341513121,,87.63722625673269,True
"lower P(Y>0|c,k,r)",S-B,6.0,Annuity r=4,90,0.9444444444444444,0.973746958408141,0.01685355860840841,-1.738654407922919,,87.63722625673269,True
"lower P(c,r|k)",S-B,7.0,Material r=1,117849,0.6964590280783036,0.6951544939773625,0.0013409655323394208,0.9728319404789106,,,
"lower P(c,r|k)",S-B,7.0,Material r=2,117849,4.24271737562474e-05,2.6706561276382317e-05,1.5053595284382497e-05,1.0443094943687368,,,
"lower P(c,r|k)",S-B,7.0,Technical r=1,117849,0.07143887517076937,0.07118142278356213,0.0007490069162492045,0.34372497986599815,,,
"lower P(c,r|k)",S-B,7.0,Technical r=2,117849,7.636891276124533e-05,7.548990388485056e-05,2.5308423452061317e-05,0.03473187012457586,,,
"lower P(c,r|k)",S-B,7.0,Bodily r=1,117849,0.15412095138694432,0.1541614941803095,0.001051886134936988,-0.03854294872668344,,,
"lower P(c,r|k)",S-B,7.0,Bodily r=2,117849,0.022978557306383592,0.023397866636500626,0.00044033581863077507,-0.952248970844289,,,
"lower P(c,r|k)",S-B,7.0,Bodily r=3,117849,0.0035044845522660354,0.0034044871205371917,0.00016967675920723257,0.5893407688598834,,,
"lower P(c,r|k)",S-B,7.0,Bodily r=4,117849,0.0005939804325874636,0.00046371963262801255,6.271393794412372e-05,2.0770629979496684,,,
"lower P(c,r|k)",S-B,7.0,Bodily r=5,117849,5.939804325874636e-05,5.605460810254626e-05,2.180873809541721e-05,0.15330713503789004,,,
"lower P(c,r|k)",S-B,7.0,Bodily r=6,117849,1.697086950249896e-05,6.254409580682031e-06,7.284988158829904e-06,1.4710332656927996,,,
"lower P(c,r|k)",S-B,7.0,Annuity r=1,117849,0.033712632266714185,0.03486043863562993,0.0005343164336962553,-2.148177178410054,,,
"lower P(c,r|k)",S-B,7.0,Annuity r=2,117849,0.011404424305679301,0.011814441790819584,0.0003147479454657077,-1.3026851836430955,,,
"lower P(c,r|k)",S-B,7.0,Annuity r=3,117849,0.004064523245848501,0.003825732137224534,0.00017982993544506391,1.3278718475485152,,,
"lower P(c,r|k)",S-B,7.0,Annuity r=4,117849,0.0010861356481599335,0.0011551086103404075,9.894582776724896e-05,-0.697078024782607,,,
"lower P(c,r|k)",S-B,7.0,Annuity r=5,117849,0.00033093195529872974,0.00030805044505673027,5.111884902499955e-05,0.4476139560734106,,,
"lower P(c,r|k)",S-B,7.0,Annuity r=6,117849,0.00011031065176624325,0.00010816065217919938,3.029341327644133e-05,0.07097251034157591,,,
lower P(a|k),S-B,7.0,AY 5,117849,0.17111727719369701,0.16969553833412085,0.0010934299034193757,1.300256061344312,,,
lower P(a|k),S-B,7.0,AY 6,117849,0.1699123454590196,0.16956011658457032,0.001093082652025234,0.3222344383534621,,,
lower P(a|k),S-B,7.0,AY 7,117849,0.1673582295988935,0.16931362149206255,0.0010924499350327018,-1.7899144212137585,,,
lower P(a|k),S-B,7.0,AY 8,117849,0.16830011285628219,0.16857680488039625,0.0010905536268020317,-0.25371702712635447,,,
lower P(a|k),S-B,7.0,AY 9,117849,0.1664502880805098,0.1661295977369756,0.0010842010796906815,0.2957849328334001,,,
lower P(a|k),S-B,7.0,AY 10,117849,0.1568617468115979,0.15672432097187436,0.0010589855523020842,0.12977121304892913,,,
lower E[Y|k],S-B,7.0,all,117849,2066.896341419492,2130.2835220636407,55.94027572466333,-1.133122420707024,,,
lower E[oracle|k],S-B,7.0,all,117849,2085.4508845908003,2130.2835220636407,27.395079214024637,-1.636521549092245,,,
lower P(Y>0|k),S-B,7.0,all,117849,0.05402676306120544,0.05456830348092341,0.0006616409160417456,-0.8184808505461304,,,
"lower E[Y|c,k,r]",S-B,7.0,Material r=1,82077,0.1287110044108964,0.1124546273215364,0.02839266859635632,0.5725554480442956,,55.21151798765235,True
"lower P(Y>0|c,k,r)",S-B,7.0,Material r=1,82077,0.0006335514212264093,0.000672660363095819,9.049843440912289e-05,-0.43215048000285844,,55.21151798765235,True
"lower E[Y|c,k,r]",S-B,7.0,Technical r=1,8419,0.33778708591502876,0.3906155193151668,0.17363816079140446,-0.3042443732377588,,17.78952269446523,True
"lower P(Y>0|c,k,r)",S-B,7.0,Technical r=1,8419,0.002375579047392802,0.0021129798501501257,0.0005004470226796899,0.5247292627230842,,17.78952269446523,True
"lower E[Y|c,k,r]",S-B,7.0,Bodily r=1,18163,847.2387605746748,927.9225589454875,41.97822003615602,-1.922039531483694,,1661.0225176885378,True
"lower P(Y>0|c,k,r)",S-B,7.0,Bodily r=1,18163,0.09227550514782801,0.09145089014416813,0.0021388207099709965,0.38554657705323087,,1661.0225176885378,True
"lower E[Y|c,k,r]",S-B,7.0,Bodily r=2,2708,1451.1225775387031,1576.4648333305147,151.78648767524817,-0.8257800658777029,,362.12542430643344,True
"lower P(Y>0|c,k,r)",S-B,7.0,Bodily r=2,2708,0.1310930576070901,0.13372430735097213,0.006540469318962333,-0.40230289533709945,,362.12542430643344,True
"lower E[Y|c,k,r]",S-B,7.0,Bodily r=3,413,2266.723645434085,2721.0030193995535,545.0473474920622,-0.8334677272639777,,82.04570317612425,True
"lower P(Y>0|c,k,r)",S-B,7.0,Bodily r=3,413,0.24213075060532688,0.198657876939768,0.01963300852893464,2.214274679374261,,82.04570317612425,True
"lower E[Y|c,k,r]",S-B,7.0,Bodily r=4,70,3108.213313587714,4801.280392347446,1865.688849495532,-0.9074755842687939,,21.11948319591626,True
"lower P(Y>0|c,k,r)",S-B,7.0,Bodily r=4,70,0.14285714285714285,0.3017069027988036,0.054860843126998134,-2.8955034390181935,,21.11948319591626,True
"lower E[Y|c,k,r]",S-B,7.0,Annuity r=1,3973,34351.20725754356,35305.78507315663,1187.0892978702664,-0.8041331156178886,,2525.253849373334,True
"lower P(Y>0|c,k,r)",S-B,7.0,Annuity r=1,3973,0.6289957211175434,0.6356037879117378,0.0076352081767518225,-0.8654730350791241,,2525.253849373334,True
"lower E[Y|c,k,r]",S-B,7.0,Annuity r=2,1344,40622.522834163334,39578.866865857155,2065.32423321634,0.5053230633336868,,1006.7423858035195,True
"lower P(Y>0|c,k,r)",S-B,7.0,Annuity r=2,1344,0.7693452380952381,0.7490642751514281,0.011826089337575113,1.7149340212889437,,1006.7423858035195,True
"lower E[Y|c,k,r]",S-B,7.0,Annuity r=3,479,47952.28136898134,43899.77616578984,3472.0020572286126,1.16719550748949,,418.3778592833953,True
"lower P(Y>0|c,k,r)",S-B,7.0,Annuity r=3,479,0.918580375782881,0.873440207272224,0.015191361928035156,2.9714365785303456,,418.3778592833953,True
"lower E[Y|c,k,r]",S-B,7.0,Annuity r=4,128,52265.016897510926,46455.142672476795,6610.945292495252,0.8788265471852419,,124.37405933640659,True
"lower P(Y>0|c,k,r)",S-B,7.0,Annuity r=4,128,0.9765625,0.9716723385656765,0.014664264874598713,0.33347470712931626,,124.37405933640659,True
"lower P(c,r|k)",S-B,8.0,Material r=1,137787,0.7049213641344975,0.7040734916408284,0.0012296933075542963,0.6894991527239772,,,
"lower P(c,r|k)",S-B,8.0,Material r=2,137787,3.628789363292618e-05,2.7815598842932284e-05,1.4208035866590382e-05,0.5963030266495988,,,
"lower P(c,r|k)",S-B,8.0,Technical r=1,137787,0.07116055941416824,0.07099710183195344,0.0006918703550999044,0.236254640786272,,,
"lower P(c,r|k)",S-B,8.0,Technical r=2,137787,7.98333659924376e-05,7.744569564729288e-05,2.37070602021859e-05,0.10071558112990198,,,
"lower P(c,r|k)",S-B,8.0,Bodily r=1,137787,0.14822878791177688,0.1482707895080539,0.000957358171927905,-0.04387239541961473,,,
"lower P(c,r|k)",S-B,8.0,Bodily r=2,137787,0.022723478992938376,0.02311501915999708,0.0004048225749292832,-0.9671895573686817,,,
"lower P(c,r|k)",S-B,8.0,Bodily r=3,137787,0.003563471154753351,0.003498287803242179,0.00015906061977882924,0.4098019459612849,,,
"lower P(c,r|k)",S-B,8.0,Bodily r=4,137787,0.0005878638768534041,0.0005074492552217524,6.067111387264792e-05,1.325418580585922,,,
"lower P(c,r|k)",S-B,8.0,Bodily r=5,137787,7.257578726585236e-05,6.888843849243891e-05,2.235908817509609e-05,0.1649149886854724,,,
"lower P(c,r|k)",S-B,8.0,Bodily r=6,137787,1.4515157453170474e-05,1.0229121225628118e-05,8.61614143353062e-06,0.49744265000836635,,,
"lower P(c,r|k)",S-B,8.0,Annuity r=1,137787,0.031672073562817975,0.03253722252309231,0.00047797287262966363,-1.8100377862755037,,,
"lower P(c,r|k)",S-B,8.0,Annuity r=2,137787,0.011067807558042486,0.011288729149088628,0.0002846119604522088,-0.776220334152958,,,
"lower P(c,r|k)",S-B,8.0,Annuity r=3,137787,0.004078759244340903,0.0037871351655909516,0.00016547308109748433,1.7623656779446075,,,
"lower P(c,r|k)",S-B,8.0,Annuity r=4,137787,0.0011466974388004674,0.001211967771141262,9.372988372654314e-05,-0.6963663001142796,,,
"lower P(c,r|k)",S-B,8.0,Annuity r=5,137787,0.00042819714486852896,0.00036090007070247094,5.1169477075600105e-05,1.3151800255185389,,,
"lower P(c,r|k)",S-B,8.0,Annuity r=6,137787,0.0002177273617975571,0.00016744398166157291,3.4857343486453475e-05,1.442547684551053,,,
lower P(a|k),S-B,8.0,AY 4,137787,0.14470160465065646,0.1450766740341688,0.0009487641288158237,-0.3953241613176158,,,
lower P(a|k),S-B,8.0,AY 5,137787,0.14635633260031788,0.14507667403416882,0.0009487641288158237,1.3487636466043753,,,
lower P(a|k),S-B,8.0,AY 6,137787,0.1453257564211428,0.14496089882163496,0.0009484496970410574,0.3846884032396243,,,
lower P(a|k),S-B,8.0,AY 7,137787,0.14314122522444062,0.14475016441731398,0.000947876836210824,-1.6974137687604562,,,
lower P(a|k),S-B,8.0,AY 8,137787,0.14394681646309157,0.14412024270904134,0.0009461603568748946,-0.18329477100749364,,,
lower P(a|k),S-B,8.0,AY 9,137787,0.142364664300696,0.14202806823866085,0.0009404149140406147,0.3579229306231763,,,
lower P(a|k),S-B,8.0,AY 10,137787,0.1341636003396547,0.13398727774501132,0.0009176768913880392,0.192140170792211,,,
lower E[Y|k],S-B,8.0,all,137787,1718.8612355714902,1763.2961780422502,48.78945148628812,-0.9107489655473598,,,
lower E[oracle|k],S-B,8.0,all,137787,1742.2640204606987,1763.2961780422502,22.452171503814526,-0.9367538270397677,,,
lower P(Y>0|k),S-B,8.0,all,137787,0.04089645612430781,0.04144116857200175,0.0005369344393596317,-1.014485955387002,,,
"lower E[Y|c,k,r]",S-B,8.0,Material r=1,97129,0.02220809746946988,0.020447883766051528,0.008675596321276688,0.2028925319060167,,19.663635936174995,True
"lower P(Y>0|c,k,r)",S-B,8.0,Material r=1,97129,0.00018532055307889507,0.00020241357409023485,4.56458606407621e-05,-0.3744703412619103,,19.663635936174995,True
"lower E[Y|c,k,r]",S-B,8.0,Technical r=1,9805,0.2049796228943834,0.09589305014988456,0.0653197441748158,1.6700398037773923,,7.607881594647401,True
"lower P(Y>0|c,k,r)",S-B,8.0,Technical r=1,9805,0.0010198878123406426,0.0007758517489399153,0.00028118816219799113,0.8678745986073759,,7.607881594647401,True
"lower E[Y|c,k,r]",S-B,8.0,Bodily r=1,20424,521.5581512205786,551.6542036090219,28.43503142825513,-1.058414599061695,,1290.1346417522889,True
"lower P(Y>0|c,k,r)",S-B,8.0,Bodily r=1,20424,0.06154524089306698,0.06316757940424317,0.0017021885798700627,-0.9530897635913099,,1290.1346417522889,True
"lower E[Y|c,k,r]",S-B,8.0,Bodily r=2,3131,807.0109262054715,927.9225589454875,101.10584828818423,-1.1958915808250665,,286.3327370413925,True
"lower P(Y>0|c,k,r)",S-B,8.0,Bodily r=2,3131,0.0891089108910891,0.09145089014416813,0.00515141618753009,-0.45462823577489175,,286.3327370413925,True
"lower E[Y|c,k,r]",S-B,8.0,Bodily r=3,491,2089.190053066892,1576.4648333305147,356.4648366694551,1.4383612827758943,,65.65863490932747,True
"lower P(Y>0|c,k,r)",S-B,8.0,Bodily r=3,491,0.1384928716904277,0.13372430735097213,0.015360045305967508,0.3104524918037156,,65.65863490932747,True
"lower E[Y|c,k,r]",S-B,8.0,Bodily r=4,81,776.4049437967295,2721.0030193995535,1230.7412217413207,-1.580021893515112,,16.09128803212122,True
"lower P(Y>0|c,k,r)",S-B,8.0,Bodily r=4,81,0.16049382716049382,0.198657876939768,0.044332208962287796,-0.8608650611508959,,16.09128803212122,True
"lower E[Y|c,k,r]",S-B,8.0,Annuity r=1,4364,31136.34545365169,31560.281601876824,1116.1529931179969,-0.3798190309384548,,2358.582705903666,True
"lower P(Y>0|c,k,r)",S-B,8.0,Annuity r=1,4364,0.5414757103574702,0.5404634981447447,0.007543985064901809,0.13417473709416614,,2358.582705903666,True
"lower E[Y|c,k,r]",S-B,8.0,Annuity r=2,1525,35978.629884381306,35305.78507315663,1916.054025290262,0.3511617116969069,,969.2957765654,True
"lower P(Y>0|c,k,r)",S-B,8.0,Annuity r=2,1525,0.6340983606557377,0.6356037879117378,0.01232381707698056,-0.1221559234932231,,969.2957765654,True
"lower E[Y|c,k,r]",S-B,8.0,Annuity r=3,562,38420.25725836398,39578.866865857155,3193.8882552450154,-0.3627583418394505,,420.9741226351026,True
"lower P(Y>0|c,k,r)",S-B,8.0,Annuity r=3,562,0.7633451957295374,0.7490642751514281,0.018288270303175674,0.7808786911701234,,420.9741226351026,True
"lower E[Y|c,k,r]",S-B,8.0,Annuity r=4,158,44836.19001833117,43899.77616578984,6045.318503982886,0.1548990101885271,,138.0035527490114,True
"lower P(Y>0|c,k,r)",S-B,8.0,Annuity r=4,158,0.8734177215189873,0.873440207272224,0.0264506241213339,-0.0008501029364587184,,138.0035527490114,True
"lower E[Y|c,k,r]",S-B,8.0,Annuity r=5,59,32939.3969903971,46455.142672476795,9737.389498536857,-1.3880255775031465,,57.32866797537491,True
"lower P(Y>0|c,k,r)",S-B,8.0,Annuity r=5,59,0.9661016949152542,0.9716723385656765,0.021599280053909622,-0.25790876531618157,,57.32866797537491,True
"lower P(c,r|k)",S-B,9.0,Material r=1,157687,0.7144025823308199,0.7134070586643596,0.0011386847399118397,0.874275057499554,,,
"lower P(c,r|k)",S-B,9.0,Material r=2,157687,3.17083843309848e-05,2.876504049521669e-05,1.3506048444513753e-05,0.21792783047240685,,,
"lower P(c,r|k)",S-B,9.0,Technical r=1,157687,0.07046237166031442,0.07085948634770874,0.0006461625044197794,-0.6145740191949156,,,
"lower P(c,r|k)",S-B,9.0,Technical r=2,157687,8.244179926056048e-05,7.890590528771193e-05,2.2368644795548663e-05,0.15807367881098397,,,
"lower P(c,r|k)",S-B,9.0,Bodily r=1,157687,0.1428589547648189,0.14250252608601213,0.0008802980924423067,0.4048954347020126,,,
"lower P(c,r|k)",S-B,9.0,Bodily r=2,157687,0.022246602446618934,0.02264504250511976,0.0003746405521187535,-1.0635262420137794,,,
"lower P(c,r|k)",S-B,9.0,Bodily r=3,157687,0.0035640223988026914,0.003519439039079347,0.00014913280747511263,0.2989507170029266,,,
"lower P(c,r|k)",S-B,9.0,Bodily r=4,157687,0.0006088009791549081,0.0005308656914441564,5.800682264504087e-05,1.3435538124137294,,,
"lower P(c,r|k)",S-B,9.0,Bodily r=5,157687,7.610012239436352e-05,7.67264940848859e-05,2.205759051657392e-05,-0.028397103938063353,,,
"lower P(c,r|k)",S-B,9.0,Bodily r=6,157687,1.268335373239392e-05,1.2790621001192084e-05,9.006272692368852e-06,-0.011910284360927047,,,
"lower P(c,r|k)",S-B,9.0,Annuity r=1,157687,0.02943172233602009,0.030245536332352087,0.0004312842448231902,-1.8869550791627643,,,
"lower P(c,r|k)",S-B,9.0,Annuity r=2,157687,0.010438400121760196,0.010654089523304726,0.00025854390672851803,-0.83424670213177,,,
"lower P(c,r|k)",S-B,9.0,Annuity r=3,157687,0.0039572063645069025,0.003653085446379384,0.00015192780383038428,2.0017462930422307,,,
"lower P(c,r|k)",S-B,9.0,Annuity r=4,157687,0.0011858935739788314,0.001208685235580888,8.749758004903877e-05,-0.2604833366737997,,,
"lower P(c,r|k)",S-B,9.0,Annuity r=5,157687,0.00041855067316899934,0.0003804820902505022,4.911187643139357e-05,0.7751400615221196,,,
"lower P(c,r|k)",S-B,9.0,Annuity r=6,157687,0.0002219586903168936,0.0001964276773652829,3.529073775412823e-05,0.7234479803025411,,,
lower P(a|k),S-B,9.0,AY 3,157687,0.1261993696373195,0.12669603470574212,0.0008376571155527659,-0.5929216850201005,,,
lower P(a|k),S-B,9.0,AY 4,157687,0.12644035335823497,0.12669603470574212,0.0008376571155527659,-0.305233899121618,,,
lower P(a|k),S-B,9.0,AY 5,157687,0.12788625568372788,0.12669603470574212,0.0008376571155527659,1.4208928162692764,,,
lower P(a|k),S-B,9.0,AY 6,157687,0.1269857375687279,0.12659492775355352,0.0008373712812401594,0.4667103158775843,,,
lower P(a|k),S-B,9.0,AY 7,157687,0.12507689283200263,0.12641089256263607,0.0008368505553138875,-1.594071632220015,,,
lower P(a|k),S-B,9.0,AY 8,157687,0.1257808189641505,0.12586077943697666,0.0008352905465837362,-0.09572773587968236,,,
lower P(a|k),S-B,9.0,AY 9,157687,0.12439833340731957,0.12403367517590594,0.0008300716207950854,0.43930935870850596,,,
lower P(a|k),S-B,9.0,AY 10,157687,0.117232238548517,0.11701162095370143,0.0008094574907050544,0.2725499453015097,,,
lower E[Y|k],S-B,9.0,all,157687,1433.5869678307404,1460.688249734519,42.905673520453284,-0.6316479775305113,,,
lower E[oracle|k],S-B,9.0,all,157687,1441.415556257789,1460.688249734519,18.395554582709053,-1.0476821120057778,,,
lower P(Y>0|k),S-B,9.0,all,157687,0.03148008396380171,0.03164702295803212,0.00044084440337219797,-0.37868008066661957,,,
"lower E[Y|c,k,r]",S-B,9.0,Material r=1,112652,0.0056176079900604435,0.003710638014436982,0.002676401111894827,0.7125127721507234,,6.867494948067445,True
"lower P(Y>0|c,k,r)",S-B,9.0,Material r=1,112652,8.876895217128857e-05,6.090884006623094e-05,2.325184850261193e-05,1.198189129003143,,6.867494948067445,True
"lower E[Y|c,k,r]",S-B,9.0,Technical r=1,11111,0.008315535766323441,0.023537118333592722,0.024912815116873342,-0.6109940805910677,,3.1694556127095934,False
"lower P(Y>0|c,k,r)",S-B,9.0,Technical r=1,11111,0.00027000270002700027,0.00028515733288587985,0.00016017833251506393,-0.09461100400364307,,3.1694556127095934,False
"lower E[Y|c,k,r]",S-B,9.0,Bodily r=1,22527,343.10003407103807,330.06424155696357,19.484280359954145,0.669041518252162,,989.193738720154,True
"lower P(Y>0|c,k,r)",S-B,9.0,Bodily r=1,22527,0.045545345585297645,0.04391147239845952,0.001365168861638208,1.1968286361860525,,989.193738720154,True
"lower E[Y|c,k,r]",S-B,9.0,Bodily r=2,3508,424.3105084916281,551.6542036090219,68.61109036129193,-1.85602202860832,,221.59186855008957,True
"lower P(Y>0|c,k,r)",S-B,9.0,Bodily r=2,3508,0.059007981755986316,0.06316757940424317,0.0041072229781105125,-1.0127518448415074,,221.59186855008957,True
"lower E[Y|c,k,r]",S-B,9.0,Bodily r=3,562,663.2628626865819,927.9225589454875,238.6435238875454,-1.1090168798530633,,51.395400261022864,True
"lower P(Y>0|c,k,r)",S-B,9.0,Bodily r=3,562,0.07829181494661921,0.09145089014416813,0.01215906035919382,-1.0822444176452297,,51.395400261022864,True
"lower E[Y|c,k,r]",S-B,9.0,Bodily r=4,96,1416.1936047255065,1576.4648333305147,806.1610756700977,-0.19880794724774756,,12.837533505693356,True
"lower P(Y>0|c,k,r)",S-B,9.0,Bodily r=4,96,0.11458333333333333,0.13372430735097213,0.0347374253289462,-0.5510187884215155,,12.837533505693356,True
"lower E[Y|c,k,r]",S-B,9.0,Annuity r=1,4641,28180.536360788818,28364.390436812744,1065.9354066404064,-0.1724814420072546,,2144.3488273092767,True
"lower P(Y>0|c,k,r)",S-B,9.0,Annuity r=1,4641,0.460461107519931,0.46204456524655824,0.007318284665736647,-0.2163700647011966,,2144.3488273092767,True
"lower E[Y|c,k,r]",S-B,9.0,Annuity r=2,1646,31115.166234235418,31560.281601876824,1817.402761994746,-0.24491839505782248,,889.6029179462498,True
"lower P(Y>0|c,k,r)",S-B,9.0,Annuity r=2,1646,0.548602673147023,0.5404634981447447,0.012283673813478927,0.6626010366171716,,889.6029179462498,True
"lower E[Y|c,k,r]",S-B,9.0,Annuity r=3,624,38915.8202762898,35305.78507315663,2995.3693207509473,1.2052053742168012,,396.6167636569244,True
"lower P(Y>0|c,k,r)",S-B,9.0,Annuity r=3,624,0.6426282051282052,0.6356037879117378,0.01926583650549313,0.3646048389575289,,396.6167636569244,True
"lower E[Y|c,k,r]",S-B,9.0,Annuity r=4,187,33337.528228085976,39578.866865857155,5536.904997108298,-1.127225162980181,,140.07501945331705,True
"lower P(Y>0|c,k,r)",S-B,9.0,Annuity r=4,187,0.7112299465240641,0.7490642751514281,0.03170443269698946,-1.1933450754019213,,140.07501945331705,True
"lower E[Y|c,k,r]",S-B,9.0,Annuity r=5,66,38599.4653919702,43899.77616578984,9353.53472215626,-0.5666639330759612,,57.64705367996679,True
"lower P(Y>0|c,k,r)",S-B,9.0,Annuity r=5,66,0.803030303030303,0.873440207272224,0.040925359181422705,-1.7204468244198652,,57.64705367996679,True
"lower P(c,r|k)",S-B,10.0,Material r=1,177867,0.7233044915582992,0.7230153411057765,0.0010610941594259814,0.27250216199389543,,,
"lower P(c,r|k)",S-B,10.0,Material r=2,177867,5.059960532307848e-05,2.960872551784253e-05,1.290196137471131e-05,1.6269526156216412,,,
"lower P(c,r|k)",S-B,10.0,Technical r=1,177867,0.07032782922070986,0.07075282035761485,0.0006079807293132564,-0.6990207360437886,,,
"lower P(c,r|k)",S-B,10.0,Technical r=2,177867,8.433267553846413e-05,8.003771620197681e-05,2.1212031983671055e-05,0.20247750615280827,,,
"lower P(c,r|k)",S-B,10.0,Bodily r=1,177867,0.1376702817273581,0.13681539866305528,0.0008148386905570417,1.0491439277611885,,,
"lower P(c,r|k)",S-B,10.0,Bodily r=2,177867,0.021746585932185286,0.02205106423462052,0.0003481971213396202,-0.8744423310101348,,,
"lower P(c,r|k)",S-B,10.0,Bodily r=3,177867,0.0036544159400001123,0.0034924489381996018,0.0001398806492847104,1.1578942664960497,,,
"lower P(c,r|k)",S-B,10.0,Bodily r=4,177867,0.0006015730855077108,0.0005408215441789103,5.512667927521418e-05,1.10203520559446,,,
"lower P(c,r|k)",S-B,10.0,Bodily r=5,177867,6.746614043077131e-05,8.125408707844648e-05,2.1372595815391576e-05,-0.645122696689268,,,
"lower P(c,r|k)",S-B,10.0,Bodily r=6,177867,1.6866535107692827e-05,1.441565241547521e-05,9.002566347321919e-06,0.2722426692191727,,,
"lower P(c,r|k)",S-B,10.0,Annuity r=1,177867,0.027256320734031607,0.027974743522736576,0.0003909976448650749,-1.8374095039699867,,,
"lower P(c,r|k)",S-B,10.0,Annuity r=2,177867,0.009799456897569532,0.009947269160530615,0.00023530622023510428,-0.6281698070429135,,,
"lower P(c,r|k)",S-B,10.0,Annuity r=3,177867,0.0037162599020616528,0.0034557837265012867,0.0001391470085251056,1.871949518148426,,,
"lower P(c,r|k)",S-B,10.0,Annuity r=4,177867,0.0010963247820000338,0.001165549655295754,8.090296840800432e-05,-0.8556530700654892,,,
"lower P(c,r|k)",S-B,10.0,Annuity r=5,177867,0.0003991746642153969,0.0003780192478489382,4.609217110597677e-05,0.4589806871500456,,,
"lower P(c,r|k)",S-B,10.0,Annuity r=6,177867,0.00020802059966154487,0.00020533324536085209,3.397327022410201e-05,0.07910201999883645,,,
lower P(a|k),S-B,10.0,AY 2,177867,0.11345555949108041,0.11244917067523999,0.0007490780226995262,1.3435033272149721,,,
lower P(a|k),S-B,10.0,AY 3,177867,0.11188134954769575,0.11244917067523999,0.0007490780226995262,-0.758026681250005,,,
lower P(a|k),S-B,10.0,AY 4,177867,0.11209499232572652,0.11244917067523999,0.0007490780226995262,-0.4728190372440439,,,
lower P(a|k),S-B,10.0,AY 5,177867,0.11337684899391118,0.11244917067524,0.0007490780226995264,1.2384268267916958,,,
lower P(a|k),S-B,10.0,AY 6,177867,0.11257849966548039,0.11235943311597452,0.0007488169229461472,0.2925502119316116,,,
lower P(a|k),S-B,10.0,AY 7,177867,0.11088622397634187,0.11219609252965079,0.0007483412792538077,-1.7503625546555923,,,
lower P(a|k),S-B,10.0,AY 8,177867,0.11151028577532651,0.11170783916874934,0.0007469164944458709,-0.2644919410561374,,,
lower P(a|k),S-B,10.0,AY 9,177867,0.11028465089083417,0.11008619126657322,0.0007421517331833562,0.2674111174135054,,,
lower P(a|k),S-B,10.0,AY 10,177867,0.10393158933360319,0.10385376121809219,0.0007233572989572733,0.10759290826706251,,,
lower E[Y|k],S-B,10.0,all,177867,1160.7437668077039,1210.3535060265701,37.93339410083164,-1.3078117683589674,,,
lower E[oracle|k],S-B,10.0,all,177867,1196.0241377343557,1210.3535060265701,15.206504556374727,-0.9423183506170995,,,
lower P(Y>0|k),S-B,10.0,all,177867,0.023646882220985342,0.024244076722498793,0.00036469157708979934,-1.6375330252456084,,,
"lower E[Y|c,k,r]",S-B,10.0,Material r=1,128652,0.0048928620616692595,0.0006706153781789755,0.0008311573285968454,5.079960842814506,,2.362065217523114,False
"lower P(Y>0|c,k,r)",S-B,10.0,Material r=1,128652,1.5545813512421104e-05,1.8293186789847508e-05,1.1924287570358327e-05,-0.23040146098588635,,2.362065217523114,False
"lower E[Y|c,k,r]",S-B,10.0,Technical r=1,12509,0.008143898869161365,0.005768195182264402,0.00952912113057535,0.24930984236040687,,1.3123604046634767,False
"lower P(Y>0|c,k,r)",S-B,10.0,Technical r=1,12509,7.994244144216165e-05,0.00010478962680699215,9.152191413828623e-05,-0.2714889171492559,,1.3123604046634767,False
"lower E[Y|c,k,r]",S-B,10.0,Bodily r=1,24487,194.36400804755445,198.32134607643545,13.465336050842605,-0.29389077360853266,,750.6510370614407,True
"lower P(Y>0|c,k,r)",S-B,10.0,Bodily r=1,24487,0.02973006084861355,0.030655083802071464,0.0011015967138346815,-0.8397110683435954,,750.6510370614407,True
"lower E[Y|c,k,r]",S-B,10.0,Bodily r=2,3868,330.38363766723256,330.06424155696357,47.02110348142825,0.006792611968265431,,169.8495752372511,True
"lower P(Y>0|c,k,r)",S-B,10.0,Bodily r=2,3868,0.04395036194415719,0.04391147239845952,0.0032945402717898913,0.011804240497730989,,169.8495752372511,True
"lower E[Y|c,k,r]",S-B,10.0,Bodily r=3,650,587.7324391934799,551.6542036090219,159.3923358631549,0.22634862202805445,,41.058926612758896,True
"lower P(Y>0|c,k,r)",S-B,10.0,Bodily r=3,650,0.05384615384615385,0.06316757940424317,0.009541604148025538,-0.9769243633962973,,41.058926612758896,True
"lower E[Y|c,k,r]",S-B,10.0,Bodily r=4,107,842.1156526373644,927.9225589454875,546.9226661946404,-0.15689038251997744,,9.785245245426061,True
"lower P(Y>0|c,k,r)",S-B,10.0,Bodily r=4,107,0.07476635514018691,0.09145089014416813,0.027866105904493423,-0.598739381137959,,9.785245245426061,True
"lower E[Y|c,k,r]",S-B,10.0,Annuity r=1,4848,24049.88766262273,25630.444415650334,1027.3258450378166,-1.5385155164371673,,1925.3695101724215,True
"lower P(Y>0|c,k,r)",S-B,10.0,Annuity r=1,4848,0.3896452145214521,0.397147176190681,0.00702748753033074,-1.0675168951706167,,1925.3695101724215,True
"lower E[Y|c,k,r]",S-B,10.0,Annuity r=2,1743,29666.3132504536,28364.390436812744,1739.3539942591356,0.7485093994310229,,805.343677224751,True
"lower P(Y>0|c,k,r)",S-B,10.0,Annuity r=2,1743,0.47160068846815834,0.46204456524655824,0.011941706397195022,0.8002309639638042,,805.343677224751,True
"lower E[Y|c,k,r]",S-B,10.0,Annuity r=3,661,34034.2810037948,31560.281601876824,2867.9090169648584,0.8626491939888101,,357.24637227367623,True
"lower P(Y>0|c,k,r)",S-B,10.0,Annuity r=3,661,0.540090771558245,0.5404634981447447,0.019383958045967337,-0.01922861087584816,,357.24637227367623,True
"lower E[Y|c,k,r]",S-B,10.0,Annuity r=4,195,25952.655442678686,35305.78507315663,5358.2795351331915,-1.7455471610152662,,123.94273864278887,True
"lower P(Y>0|c,k,r)",S-B,10.0,Annuity r=4,195,0.5333333333333333,0.6356037879117378,0.03446377605574371,-2.9674767620642113,,123.94273864278887,True
"lower E[Y|c,k,r]",S-B,10.0,Annuity r=5,71,34850.32933468219,39578.866865857155,8985.840402191405,-0.5262209564752345,,53.1835635357514,True
"lower P(Y>0|c,k,r)",S-B,10.0,Annuity r=5,71,0.7605633802816901,0.7490642751514281,0.05145310826282067,0.22348708403630257,,53.1835635357514,True
