name,level,group,n,n_eff,K_eff,alpha_cv,s2,v_cv,v_cv_fold,v_cv_delta,v_cv_delta_cl,n_clusters,alpha_shift,v_shift,Z_heur,factor_cv_heur,Z_bs1,a_bs1,factor_cv_bs1,Z_bsmean,a_bsmean,theta_bsmean,factor_cv_bsmean,Z_shift_bs1,a_shift_bs1,factor_shift_bs1,Z_bs1_cl,a_bs1_cl,factor_cv_bs1_cl,Z_zcv,factor_cv_zcv,dev_lag,duan_S,isotonic,has_record,n_estimators_cap
hgb_gamma__per_dy__raw__two_stage,dy,2,28988.0,16192.0,3.0,1.069805664607164,0.0053537676901116,0.0004753245958441,0.0017845892300372,0.0004753245958441,0.0004753245958441,28988.0,1.069803029714178,0.0004752887110659,1.0,1.069805664607164,0.9947273051690136,0.089672998241046,1.0694376006402162,0.0,0.0,1.2673561548379948,1.2673561548379948,0.9947292115578462,0.0896988315903228,1.0694351127119333,0.9947273051690136,0.089672998241046,1.0694376006402162,0.75,1.052354248455373,,,,,
hgb_gamma__per_dy__raw__two_stage,dy,3,25377.0,4799.0,3.0,1.3237542622107754,0.0332369961423515,0.0024160291461253,0.0110789987141171,0.0024160291461253,0.0024160291461253,25377.0,1.3237179501957224,0.0024154884795455,1.0,1.3237542622107754,0.9737642017222354,0.089672998241046,1.3152603106958471,0.0,0.0,1.2673561548379948,1.2673561548379948,0.9737772750456885,0.0896988315903228,1.3152291834249663,0.9737642017222354,0.089672998241046,1.3152603106958471,0.75,1.2428156966580817,,,,,
hgb_gamma__per_dy__raw__two_stage,dy,4,21277.0,1929.0,3.0,1.290031567317395,0.0199193533041611,0.0072060561748948,0.0066397844347203,0.0072060561748948,0.0072060561748948,21277.0,1.289974924317422,0.0072032543167601,1.0,1.290031567317395,0.925618017038478,0.089672998241046,1.268458444218889,0.0,0.0,1.2673561548379948,1.2673561548379948,0.92566461031946,0.0896988315903228,1.2684195253207011,0.925618017038478,0.089672998241046,1.268458444218889,0.75,1.2175236754880463,,,,,
hgb_gamma__per_dy__raw__two_stage,dy,5,17162.0,753.0,3.0,1.9331399264329476,1.6816833198256262,0.1503086904859386,0.5605611066085421,0.1503086904859386,0.1503086904859386,17162.0,1.9326991902772757,0.1501667936452494,0.5947867298578199,1.5550192453428195,0.3736660022551246,0.089672998241046,1.3486826658548403,0.0,0.0,1.2673561548379948,1.2673561548379948,0.3739545068295196,0.0896988315903228,1.348787065720431,0.3736660022551245,0.089672998241046,1.3486826658548403,0.75,1.699854944824711,,,,,
hgb_gamma__per_dy__raw__two_stage,dy,6,12899.0,236.0,3.0,1.2141336945872403,0.1939952258446529,0.1811931003780457,0.0646650752815509,0.1811931003780457,0.1811931003780457,12899.0,1.214056888206844,0.1810633809245001,1.0,1.2141336945872403,0.3310602496887203,0.089672998241046,1.07089115439682,0.0,0.0,1.2673561548379948,1.2673561548379948,0.3312826806857777,0.0896988315903228,1.0709133397444193,0.3310602496887204,0.089672998241046,1.07089115439682,0.75,1.1606002709404302,,,,,
hgb_gamma__per_dy__raw__two_stage,dy,7,9190.0,82.0,3.0,1.2885238842403657,0.3021723283807093,0.1425671897218807,0.1007241094602364,0.1425671897218807,0.1425671897218807,9190.0,1.288370413712232,0.1424160557634046,1.0,1.2885238842403657,0.3861217949727152,0.089672998241046,1.1114053600753897,0.0,0.0,1.2673561548379948,1.2673561548379948,0.3864415273529087,0.0896988315903228,1.1114383031183452,0.3861217949727152,0.089672998241046,1.11140536007539,0.75,1.216392913180274,,,,,
hgb_gamma__per_dy__raw__two_stage,dy,8,5691.0,20.0,3.0,1.20739679835708,1.250003200303326,0.1247934101682073,0.4166677334344419,0.1247934101682073,0.1247934101682072,5691.0,1.20644480015578,0.1236442299449145,0.4,1.082958719342832,0.4181214154056633,0.089672998241046,1.0867170428796653,0.0,0.0,1.2673561548379948,1.2673561548379948,0.4204441004307396,0.0896988315903228,1.086798498290101,0.4181214154056634,0.089672998241046,1.0867170428796653,0.75,1.15554759876781,,,,,
hgb_gamma__per_dy__raw__two_stage,type,__global__,28988.0,16192.0,3.0,1.069805664607164,0.0053537676901116,0.0004753245958441,0.0017845892300372,0.0004753245958441,0.0004753245958441,28988.0,1.069803029714178,0.0004752887110659,1.0,,,,,,,,,,,,,,,,,2.0,,,,
hgb_gamma__per_dy__raw__two_stage,type,Annuity,92.0,51.0,3.0,11.47342943619825,39.08244626014358,9.85270348787414,13.027482086714526,9.85270348787414,9.852703487874145,92.0,11.47303843867559,9.851962251881057,0.0255895634721525,1.268010487328706,0.6280863357871417,16.639206963243666,7.578217917706948,0.6254722189806092,16.454299589593234,2.309308187677303,8.041211439997051,0.628086485295128,16.63796581566705,7.577973903308527,0.6280863357871416,16.639206963243666,7.578217917706947,,,2.0,,,,
hgb_gamma__per_dy__raw__two_stage,type,Bodily,2857.0,1698.0,3.0,1.2465814128995296,0.0728847152602064,0.0064738305429534,0.0242949050867354,0.0064738305429534,0.0064738305429534,2857.0,1.2465765329438494,0.0064735739610484,1.0,1.2465814128995296,0.9996110804584591,16.639206963243666,1.2464855125694725,0.9996067116424168,16.454299589593234,2.309308187677303,1.2469993709673417,0.9996110668668672,16.63796581566705,1.2464806311603345,0.9996110804584591,16.639206963243666,1.2464855125694725,,,2.0,,,,
hgb_gamma__per_dy__raw__two_stage,type,Lost,22.0,18.0,3.0,1.2751045776900989,0.0295813779882838,0.1112404797322096,0.0098604593294279,0.1112404797322096,0.1112404797322096,22.0,1.275095286021852,0.1112328816798249,0.36,1.0990376479684356,0.993358954731752,16.639206963243666,1.2732775957361566,0.993284826255789,16.454299589593234,2.309308187677303,1.282049434618053,0.9933589132417752,16.63796581566705,1.2732683543606025,0.993358954731752,16.639206963243666,1.2732775957361566,,,2.0,,,,
hgb_gamma__per_dy__raw__two_stage,type,Material,22070.0,12754.0,3.0,0.9790268275195928,0.0027332857074573,0.0001899023113773,0.0009110952358191,0.0001899023113773,0.0001899023113773,22070.0,0.9790276490284562,0.0001898874363508,1.0,0.9790268275195928,0.9999885871878104,16.639206963243666,0.9790270668824714,0.9999884589363,16.454299589593234,2.309308187677303,0.9790421803815096,0.9999885872304756,16.63796581566705,0.9790278883810642,0.9999885871878104,16.639206963243666,0.9790270668824714,,,2.0,,,,
hgb_gamma__per_dy__raw__two_stage,type,Remaining,39.0,27.0,3.0,1.2378299332754832,0.1732145370342375,0.0785317424156347,0.0577381790114125,0.0785317424156347,0.0785317424156347,39.0,1.237823026220621,0.0785271348887895,0.54,1.128428163968761,0.9953024901394678,16.639206963243666,1.236712724818792,0.9952499519992324,16.454299589593234,2.309308187677303,1.2429195064156704,0.9953024156968177,16.63796581566705,1.2367058325057116,0.9953024901394678,16.639206963243666,1.236712724818792,,,2.0,,,,
hgb_gamma__per_dy__raw__two_stage,type,Technical,3908.0,1644.0,3.0,1.0631863364188607,0.0214696182859696,0.0058233187750144,0.0071565394286565,0.0058233187750144,0.0058233187750144,3908.0,1.0631819034278778,0.0058225013439,1.0,1.0631863364188607,0.9996501466998648,16.639206963243666,1.063164230470541,0.999646216567918,16.454299589593234,2.309308187677303,1.0636271936841917,0.9996501697069802,16.63796581566705,1.063159800484088,0.9996501466998648,16.639206963243666,1.063164230470541,,,2.0,,,,
hgb_gamma__per_dy__raw__two_stage,arms,2,,,3.0,,,,,,,,,,,,,,,,,,,,,,,,,,,2.0,,True,True,100.0
hgb_gamma__per_dy__raw__two_stage,type,__global__,25377.0,4799.0,3.0,1.3237542622107754,0.0332369961423515,0.0024160291461253,0.0110789987141171,0.0024160291461253,0.0024160291461253,25377.0,1.3237179501957224,0.0024154884795455,1.0,,,,,,,,,,,,,,,,,3.0,,,,
hgb_gamma__per_dy__raw__two_stage,type,Annuity,92.0,72.0,3.0,2.159901192891922,0.509052956478944,0.0980067628965481,0.1696843188263146,0.0980067628965481,0.0980067628965481,92.0,2.1598952281911226,0.0980057450417536,1.0,2.159901192891922,0.8215285498994415,0.4511385645007854,1.9528919450231332,0.6330621829391893,0.1690868925941475,1.518182677108135,1.924430401542716,0.821513702822131,0.4510881999353608,1.9528698237970097,0.8215285498994415,0.4511385645007854,1.9528919450231332,,,3.0,,,,
hgb_gamma__per_dy__raw__two_stage,type,Bodily,2798.0,1437.0,3.0,1.4961584978829912,0.1640829185787162,0.0103765843555125,0.0546943061929054,0.0103765843555125,0.0103765843555125,2798.0,1.4961406287092929,0.010375829361555,1.0,1.4961584978829912,0.9775162648913536,0.4511385645007854,1.485003001644686,0.9421799659079204,0.1690868925941475,1.518182677108135,1.497431936676639,0.9775154102967384,0.4510881999353608,1.484985110237646,0.9775162648913536,0.4511385645007854,1.485003001644686,,,3.0,,,,
hgb_gamma__per_dy__raw__two_stage,type,Material,19162.0,2644.0,3.0,1.056580708765643,0.0157617657617456,0.0013546174783271,0.0052539219205818,0.0013546174783271,0.0013546174783271,19162.0,1.056571523497703,0.0013541774318266,1.0,1.056580708765643,0.9970063251065964,0.4511385645007854,1.0564113245183602,0.9920523029997144,0.1690868925941475,1.518182677108135,1.0602493813447644,0.9970069615500944,0.4510881999353608,1.0564022027527045,0.9970063251065964,0.4511385645007854,1.0564113245183602,,,3.0,,,,
hgb_gamma__per_dy__raw__two_stage,type,Technical,3267.0,642.0,3.0,1.6166015427399674,0.8279837678268851,0.0606506486738109,0.2759945892756283,0.0606506486738109,0.0606506486738109,3267.0,1.616436223936858,0.0606178677123929,1.0,1.6166015427399674,0.8814929132687287,0.4511385645007854,1.5435298902358463,0.7360002708348394,0.1690868925941475,1.518182677108135,1.5906189888684212,0.8815377195133812,0.4510881999353608,1.5434117830747378,0.8814929132687289,0.4511385645007854,1.5435298902358463,,,3.0,,,,
hgb_gamma__per_dy__raw__two_stage,arms,3,,,3.0,,,,,,,,,,,,,,,,,,,,,,,,,,,3.0,,True,True,100.0
hgb_gamma__per_dy__raw__two_stage,type,__global__,21277.0,1929.0,3.0,1.290031567317395,0.0199193533041611,0.0072060561748948,0.0066397844347203,0.0072060561748948,0.0072060561748948,21277.0,1.289974924317422,0.0072032543167601,1.0,,,,,,,,,,,,,,,,,4.0,,,,
hgb_gamma__per_dy__raw__two_stage,type,Annuity,76.0,65.0,3.0,4.483024618984731,3.9965475019059937,0.6452030016955039,1.3321825006353312,0.6452030016955039,0.6452030016955039,76.0,4.482988910407774,0.6451883748253979,0.2509652509652509,1.8741181476216504,0.8169717259301055,2.8799518137245164,3.845532634429004,0.8090792140485462,2.734224746205985,1.826280407134696,3.975796925986347,0.8169721758875387,2.8798951907693184,3.8455050287280064,0.8169717259301055,2.8799518137245164,3.845532634429004,,,4.0,,,,
hgb_gamma__per_dy__raw__two_stage,type,Bodily,2385.0,647.0,3.0,1.2707182699041302,0.0090579788876065,0.0143793445704723,0.0030193262958688,0.0143793445704723,0.0143793445704723,2385.0,1.2707051265393157,0.0143779450277666,1.0,1.2707182699041302,0.9950318938006584,2.8799518137245164,1.2693733127891444,0.99476849189786,2.734224746205985,1.826280407134696,1.2736246977262942,0.9950322777591594,2.8798951907693184,1.269360338661497,0.9950318938006584,2.8799518137245164,1.2693733127891444,,,4.0,,,,
hgb_gamma__per_dy__raw__two_stage,type,Material,16165.0,858.0,3.0,0.7731721933643988,0.0075903628851639,0.001613567412434,0.0025301209617213,0.001613567412434,0.001613567412434,16165.0,0.7732551531920682,0.0016123819303086,1.0,0.7731721933643988,0.9994400378964168,2.8799518137245164,0.7732992083401536,0.9994102109746756,2.734224746205985,1.826280407134696,0.7737933050313595,0.9994404380729084,2.8798951907693184,0.7733820309755061,0.9994400378964168,2.8799518137245164,0.7732992083401536,,,4.0,,,,
hgb_gamma__per_dy__raw__two_stage,type,Technical,2602.0,350.0,3.0,1.2540821516322844,0.1459589993381466,0.1397543031783536,0.0486529997793822,0.1397543031783536,0.1397543031783535,2602.0,1.2539975766974591,0.1396615452195868,1.0,1.2540821516322844,0.9537192369826734,2.8799518137245164,1.2423230357856585,0.951372539334171,2.734224746205985,1.826280407134696,1.281906699794784,0.9537476664852772,2.8798951907693184,1.2422495960681168,0.9537192369826734,2.8799518137245164,1.2423230357856585,,,4.0,,,,
hgb_gamma__per_dy__raw__two_stage,arms,4,,,3.0,,,,,,,,,,,,,,,,,,,,,,,,,,,4.0,,True,True,100.0
hgb_gamma__per_dy__raw__two_stage,type,__global__,17162.0,753.0,3.0,1.9331399264329476,1.6816833198256262,0.1503086904859386,0.5605611066085421,0.1503086904859386,0.1503086904859386,17162.0,1.9326991902772757,0.1501667936452494,0.5947867298578199,,,,,,,,,,,,,,,,,5.0,,,,
hgb_gamma__per_dy__raw__two_stage,type,Annuity,61.0,49.0,3.0,2.9188267489137756,8.423917333957023,1.4056236256527392,2.807972444652341,1.4056236256527392,1.4056236256527397,61.0,2.9188160102265694,1.4056073404534306,0.1189320388349514,1.228209977419357,0.3394089746578801,0.7222036861469743,1.6512670193949384,0.1719965508985424,0.2919823772909806,1.5601483600875297,1.7938363567460327,0.3393628652663512,0.7220468081740665,1.6511748991494368,0.33940897465788,0.7222036861469742,1.651267019394938,,,5.0,,,,
hgb_gamma__per_dy__raw__two_stage,type,Bodily,1977.0,281.0,3.0,1.677926353109353,0.5618971162959268,0.1513188808621164,0.1872990387653089,0.1513188808621164,0.1513188808621164,1977.0,1.6778308942488178,0.1512757011575555,1.0,1.677926353109353,0.8267716409660408,0.7222036861469743,1.5604902834143433,0.6586545197445448,0.2919823772909806,1.5601483600875297,1.637723367517795,0.8267814014397373,0.7220468081740665,1.560417976686188,0.8267716409660408,0.7222036861469742,1.5604902834143433,,,5.0,,,,
hgb_gamma__per_dy__raw__two_stage,type,Material,13107.0,257.0,3.0,1.0955617851697157,0.1180618939086845,0.0145583561284939,0.0393539646362281,0.0145583561284939,0.0145583561284939,13107.0,1.0954236719992745,0.0145160450191692,1.0,1.0955617851697157,0.980240083917012,0.7222036861469743,1.0936734923140214,0.9525075967356934,0.2919823772909806,1.5601483600875297,1.1176261181368954,0.9802921842226532,0.7220468081740665,1.0935430798507149,0.980240083917012,0.7222036861469742,1.0936734923140214,,,5.0,,,,
hgb_gamma__per_dy__raw__two_stage,type,Technical,1975.0,165.0,3.0,2.0186673462180784,1.8995467402561703,0.7279798423917146,0.6331822467520568,0.7279798423917146,0.7279798423917146,1975.0,2.0177823893013014,0.7267099521232316,0.5271565495207667,1.5369971633417985,0.4980084740548113,0.7222036861469743,1.5073049706595294,0.286267835863386,0.2919823772909806,1.5601483600875297,1.6914075979493957,0.4983906394513706,0.7220468081740665,1.5072532158262195,0.4980084740548112,0.7222036861469742,1.5073049706595292,,,5.0,,,,
hgb_gamma__per_dy__raw__two_stage,arms,5,,,3.0,,,,,,,,,,,,,,,,,,,,,,,,,,,5.0,,True,True,100.0
hgb_gamma__per_dy__raw__two_stage,type,__global__,12899.0,236.0,3.0,1.2141336945872403,0.1939952258446529,0.1811931003780457,0.0646650752815509,0.1811931003780457,0.1811931003780457,12899.0,1.214056888206844,0.1810633809245001,1.0,,,,,,,,,,,,,,,,,6.0,,,,
hgb_gamma__per_dy__raw__two_stage,type,Annuity,50.0,38.0,3.0,5.001615772674792,13.721922997373952,4.979500413171267,4.573974332457984,4.979500413171267,4.979500413171268,50.0,5.001585301925881,4.979424484336959,0.072936660268714,1.2918644901375087,0.3765577616508411,3.0076074644674264,2.5068394783451207,0.4688930226786882,4.396200953596399,1.0310867280074671,2.892840093395053,0.3765168434523363,3.0070374305428453,2.506664266686397,0.3765577616508411,3.0076074644674264,2.5068394783451207,,,6.0,,,,
hgb_gamma__per_dy__raw__two_stage,type,Bodily,1559.0,99.0,3.0,0.2606258238060917,0.0024512037925707,0.0035687447044903,0.0008170679308569,0.0035687447044903,0.0035687447044903,1559.0,0.2606939692947131,0.0035680485704772,1.0,0.5,0.9988148336541648,3.0076074644674264,0.2615021051966963,0.9991888792029572,4.396200953596399,1.0310867280074671,0.2612507606687978,0.9988148402056558,3.0070374305428453,0.2615701650780212,0.9988148336541648,3.0076074644674264,0.2615021051966963,,,6.0,,,,
hgb_gamma__per_dy__raw__two_stage,type,Material,9842.0,52.0,3.0,0.2615071301618294,0.0125451590960991,0.0044832865156407,0.0041817196986997,0.0044832865156407,0.0044832865156407,9842.0,0.2629077671851337,0.0044623133454381,1.0,0.5,0.998511569907322,3.0076074644674264,0.2626063251725248,0.9989812296745184,4.396200953596399,1.0310867280074671,0.2622911550192107,0.9985182421633956,3.0070374305428453,0.2639999593774074,0.998511569907322,3.0076074644674264,0.2626063251725248,,,6.0,,,,
hgb_gamma__per_dy__raw__two_stage,type,Technical,1411.0,47.0,3.0,0.6947210706826272,0.2382134122825959,0.1801876057679651,0.0794044707608653,0.1801876057679651,0.180187605767965,1411.0,0.6947804048801935,0.1801177281232987,0.94,0.7130378064416696,0.9434757875591232,3.0076074644674264,0.7119767217370858,0.9606266811852636,4.396200953596399,1.0310867280074671,0.7079649029468065,0.9434863634945592,3.0070374305428453,0.7120294741331321,0.9434757875591232,3.0076074644674264,0.7119767217370858,,,6.0,,,,
hgb_gamma__per_dy__raw__two_stage,arms,6,,,3.0,,,,,,,,,,,,,,,,,,,,,,,,,,,6.0,,True,True,100.0
hgb_gamma__per_dy__raw__two_stage,type,__global__,9190.0,82.0,3.0,1.2885238842403657,0.3021723283807093,0.1425671897218807,0.1007241094602364,0.1425671897218807,0.1425671897218807,9190.0,1.288370413712232,0.1424160557634046,1.0,,,,,,,,,,,,,,,,,7.0,,,,
hgb_gamma__per_dy__raw__two_stage,type,Annuity,41.0,29.0,3.0,1.8859528644064296,2.2194173528531023,0.3584857557469691,0.7398057842843674,0.3584857557469691,0.3584857557469691,41.0,1.8859495078265731,0.358482988102795,0.453125,1.4014473916841634,0.5248673023238607,0.3960103197711185,1.4650076899270998,0.5804007293592477,0.4958669107854123,0.6160289955175436,1.3530937352513706,0.5240949219892624,0.3947827463189479,1.4643216381907935,0.5248673023238607,0.3960103197711185,1.4650076899270998,,,7.0,,,,
hgb_gamma__per_dy__raw__two_stage,type,Bodily,1094.0,25.0,3.0,0.2197383543700496,0.0525619348779795,0.008077529642632,0.0175206449593265,0.008077529642632,0.008077529642632,1094.0,0.2199422054516049,0.0080753635027396,0.5,0.6098691771850249,0.9800104614520062,0.3960103197711185,0.2353354246128906,0.9839713885209824,0.4958669107854123,0.6160289955175436,0.2260903430897736,0.9799548195608772,0.3947827463189479,0.2355786046962716,0.9800104614520062,0.3960103197711185,0.2353354246128906,,,7.0,,,,
hgb_gamma__per_dy__raw__two_stage,type,Material,7013.0,15.0,3.0,0.4448126267103093,0.483064099108488,0.0432879345473933,0.161021366369496,0.0432879345473933,0.0432879345473933,7013.0,0.449164249424534,0.0426374703237688,0.3,0.8334437880130928,0.9014611733102686,0.3960103197711185,0.4995201390672293,0.9197114986128466,0.4958669107854123,0.6160289955175436,0.4585593323747923,0.902525149269461,0.3947827463189479,0.502856881988922,0.9014611733102686,0.3960103197711185,0.4995201390672293,,,7.0,,,,
hgb_gamma__per_dy__raw__two_stage,type,Technical,1017.0,13.0,3.0,0.4006297916150715,0.2843087805038269,0.0673058807293457,0.0947695935012756,0.0673058807293457,0.0673058807293457,1017.0,0.4010935329887772,0.0671788663886596,0.26,0.8441637458199186,0.8547301375245602,0.3960103197711185,0.4877002193590258,0.8804880460430021,0.4958669107854123,0.6160289955175436,0.4263725713542378,0.8545791153621684,0.3947827463189479,0.4881870412368676,0.8547301375245602,0.3960103197711185,0.4877002193590258,,,7.0,,,,
hgb_gamma__per_dy__raw__two_stage,arms,7,,,3.0,,,,,,,,,,,,,,,,,,,,,,,,,,,7.0,,True,True,100.0
hgb_gamma__per_dy__raw__two_stage,type,__global__,5691.0,20.0,3.0,1.20739679835708,1.250003200303326,0.1247934101682073,0.4166677334344419,0.1247934101682073,0.1247934101682072,5691.0,1.20644480015578,0.1236442299449145,0.4,,,,,,,,,,,,,,,,,8.0,,,,
hgb_gamma__per_dy__raw__two_stage,type,Annuity,24.0,13.0,3.0,1.929133618244294,3.0790766465887653,0.3859922105492066,1.026358882196255,0.3859922105492066,0.3859922105492065,24.0,1.9291004591619587,0.3859624215892195,0.26,1.2415747407435165,0.5528819606070903,0.4772970700025267,1.513701216520865,0.0,0.0,1.9291336182442944,1.9291336182442944,0.5528845540563886,0.4772652416257429,1.5136852930373454,0.5528819606070904,0.4772970700025268,1.513701216520865,,,8.0,,,,
hgb_gamma__per_dy__raw__two_stage,arms,8,,,3.0,,,,,,,,,,,,,,,,,,,,,,,,,,,8.0,,True,True,100.0
hgb_gamma__per_dy__raw__two_stage,type,__global__,2698.0,9.0,2.0,1.3157272435272434,0.026518663695945,0.2694638991935769,0.0132593318479725,0.2694638991935769,0.2694638991935769,2698.0,1.3122396740097226,0.2636388765110717,0.18,,,,,,,,,,,,,,,,,9.0,,,,
hgb_gamma__per_dy__raw__two_stage,arms,9,,,2.0,,,,,,,,,,,,,,,,,,,,,,,,,,,9.0,,False,True,100.0
hgb_gamma__per_dy__raw__two_stage,arms,10,,,,,,,,,,,,,,,,,,,,,,,,,,,,,,10.0,,False,False,
hgb_gamma__single_model__raw__two_stage,dy,__global__,149083.0,33872.0,3.0,1.2062570823560856,0.007209865081514,0.0004633421719061,0.0024032883605046,0.0004633421719061,0.000635522578879,32631.0,1.20623633652029,0.0004632490138109,1.0,,,,,,,,,,,,,,,0.8,1.1650056658848684,,,,,
hgb_gamma__single_model__raw__two_stage,dy,1,24771.0,9850.0,3.0,1.104165642441262,0.0087242595123531,0.0004185826312032,0.0029080865041177,0.0004185826312032,0.0004185826312032,24771.0,1.1041583047324663,0.0004185235801052,1.0,1.104165642441262,0.9993573280014388,0.650897535295697,1.104098698099653,0.9990838301119368,0.4564646184616464,1.3572650367022758,1.104397524484971,0.9993563211593888,0.6497870660705667,1.104091260235636,0.9993573280014388,0.650897535295697,1.104098698099653,0.8,1.0833325139530097,,,,,
hgb_gamma__single_model__raw__two_stage,dy,2,28988.0,16192.0,3.0,1.1287432772757455,0.011920177447363,0.0005199495004513,0.0039733924824543,0.0005199495004513,0.0005199495004513,28988.0,1.1287381500049427,0.0005199080736838,1.0,1.1287432772757455,0.999201818322985,0.650897535295697,1.1286405167507851,0.9988622165015986,0.4564646184616464,1.3572650367022758,1.1290032855626466,0.9992005189943288,0.6497870660705667,1.1286352262993085,0.999201818322985,0.650897535295697,1.1286405167507851,0.8,1.1029946218205964,,,,,
hgb_gamma__single_model__raw__two_stage,dy,3,25377.0,4799.0,3.0,1.2453673492385766,0.0012349808886068,0.0020817695776258,0.0004116602962022,0.0020817695776258,0.0020817695776258,25377.0,1.2453414584895677,0.0020813309133401,1.0,1.2453673492385766,0.996811890419667,0.650897535295697,1.2445850912417682,0.995460067657435,0.4564646184616464,1.3572650367022758,1.2458753571689514,0.9968071302076152,0.6497870660705667,1.2445581151579368,0.996811890419667,0.650897535295697,1.2445850912417682,0.8,1.1962938793908613,,,,,
hgb_gamma__single_model__raw__two_stage,dy,4,21277.0,1929.0,3.0,1.477326920474538,0.099763986301341,0.0090423863547862,0.033254662100447,0.0090423863547862,0.0090423863547862,21277.0,1.477220167283495,0.0090382944023014,1.0,1.477326920474538,0.986298167366248,0.650897535295697,1.4707866668986118,0.9805751873522246,0.4564646184616464,1.3572650367022758,1.4749947408761228,0.9862811984107378,0.6497870660705667,1.4706732784941383,0.986298167366248,0.650897535295697,1.4707866668986118,0.8,1.3818615363796305,,,,,
hgb_gamma__single_model__raw__two_stage,dy,5,17162.0,753.0,3.0,1.9375306763076,0.9765709564278172,0.160074207685838,0.3255236521426057,0.160074207685838,0.160074207685838,17162.0,1.9370868610538163,0.159921483897538,1.0,1.9375306763076,0.8026143215578317,0.650897535295697,1.7524755477042795,0.740366379379413,0.4564646184616464,1.3572650367022758,1.7868742073751491,0.802495004030972,0.6497870660705667,1.7520075243387532,0.8026143215578317,0.650897535295697,1.7524755477042795,0.8,1.7500245410460802,,,,,
hgb_gamma__single_model__raw__two_stage,dy,6,12899.0,236.0,3.0,2.6796273335838934,2.021101766319489,0.8767695953815827,0.6737005887731629,0.8767695953815827,0.8767695953815826,12899.0,2.6782982719360007,0.8753544894427204,0.4957983193277311,1.8327564090878128,0.4260728808160757,0.650897535295697,1.7156436567175133,0.3423739157922035,0.4564646184616464,1.3572650367022758,1.8100073943816075,0.426050331998121,0.6497870660705667,1.715039535950206,0.4260728808160757,0.650897535295697,1.7156436567175133,0.8,2.343701866867115,,,,,
hgb_gamma__single_model__raw__two_stage,dy,7,9190.0,82.0,2.0,2.567839644863823,1.625993684950815,0.5769582255226108,0.8129968424754075,0.5769582255226108,0.5769582255226109,9190.0,2.566178563181583,0.5757217334974349,0.6165413533834586,1.9666379765325828,0.530109118730611,0.650897535295697,1.8311260924496755,0.4417016917313278,0.4564646184616464,1.3572650367022758,1.8919778890942207,0.5302181969640856,0.6497870660705667,1.8304163738939412,0.530109118730611,0.650897535295697,1.8311260924496755,0.8,2.2542717158910586,,,,,
hgb_gamma__single_model__raw__two_stage,dy,8,5691.0,20.0,2.0,0.3908895416300767,0.1961900397769807,0.0116748898135602,0.0980950198884903,0.0116748898135602,0.0116748898135602,5691.0,0.39179753856759,0.011644091260685,0.4,0.7563558166520307,0.98237945110433,0.650897535295697,0.4016224022446478,0.9750610883995356,0.4564646184616464,1.3572650367022758,0.4149898946745374,0.9823956111960817,0.6497870660705667,0.4025045711701464,0.98237945110433,0.650897535295697,0.4016224022446478,0.8,0.5127116333040613,,,,,
hgb_gamma__single_model__raw__two_stage,type,__global__,149083.0,33872.0,3.0,1.2062570823560856,0.007209865081514,0.0004633421719061,0.0024032883605046,0.0004633421719061,0.000635522578879,32631.0,1.20623633652029,0.0004632490138109,1.0,,,,,,,,,,,,,,,,,,,,,
hgb_gamma__single_model__raw__two_stage,type,Annuity,506.0,336.0,3.0,1.6473554607962,0.3317540264805388,0.0432016217389695,0.1105846754935129,0.0432016217389695,0.0600432552302725,107.0,1.6473526301070438,0.0432012403915256,1.0,1.6473554607962,0.6902726260057006,0.0962811149072421,1.4468517538829233,0.0,0.0,1.3117097595079623,1.3117097595079623,0.6902598527506907,0.096274512994596,1.4468415311354603,0.6115907745968616,0.0945443583053028,1.3959166277078563,,,,,,,
hgb_gamma__single_model__raw__two_stage,type,Bodily,15739.0,4738.0,3.0,1.3995042251110137,0.0170925017871219,0.0028825027315981,0.0056975005957073,0.0028825027315981,0.0036810338975126,3444.0,1.399484021282661,0.0028822101171168,1.0,1.3995042251110137,0.9709318518199244,0.0962811149072421,1.38789137709692,0.0,0.0,1.3117097595079623,1.3117097595079623,0.970932781694796,0.096274512994596,1.387872132026597,0.962524620009538,0.0945443583053028,1.384532652467183,,,,,,,
hgb_gamma__single_model__raw__two_stage,type,Lost,175.0,28.0,3.0,1.36771466373299,0.4576946844623701,0.1700218534824487,0.15256489482079,0.1700218534824487,0.1689402691392617,22.0,1.36765175258517,0.1699624282120293,0.56,1.2059202116904744,0.3615472838678629,0.0962811149072421,1.132946237911047,0.0,0.0,1.3117097595079623,1.3117097595079623,0.3616121510345845,0.096274512994596,1.132947341083958,0.3588230524955172,0.0945443583053028,1.1319444980880342,,,,,,,
hgb_gamma__single_model__raw__two_stage,type,Material,113825.0,25034.0,3.0,1.0815678349144129,0.0011845301814856,0.0001178463447616,0.0003948433938285,0.0001178463447616,0.0001138749507768,24549.0,1.0815581682729871,0.0001178184007104,1.0,1.0815678349144129,0.9987775143712015,0.0962811149072421,1.0814681194084577,0.0,0.0,1.3117097595079623,1.3117097595079623,0.9987777201878512,0.096274512994596,1.0814584813703914,0.99879698841971,0.0945443583053028,1.0814697078644315,,,,,,,
hgb_gamma__single_model__raw__two_stage,type,Remaining,190.0,41.0,3.0,1.219830163117578,0.2351967605840675,0.0572652414501099,0.0783989201946891,0.0572652414501099,0.0433090517489115,47.0,1.2198118094375856,0.0572557209396873,0.82,1.180260733756414,0.6270491673743451,0.0962811149072421,1.1378443207466438,0.0,0.0,1.3117097595079623,1.3117097595079623,0.6270720139448565,0.096274512994596,1.1378378340328898,0.6858325685822412,0.0945443583053028,1.1507666854227816,,,,,,,
hgb_gamma__single_model__raw__two_stage,type,Technical,18648.0,3695.0,3.0,1.2977249983059254,0.0326644844194092,0.0063298241623258,0.0108881614731364,0.0063298241623258,0.0141519445551146,4462.0,1.2976643202631766,0.0063272400549828,1.0,1.2977249983059254,0.9383123844326734,0.0962811149072421,1.2793590530656465,0.0,0.0,1.3117097595079623,1.3117097595079623,0.938332047290406,0.096274512994596,1.2793079710378534,0.8698028894939706,0.0945443583053028,1.2589620638010814,,,,,,,
hgb_gamma__single_model__raw__two_stage,arms,all,,,3.0,,,,,,,,,,,,,,,,,,,,,,,,,,,,,True,True,100.0
hgb_poisson__per_dy__raw__include_zeros,dy,2,28988.0,16192.0,3.0,1.0010588537890073,0.0089444029517909,0.0004175051430221,0.0029814676505969,0.0004175051430221,0.0004175051430221,28988.0,1.001058816389655,0.0004174756503499,1.0,1.0010588537890073,0.9975154824398592,0.1676252367237198,1.0010562230481748,0.997878396493234,0.1963700386608342,1.0445062245014376,1.0011510318830703,0.9974896969943025,0.1658874084223665,1.0010561584396895,0.9975154824398592,0.1676252367237198,1.0010562230481748,0.0,1.0,,,,,
hgb_poisson__per_dy__raw__include_zeros,dy,3,25377.0,4799.0,3.0,1.0598154690906585,0.0036934045819748,0.0016635426195344,0.0012311348606582,0.0016635426195344,0.0016635426195344,25377.0,1.0598100977714429,0.0016632422828651,1.0,1.0598154690906585,0.9901733438802732,0.1676252367237198,1.0592276830452645,0.991599694310536,0.1963700386608342,1.0445062245014376,1.0596868667562342,0.9900731971146371,0.1658874084223665,1.0592163747203114,0.9901733438802732,0.1676252367237198,1.0592276830452645,0.0,1.0,,,,,
hgb_poisson__per_dy__raw__include_zeros,dy,4,21277.0,1929.0,3.0,1.02724709725522,0.0179452996205425,0.0044790293097235,0.0059817665401808,0.0044790293097235,0.0044790293097235,21277.0,1.0272428597223286,0.0044776364657393,1.0,1.02724709725522,0.9739749082753524,0.1676252367237198,1.0265379890499229,0.9776995265400976,0.1963700386608342,1.0445062245014376,1.0276319839643155,0.9737173991960604,0.1658874084223665,1.0265268465154889,0.9739749082753524,0.1676252367237198,1.0265379890499229,0.0,1.0,,,,,
hgb_poisson__per_dy__raw__include_zeros,dy,5,17162.0,753.0,3.0,1.143642484605277,1.2287644418414674,0.0574047972119721,0.4095881472804891,0.0574047972119721,0.0574047972119721,17162.0,1.143602340148422,0.0573723170533242,0.8140540540540541,1.116932746927323,0.7449016195394743,0.1676252367237198,1.106999519417145,0.773796337944461,0.1963700386608342,1.0445062245014376,1.121217499527298,0.7430243321714954,0.1658874084223665,1.106700032887045,0.7449016195394743,0.1676252367237198,1.106999519417145,0.0,1.0,,,,,
hgb_poisson__per_dy__raw__include_zeros,dy,6,12899.0,236.0,3.0,0.3495909580001515,1.660057485256904,0.0237137984928828,0.5533524950856347,0.0237137984928828,0.0237137984928828,12899.0,0.349658147819625,0.0237122719297593,0.6035805626598465,0.6074257444706797,0.8760639800130801,0.1676252367237198,0.4302000660291182,0.8922510675951183,0.1963700386608342,1.0445062245014376,0.4244673360775189,0.874935063784281,0.1658874084223665,0.4309931100809762,0.8760639800130801,0.1676252367237198,0.4302000660291182,0.0,1.0,,,,,
hgb_poisson__per_dy__raw__include_zeros,dy,7,9190.0,82.0,3.0,1.5091438244292106,0.5784001424720064,0.2281835597155572,0.1928000474906688,0.2281835597155572,0.2281835597155572,9190.0,1.508826661584564,0.2278931228715924,1.0,1.5091438244292106,0.4235005341763192,0.1676252367237198,1.2156226816183449,0.462532974427273,0.1963700386608342,1.0445062245014376,1.25941643562678,0.4212686896359811,0.1658874084223665,1.21435274097758,0.4235005341763191,0.1676252367237198,1.2156226816183446,0.0,1.0,,,,,
hgb_poisson__per_dy__raw__include_zeros,dy,8,5691.0,20.0,3.0,2.05749049850729,1.5303271581679403,0.3362611999503241,0.5101090527226467,0.3362611999503241,0.3362611999503241,5691.0,2.0492453769636847,0.330959206495692,0.4,1.422996199402916,0.3326647127677181,0.1676252367237198,1.3517897729405186,0.3686791619148572,0.1963700386608342,1.0445062245014376,1.4179724176748454,0.333880524575427,0.1658874084223665,1.3503225968689767,0.3326647127677181,0.1676252367237198,1.3517897729405186,0.0,1.0,,,,,
hgb_poisson__per_dy__raw__include_zeros,type,__global__,28988.0,16192.0,3.0,1.0010588537890073,0.0089444029517909,0.0004175051430221,0.0029814676505969,0.0004175051430221,0.0004175051430221,28988.0,1.001058816389655,0.0004174756503499,1.0,,,,,,,,,,,,,,,,,2.0,,,,
hgb_poisson__per_dy__raw__include_zeros,type,Annuity,92.0,51.0,3.0,10.145464143662432,29.663719387978276,8.183516570202974,9.887906462659425,8.183516570202974,8.183516570202974,92.0,10.145162237905891,8.182958457470518,0.0337301587301587,1.308477957226709,0.605689818761878,12.570491212469488,6.539314519668152,0.6069780911008998,12.638520025990733,2.0696807294470525,6.971504330351811,0.6056903936493591,12.56966416616853,6.539136915864473,0.605689818761878,12.570491212469488,6.539314519668152,,,2.0,,,,
hgb_poisson__per_dy__raw__include_zeros,type,Bodily,2857.0,1698.0,3.0,1.0738654602812223,0.02331062562961,0.0047927831157097,0.0077702085432033,0.0047927831157097,0.0047927831157097,2857.0,1.0738642009865464,0.0047926196105811,1.0,1.0738654602812223,0.9996188727731802,12.570491212469488,1.0738373081431876,0.999620923472505,12.638520025990733,2.0696807294470525,1.0742429504754842,0.9996188607037084,12.56966416616853,1.0738360484369611,0.9996188727731802,12.570491212469488,1.0738373081431876,,,2.0,,,,
hgb_poisson__per_dy__raw__include_zeros,type,Lost,22.0,18.0,3.0,1.2748751386124797,0.0067963142603088,0.1104803538021798,0.0022654380867696,0.1104803538021798,0.1104803538021798,22.0,1.2748658563640156,0.1104728263696249,0.36,1.0989550499004928,0.9912877058966024,12.570491212469488,1.2724803455631757,0.991334194798732,12.638520025990733,2.0696807294470525,1.2817627690355309,0.9912877261156852,12.56966416616853,1.2724711497419254,0.9912877058966024,12.570491212469488,1.2724803455631757,,,2.0,,,,
hgb_poisson__per_dy__raw__include_zeros,type,Material,22070.0,12754.0,3.0,0.95036416261961,0.00591213938849,0.0001819866752968,0.0019707131294966,0.0001819866752968,0.0001819866752968,22070.0,0.9503660499130682,0.0001819728424895,1.0,0.95036416261961,0.999985522917316,12.570491212469488,0.9503648812017318,0.9999856008413588,12.638520025990733,2.0696807294470525,0.9503802798364254,0.9999855230652408,12.56966416616853,0.9503667684605256,0.999985522917316,12.570491212469488,0.9503648812017318,,,2.0,,,,
hgb_poisson__per_dy__raw__include_zeros,type,Remaining,39.0,27.0,3.0,1.2628185026238394,0.145744236706741,0.0826550011886573,0.0485814122355803,0.0826550011886573,0.0826550011886573,39.0,1.2628107157698842,0.0826500420673814,0.54,1.1419219914168732,0.9934676324929024,12.570491212469488,1.2611016755770357,0.993502565524642,12.638520025990733,2.0696807294470525,1.2680610370732646,0.9934675948836632,12.56966416616853,1.2610939297055608,0.9934676324929024,12.570491212469488,1.2611016755770357,,,2.0,,,,
hgb_poisson__per_dy__raw__include_zeros,type,Technical,3908.0,1644.0,3.0,0.8717600934132624,0.0008520915425066,0.0039356365784923,0.0002840305141688,0.0039356365784923,0.0039356365784923,3908.0,0.8717674705859421,0.0039351843548619,1.0,0.8717600934132624,0.9996870126467204,12.570491212469488,0.8718002308822098,0.9996886968257168,12.638520025990733,2.0696807294470525,0.872133009909799,0.9996870280144008,12.56966416616853,0.8718076037752912,0.9996870126467204,12.570491212469488,0.8718002308822098,,,2.0,,,,
hgb_poisson__per_dy__raw__include_zeros,arms,2,,,3.0,,,,,,,,,,,,,,,,,,,,,,,,,,,2.0,,True,True,100.0
hgb_poisson__per_dy__raw__include_zeros,type,__global__,25377.0,4799.0,3.0,1.0598154690906585,0.0036934045819748,0.0016635426195344,0.0012311348606582,0.0016635426195344,0.0016635426195344,25377.0,1.0598100977714429,0.0016632422828651,1.0,,,,,,,,,,,,,,,,,3.0,,,,
hgb_poisson__per_dy__raw__include_zeros,type,Annuity,92.0,72.0,3.0,1.1088419860585523,0.3893387985758281,0.0341847260502956,0.129779599525276,0.0341847260502956,0.0341847260502956,92.0,1.1088416987153082,0.0341845407191796,1.0,1.1088419860585523,0.0,0.0,1.0,0.0,0.0,1.0148237809301537,1.0148237809301537,0.0,0.0,1.0,0.0,0.0,1.0,,,3.0,,,,
hgb_poisson__per_dy__raw__include_zeros,type,Bodily,2798.0,1437.0,3.0,1.1481432076676823,0.0841455307831154,0.0063628312525015,0.0280485102610384,0.0063628312525015,0.0063628312525015,2798.0,1.14813911329024,0.0063624771294636,1.0,1.1481432076676823,0.0,0.0,1.0,0.0,0.0,1.0148237809301537,1.0148237809301537,0.0,0.0,1.0,0.0,0.0,1.0,,,3.0,,,,
hgb_poisson__per_dy__raw__include_zeros,type,Material,19162.0,2644.0,3.0,0.9874081396242388,0.0066109020151547,0.0011913704060699,0.0022036340050515,0.0011913704060699,0.0011913704060699,19162.0,0.9874100499700356,0.0011910089605813,1.0,0.9874081396242388,0.0,0.0,1.0,0.0,0.0,1.0148237809301537,1.0148237809301537,0.0,0.0,1.0,0.0,0.0,1.0,,,3.0,,,,
hgb_poisson__per_dy__raw__include_zeros,type,Technical,3267.0,642.0,3.0,0.9989568920082,0.3032519579679593,0.0229525263766637,0.1010839859893197,0.0229525263766637,0.0229525263766637,3267.0,0.998957064844582,0.0229449208803002,1.0,0.9989568920082,0.0,0.0,1.0,0.0,0.0,1.0148237809301537,1.0148237809301537,0.0,0.0,1.0,0.0,0.0,1.0,,,3.0,,,,
hgb_poisson__per_dy__raw__include_zeros,arms,3,,,3.0,,,,,,,,,,,,,,,,,,,,,,,,,,,3.0,,True,True,100.0
hgb_poisson__per_dy__raw__include_zeros,type,__global__,21277.0,1929.0,3.0,1.02724709725522,0.0179452996205425,0.0044790293097235,0.0059817665401808,0.0044790293097235,0.0044790293097235,21277.0,1.0272428597223286,0.0044776364657393,1.0,,,,,,,,,,,,,,,,,4.0,,,,
hgb_poisson__per_dy__raw__include_zeros,type,Annuity,76.0,65.0,3.0,3.3558500900438126,12.101264059235016,0.5033259447138859,4.0337546864116725,0.5033259447138859,0.5033259447138859,76.0,3.355832010136558,0.5033155484842678,0.0826972010178117,1.194822208464183,0.7187515557853443,1.2862873138388806,2.693270917416034,0.7454354259855871,1.473877468850599,1.3604050315621097,2.8478804687622525,0.7187503270418304,1.2862529270642398,2.693255027741264,0.7187515557853443,1.2862873138388806,2.693270917416034,,,4.0,,,,
hgb_poisson__per_dy__raw__include_zeros,type,Bodily,2385.0,647.0,3.0,1.0725513505931776,0.0005158016103838,0.010322425171007,0.0001719338701279,0.010322425171007,0.010322425171007,2385.0,1.0725483775131022,0.0103215765054207,1.0,1.0725513505931776,0.9920389112772752,1.2862873138388806,1.071973762854152,0.9930451247082108,1.473877468850599,1.3604050315621097,1.074553337046599,0.9920393494727808,1.2862529270642398,1.0719708452334036,0.9920389112772752,1.2862873138388806,1.071973762854152,,,4.0,,,,
hgb_poisson__per_dy__raw__include_zeros,type,Material,16165.0,858.0,3.0,0.5957966794284936,0.0169914050968242,0.0009983389832795,0.0056638016989414,0.0009983389832795,0.0009983389832795,16165.0,0.5959106072302999,0.0009977716015812,1.0,0.5957966794284936,0.9992244619668595,1.2862873138388806,0.5961101544767184,0.9993231030179104,1.473877468850599,1.3604050315621097,0.5963142405145332,0.9992248816779704,1.2862529270642398,0.5962238243223734,0.9992244619668595,1.2862873138388806,0.5961101544767184,,,4.0,,,,
hgb_poisson__per_dy__raw__include_zeros,type,Technical,2602.0,350.0,3.0,0.902576131627441,0.1080815257205653,0.0683691154983455,0.0360271752401884,0.0683691154983455,0.0683691154983455,2602.0,0.9025994732618048,0.0683362221734726,1.0,0.902576131627441,0.9495302912105946,1.2862873138388806,0.9074930858933414,0.9556691412435792,1.473877468850599,1.3604050315621097,0.9228720799250524,0.94955206734682,1.2862529270642398,0.9075131284750776,0.9495302912105946,1.2862873138388806,0.9074930858933414,,,4.0,,,,
hgb_poisson__per_dy__raw__include_zeros,arms,4,,,3.0,,,,,,,,,,,,,,,,,,,,,,,,,,,4.0,,True,True,100.0
hgb_poisson__per_dy__raw__include_zeros,type,__global__,17162.0,753.0,3.0,1.143642484605277,1.2287644418414674,0.0574047972119721,0.4095881472804891,0.0574047972119721,0.0574047972119721,17162.0,1.143602340148422,0.0573723170533242,0.8140540540540541,,,,,,,,,,,,,,,,,5.0,,,,
hgb_poisson__per_dy__raw__include_zeros,type,Annuity,61.0,49.0,3.0,1.233158459233847,6.27807548422963,0.2811536167884256,2.092691828076543,0.2811536167884256,0.2811536167884256,61.0,1.233157907945798,0.2811522517215711,0.1596091205211726,1.037214216620386,0.0,0.0,1.0,0.0,0.0,1.0532144434985773,1.0532144434985773,0.0,0.0,1.0,0.0,0.0,1.0,,,5.0,,,,
hgb_poisson__per_dy__raw__include_zeros,type,Bodily,1977.0,281.0,3.0,1.3997006566977748,0.5388525866160687,0.1090124415820548,0.1796175288720229,0.1090124415820548,0.1090124415820549,1977.0,1.3996537061133325,0.1089864868892529,1.0,1.3997006566977748,0.0,0.0,1.0,0.0,0.0,1.0532144434985773,1.0532144434985773,0.0,0.0,1.0,0.0,0.0,1.0,,,5.0,,,,
hgb_poisson__per_dy__raw__include_zeros,type,Material,13107.0,257.0,3.0,0.6520782114610518,0.062519801170445,0.0052397599642989,0.0208399337234816,0.0052397599642989,0.0052397599642989,13107.0,0.6523776787833019,0.0052305900401235,1.0,0.6520782114610518,0.0,0.0,1.0,0.0,0.0,1.0532144434985773,1.0532144434985773,0.0,0.0,1.0,0.0,0.0,1.0,,,5.0,,,,
hgb_poisson__per_dy__raw__include_zeros,type,Technical,1975.0,165.0,3.0,1.3048788695799836,0.7949644010083228,0.3233047910188515,0.2649881336694409,0.3233047910188515,0.3233047910188515,1975.0,1.3047076095811594,0.3229415915452054,1.0,1.3048788695799836,0.0,0.0,1.0,0.0,0.0,1.0532144434985773,1.0532144434985773,0.0,0.0,1.0,0.0,0.0,1.0,,,5.0,,,,
hgb_poisson__per_dy__raw__include_zeros,arms,5,,,3.0,,,,,,,,,,,,,,,,,,,,,,,,,,,5.0,,True,True,100.0
hgb_poisson__per_dy__raw__include_zeros,type,__global__,12899.0,236.0,3.0,0.3495909580001515,1.660057485256904,0.0237137984928828,0.5533524950856347,0.0237137984928828,0.0237137984928828,12899.0,0.349658147819625,0.0237122719297593,0.6035805626598465,,,,,,,,,,,,,,,,,6.0,,,,
hgb_poisson__per_dy__raw__include_zeros,type,Annuity,50.0,38.0,3.0,0.2967489844407285,7.961635171523305,0.0266985635888218,2.6538783905077685,0.0266985635888218,0.0266985635888218,50.0,0.2967493021574969,0.0266985567657974,0.1258278145695364,0.9115114616183698,0.8688496306890301,0.1768735935395886,0.3889806148496416,0.9598848652284732,0.6388498320698681,0.5347659794333554,0.3062970682727716,0.8686397540767888,0.1765482975481365,0.389128486771758,0.8688496306890301,0.1768735935395887,0.3889806148496416,,,6.0,,,,
hgb_poisson__per_dy__raw__include_zeros,type,Bodily,1559.0,99.0,3.0,0.6346615700192733,4.044451493026928,0.0481354403519209,1.3481504976756429,0.0481354403519209,0.0481354403519209,1559.0,0.6347435552277373,0.04812085683888,0.2475,0.90957873857977,0.786073298838615,0.1768735935395886,0.7128172151525298,0.929932354761796,0.6388498320698681,0.5347659794333554,0.6276621212172383,0.7858145815780889,0.1765482975481365,0.7129761596825841,0.7860732988386151,0.1768735935395887,0.7128172151525297,,,6.0,,,,
hgb_poisson__per_dy__raw__include_zeros,type,Material,9842.0,52.0,3.0,0.2747482936579029,2.1195404405260057,0.0095498502664975,0.7065134801753352,0.0095498502664975,0.0095498502664975,9842.0,0.2761933268376323,0.0095427237888953,0.4727272727272727,0.6571537388200995,0.9487733405653038,0.1768735935395886,0.3119005158231217,0.985271661096306,0.6388498320698681,0.5347659794333554,0.278577922254958,0.948720127815235,0.1765482975481365,0.3133100405238785,0.9487733405653038,0.1768735935395887,0.3119005158231217,,,6.0,,,,
hgb_poisson__per_dy__raw__include_zeros,type,Technical,1411.0,47.0,3.0,2.4653375440270193,55.79246632633748,2.5093600864275944,18.59748877544583,2.5093600864275944,2.509360086427594,1411.0,2.464327368694162,2.5055692296986627,0.0179252479023646,1.0262665387373264,0.0658444553274119,0.1768735935395886,1.0964843524572667,0.2029247885651698,0.6388498320698681,0.5347659794333554,0.9265268059884536,0.0658242212560177,0.1765482975481365,1.096388208708167,0.065844455327412,0.1768735935395887,1.0964843524572667,,,6.0,,,,
hgb_poisson__per_dy__raw__include_zeros,arms,6,,,3.0,,,,,,,,,,,,,,,,,,,,,,,,,,,6.0,,True,True,100.0
hgb_poisson__per_dy__raw__include_zeros,type,__global__,9190.0,82.0,3.0,1.5091438244292106,0.5784001424720064,0.2281835597155572,0.1928000474906688,0.2281835597155572,0.2281835597155572,9190.0,1.508826661584564,0.2278931228715924,1.0,,,,,,,,,,,,,,,,,7.0,,,,
hgb_poisson__per_dy__raw__include_zeros,type,Annuity,41.0,29.0,3.0,2.654990107369154,9.584413389272584,0.9794713903225776,3.194804463090861,0.9794713903225776,0.9794713903225776,41.0,2.654981280368242,0.9794593389424882,0.1046931407942238,1.1732661123238466,0.4480729979810733,0.795167985427677,1.7415563790379154,0.5499997728755546,1.1971306007064386,0.6686028206865428,1.7611153772048684,0.4477375244803602,0.7940802049508144,1.7409972215334135,0.4480729979810733,0.795167985427677,1.7415563790379154,,,7.0,,,,
hgb_poisson__per_dy__raw__include_zeros,type,Bodily,1094.0,25.0,3.0,0.3016286521984728,0.0447600089414043,0.016003569302278,0.0149200029804681,0.016003569302278,0.016003569302278,1094.0,0.3018790806204527,0.0159961342534414,0.5,0.6508143260992364,0.9802710422857396,0.795167985427677,0.3154067909881001,0.9868080796849016,1.1971306007064386,0.6686028206865428,0.3064697461868669,0.9802535471297006,0.7940802049508144,0.3156644924527511,0.9802710422857396,0.795167985427677,0.3154067909881001,,,7.0,,,,
hgb_poisson__per_dy__raw__include_zeros,type,Material,7013.0,15.0,3.0,0.1406217017567044,0.0399626577955974,0.0043331714066662,0.0133208859318658,0.0043331714066662,0.0043331714066662,7013.0,0.1427626464335358,0.0043115933234558,0.3,0.7421865105270113,0.9945801561766044,0.795167985427677,0.1452793979183985,0.9963934231666052,1.1971306007064386,0.6686028206865428,0.1425259062287066,0.9945996522850368,0.7940802049508144,0.1473920262170496,0.9945801561766044,0.795167985427677,0.1452793979183985,,,7.0,,,,
hgb_poisson__per_dy__raw__include_zeros,type,Technical,1017.0,13.0,3.0,0.449270400024211,0.3622082146367997,0.0880688739586931,0.1207360715455999,0.0880688739586931,0.0880688739586931,1017.0,0.4497481964331727,0.0878808978001892,0.26,0.8568103040062949,0.900288497900915,0.795167985427677,0.504184475688225,0.9314745487414392,1.1971306007064386,0.6686028206865428,0.4643002531257297,0.9003573995201465,0.7940802049508144,0.5045767170593008,0.900288497900915,0.795167985427677,0.504184475688225,,,7.0,,,,
hgb_poisson__per_dy__raw__include_zeros,arms,7,,,3.0,,,,,,,,,,,,,,,,,,,,,,,,,,,7.0,,True,True,100.0
hgb_poisson__per_dy__raw__include_zeros,type,__global__,5691.0,20.0,3.0,2.05749049850729,1.5303271581679403,0.3362611999503241,0.5101090527226467,0.3362611999503241,0.3362611999503241,5691.0,2.0492453769636847,0.330959206495692,0.4,,,,,,,,,,,,,,,,,8.0,,,,
hgb_poisson__per_dy__raw__include_zeros,type,Annuity,24.0,13.0,3.0,3.449517255414515,8.630740005038323,1.2029044633435493,2.8769133350127745,1.2029044633435493,1.2029044633435495,24.0,3.4493609447427653,1.2027181523007715,0.1160714285714285,1.2843189671463278,0.7995204263683783,4.797230321229909,2.958439080445713,0.0,0.0,3.449517255414515,3.449517255414515,0.7995258926802642,4.796650885330401,2.958327495841635,0.7995204263683783,4.797230321229909,2.958439080445713,,,8.0,,,,
hgb_poisson__per_dy__raw__include_zeros,arms,8,,,3.0,,,,,,,,,,,,,,,,,,,,,,,,,,,8.0,,True,True,100.0
hgb_poisson__per_dy__raw__include_zeros,type,__global__,2698.0,9.0,2.0,2.062865090232622,1.8288471119137528,0.742191733596415,0.9144235559568764,0.742191733596415,0.742191733596415,2698.0,2.044572370450764,0.7173089588944829,0.18,,,,,,,,,,,,,,,,,9.0,,,,
hgb_poisson__per_dy__raw__include_zeros,arms,9,,,2.0,,,,,,,,,,,,,,,,,,,,,,,,,,,9.0,,False,True,100.0
hgb_poisson__per_dy__raw__include_zeros,arms,10,,,,,,,,,,,,,,,,,,,,,,,,,,,,,,10.0,,False,False,
hgb_poisson__per_dy__raw__two_stage,dy,2,28988.0,16192.0,3.0,1.0094759520079832,0.0058548026822903,0.0004227498079545,0.0019516008940967,0.0004227498079545,0.0004227498079545,28988.0,1.00947561449757,0.0004227196934464,1.0,1.0094759520079832,0.9872616682734336,0.032764469447205,1.0093552441878806,0.981835123006405,0.0228501745340918,1.0768044709924944,1.0106989662734978,0.987287880974503,0.0328305634608883,1.0093551593582373,0.9872616682734336,0.032764469447205,1.0093552441878806,0.0,1.0,,,,,
hgb_poisson__per_dy__raw__two_stage,dy,3,25377.0,4799.0,3.0,1.0412818973897378,0.0076094520927391,0.0015088231547531,0.002536484030913,0.0015088231547531,0.0015088231547531,25377.0,1.041278255172493,0.001508557014238,1.0,1.0412818973897378,0.9559767083870148,0.032764469447205,1.039464532382612,0.938058898234383,0.0228501745340918,1.0768044709924944,1.0434822047362426,0.9560688511130988,0.0328305634608883,1.0394648539987188,0.9559767083870148,0.032764469447205,1.039464532382612,0.0,1.0,,,,,
hgb_poisson__per_dy__raw__two_stage,dy,4,21277.0,1929.0,3.0,1.051520933338459,0.0110895167923728,0.0047039466730034,0.0036965055974576,0.0047039466730034,0.0047039466730034,21277.0,1.0515127313724262,0.0047024512638513,1.0,1.051520933338459,0.8744556840109837,0.032764469447205,1.0450527730033663,0.8292833715273006,0.0228501745340918,1.0768044709924944,1.0558372536426184,0.8747116026160359,0.0328305634608883,1.0450587838139045,0.8744556840109837,0.032764469447205,1.0450527730033663,0.0,1.0,,,,,
hgb_poisson__per_dy__raw__two_stage,dy,5,17162.0,753.0,3.0,1.8602486058049816,3.488223300036707,0.1897603149941626,1.1627411000122356,0.1897603149941626,0.1897603149941626,17162.0,1.8598576107038032,0.1895681959915021,0.2867479055597867,1.2466744859753052,0.1472396413256074,0.032764469447205,1.1266626961695794,0.1074743517349138,0.0228501745340918,1.0768044709924944,1.161004621501987,0.1476202634480811,0.0328305634608883,1.1269324070199331,0.1472396413256073,0.032764469447205,1.1266626961695794,0.0,1.0,,,,,
hgb_poisson__per_dy__raw__two_stage,dy,6,12899.0,236.0,3.0,1.2141336945872403,0.1939952258446529,0.1811931003780457,0.0646650752815509,0.1811931003780457,0.1811931003780457,12899.0,1.214056888206844,0.1810633809245001,1.0,1.2141336945872403,0.1531353598471199,0.032764469447205,1.0327914403760103,0.1119869034837403,0.0228501745340918,1.0768044709924944,1.0921835455006963,0.1534899155524247,0.0328305634608883,1.0328555736942833,0.15313535984712,0.032764469447205,1.0327914403760103,0.0,1.0,,,,,
hgb_poisson__per_dy__raw__two_stage,dy,7,9190.0,82.0,3.0,1.0802677089460482,0.0496771189502749,0.108052003999269,0.0165590396500916,0.108052003999269,0.108052003999269,9190.0,1.080231910815781,0.107955841153531,1.0,1.0802677089460482,0.2326749750600679,0.032764469447205,1.0186762871771506,0.1745591615823903,0.0228501745340918,1.0768044709924944,1.077409010906027,0.2331941322800553,0.0328305634608883,1.018709610823857,0.2326749750600679,0.032764469447205,1.0186762871771506,0.0,1.0,,,,,
hgb_poisson__per_dy__raw__two_stage,dy,8,5691.0,20.0,3.0,1.20739679835708,1.250003200303326,0.1247934101682073,0.4166677334344419,0.1247934101682073,0.1247934101682072,5691.0,1.20644480015578,0.1236442299449145,0.4,1.082958719342832,0.207951957256475,0.032764469447205,1.0431285701470814,0.1547657799027688,0.0228501745340918,1.0768044709924944,1.0970156943863922,0.2098137517634887,0.0328305634608883,1.043314958052748,0.2079519572564751,0.032764469447205,1.0431285701470814,0.0,1.0,,,,,
hgb_poisson__per_dy__raw__two_stage,type,__global__,28988.0,16192.0,3.0,1.0094759520079832,0.0058548026822903,0.0004227498079545,0.0019516008940967,0.0004227498079545,0.0004227498079545,28988.0,1.00947561449757,0.0004227196934464,1.0,,,,,,,,,,,,,,,,,2.0,,,,
hgb_poisson__per_dy__raw__two_stage,type,Annuity,92.0,51.0,3.0,10.590617650151191,32.95478108553556,8.52630452538125,10.984927028511851,8.52630452538125,8.52630452538125,92.0,10.590287158144832,8.525707699967157,0.0303571428571428,1.2911437500938754,0.6198015684708015,13.89962840413544,6.944279862167461,0.6206757567576282,13.951311069394508,2.140877795811908,7.385426474309034,0.6198018478916614,13.89867193651706,6.944077702429837,0.6198015684708015,13.89962840413544,6.944279862167461,,,2.0,,,,
hgb_poisson__per_dy__raw__two_stage,type,Bodily,2857.0,1698.0,3.0,1.0754014914179226,0.0415477547481124,0.004814982273984,0.0138492515827041,0.004814982273984,0.004814982273984,2857.0,1.0754002040975423,0.0048148178000685,1.0,1.0754014914179226,0.999653709095706,13.89962840413544,1.0753753805672743,0.9996549914886008,13.951311069394508,2.140877795811908,1.0757690898116326,0.9996536970987818,13.89867193651706,1.075374092788111,0.999653709095706,13.89962840413544,1.0753753805672743,,,2.0,,,,
hgb_poisson__per_dy__raw__two_stage,type,Lost,22.0,18.0,3.0,1.2681784432008194,0.0237737458468878,0.1066505533648683,0.0079245819489626,0.1066505533648683,0.1066505533648683,22.0,1.2681694346613652,0.106643337947836,0.36,1.096544239552295,0.992385518402962,13.89962840413544,1.2661364033803444,0.9924135122696448,13.951311069394508,2.140877795811908,1.2747991661316922,0.9923855096541616,13.89867193651706,1.2661274610900872,0.992385518402962,13.89962840413544,1.2661364033803444,,,2.0,,,,
hgb_poisson__per_dy__raw__two_stage,type,Material,22070.0,12754.0,3.0,0.9552452469522812,0.0025883112322926,0.0001810013920364,0.0008627704107642,0.0001810013920364,0.0001810013920364,22070.0,0.955246957392879,0.0001809875589338,1.0,0.9552452469522812,0.999986978138566,13.89962840413544,0.955245829742474,0.9999870263774572,13.951311069394508,2.140877795811908,0.9552606289014444,0.999986978237706,13.89867193651706,0.9552475401563618,0.999986978138566,13.89962840413544,0.955245829742474,,,2.0,,,,
hgb_poisson__per_dy__raw__two_stage,type,Remaining,39.0,27.0,3.0,1.228566949627252,0.1439417374777012,0.0781410280500282,0.0479805791592337,0.0781410280500282,0.0781410280500282,39.0,1.2285603612605185,0.0781364757468539,0.54,1.1234261527987162,0.9944096210465384,13.89962840413544,1.2272891737625988,0.994430215270897,13.951311069394508,2.140877795811908,1.2336483246465262,0.9944095623663056,13.89867193651706,1.2272826088153568,0.9944096210465384,13.89962840413544,1.2272891737625988,,,2.0,,,,
hgb_poisson__per_dy__raw__two_stage,type,Technical,3908.0,1644.0,3.0,0.9199835928411444,0.0095974209013337,0.0043379222192904,0.0031991403004445,0.0043379222192904,0.0043379222192904,3908.0,0.9199884505056728,0.0043373956336247,1.0,0.9199835928411444,0.999688008290766,13.89962840413544,0.9200085572967804,0.9996891637055434,13.951311069394508,2.140877795811908,0.9203630910711194,0.999688024690914,13.89867193651706,0.9200134121335568,0.999688008290766,13.89962840413544,0.9200085572967804,,,2.0,,,,
hgb_poisson__per_dy__raw__two_stage,arms,2,,,3.0,,,,,,,,,,,,,,,,,,,,,,,,,,,2.0,,True,True,100.0
hgb_poisson__per_dy__raw__two_stage,type,__global__,25377.0,4799.0,3.0,1.0412818973897378,0.0076094520927391,0.0015088231547531,0.002536484030913,0.0015088231547531,0.0015088231547531,25377.0,1.041278255172493,0.001508557014238,1.0,,,,,,,,,,,,,,,,,3.0,,,,
hgb_poisson__per_dy__raw__two_stage,type,Annuity,92.0,72.0,3.0,1.8391966014750296,2.199488441541674,0.0837051633835769,0.7331628138472247,0.0837051633835769,0.0837051633835769,92.0,1.8391929267403504,0.0837043713304725,0.4556962025316455,1.382418704469634,0.6502003624295872,0.1555894338463232,1.5456459344287423,0.6774357885468251,0.1757940631626019,1.130825506783749,1.6107014378997144,0.6502005191947172,0.1555880688348886,1.5456436766711104,0.6502003624295872,0.1555894338463232,1.5456459344287423,,,3.0,,,,
hgb_poisson__per_dy__raw__two_stage,type,Bodily,2798.0,1437.0,3.0,1.0822456767538942,0.0756834013246632,0.0053698492606362,0.0252278004415544,0.0053698492606362,0.0053698492606362,2798.0,1.082243534111478,0.0053695692785507,1.0,1.0822456767538942,0.9666384618707086,0.1555894338463232,1.0795018344728995,0.9703591670724624,0.1757940631626019,1.130825506783749,1.0836856233794572,0.9666398603913012,0.1555880688348886,1.0794998783316063,0.9666384618707086,0.1555894338463232,1.0795018344728995,,,3.0,,,,
hgb_poisson__per_dy__raw__two_stage,type,Material,19162.0,2644.0,3.0,0.9129665242812648,0.0161263154095884,0.00101631548379,0.0053754384698628,0.00101631548379,0.00101631548379,19162.0,0.9129787330406156,0.0010160305197911,1.0,0.9129665242812648,0.9935103564962504,0.1555894338463232,0.9135313405115716,0.9942519466811244,0.1757940631626019,1.130825506783749,0.9142187893286852,0.9935121077674344,0.1555880688348886,0.9135433176425896,0.9935103564962504,0.1555894338463232,0.9135313405115716,,,3.0,,,,
hgb_poisson__per_dy__raw__two_stage,type,Technical,3267.0,642.0,3.0,0.8930951921428647,0.2254782776651107,0.0175696875973047,0.0751594258883702,0.0175696875973047,0.0175696875973047,3267.0,0.8931110287360543,0.0175644738068933,1.0,0.8930951921428647,0.8985344378579294,0.1555894338463232,0.903942348567779,0.909136601207532,0.1757940631626019,1.130825506783749,0.9146961765271382,0.8985606937159987,0.1555880688348886,0.9039537718304796,0.8985344378579294,0.1555894338463232,0.903942348567779,,,3.0,,,,
hgb_poisson__per_dy__raw__two_stage,arms,3,,,3.0,,,,,,,,,,,,,,,,,,,,,,,,,,,3.0,,True,True,100.0
hgb_poisson__per_dy__raw__two_stage,type,__global__,21277.0,1929.0,3.0,1.051520933338459,0.0110895167923728,0.0047039466730034,0.0036965055974576,0.0047039466730034,0.0047039466730034,21277.0,1.0515127313724262,0.0047024512638513,1.0,,,,,,,,,,,,,,,,,4.0,,,,
hgb_poisson__per_dy__raw__two_stage,type,Annuity,76.0,65.0,3.0,3.379621645358787,2.6799890749554782,0.3751951946625882,0.8933296916518261,0.3751951946625882,0.3751951946625882,76.0,3.379603253654955,0.375188669380206,0.3735632183908046,1.8889391203926504,0.7827962925864534,1.3521933436381537,2.862759001745335,0.8057348605994386,1.5561610734785594,1.3781156364045175,2.990798801518224,0.7827943216608876,1.3521541526359049,2.8627399147668715,0.7827962925864534,1.3521933436381537,2.862759001745335,,,4.0,,,,
hgb_poisson__per_dy__raw__two_stage,type,Bodily,2385.0,647.0,3.0,1.080905568436258,0.0030318145782046,0.0103968255803545,0.0010106048594015,0.0103968255803545,0.0103968255803545,2385.0,1.080902227185734,0.0103959661490211,1.0,1.080905568436258,0.9923698072867224,1.3521933436381537,1.080288243357512,0.9933632675903008,1.5561610734785594,1.3781156364045175,1.0828780721268318,0.9923702137589684,1.3521541526359049,1.0802849604858835,0.9923698072867224,1.3521933436381537,1.080288243357512,,,4.0,,,,
hgb_poisson__per_dy__raw__two_stage,type,Material,16165.0,858.0,3.0,0.6449898425949464,0.0043155937243596,0.0011310906277928,0.0014385312414532,0.0011310906277928,0.0011310906277928,16165.0,0.6450981642557639,0.0011303902213057,1.0,0.6449898425949464,0.9991642132520822,1.3521933436381537,0.6452865553798818,0.9992736811666668,1.5561610734785594,1.3781156364045175,0.6455223256661927,0.9991647061755992,1.3521541526359049,0.6453946115674296,0.9991642132520822,1.3521933436381537,0.6452865553798818,,,4.0,,,,
hgb_poisson__per_dy__raw__two_stage,type,Technical,2602.0,350.0,3.0,0.7742258221191707,0.0479895351829507,0.0506545918992303,0.0159965117276502,0.0506545918992303,0.0506545918992302,2602.0,0.7742722243398968,0.0506335205937952,1.0,0.7742258221191707,0.9638916017794714,1.3521933436381537,0.7823781660420042,0.9684751692489127,1.5561610734785594,1.3781156364045175,0.7932633463068217,0.9639050716226928,1.3521541526359049,0.7824198522351171,0.9638916017794714,1.3521933436381537,0.7823781660420042,,,4.0,,,,
hgb_poisson__per_dy__raw__two_stage,arms,4,,,3.0,,,,,,,,,,,,,,,,,,,,,,,,,,,4.0,,True,True,100.0
hgb_poisson__per_dy__raw__two_stage,type,__global__,17162.0,753.0,3.0,1.8602486058049816,3.488223300036707,0.1897603149941626,1.1627411000122356,0.1897603149941626,0.1897603149941626,17162.0,1.8598576107038032,0.1895681959915021,0.2867479055597867,,,,,,,,,,,,,,,,,5.0,,,,
hgb_poisson__per_dy__raw__two_stage,type,Annuity,61.0,49.0,3.0,2.6651201796904447,36.80256930251331,2.188605080531142,12.26752310083777,2.188605080531142,2.1886050805311417,61.0,2.665111670863244,2.188576269670325,0.0271769273433166,1.0452528501413376,0.1167881686468607,0.289401896773559,1.1944663363629786,0.0,0.0,1.5320798281271375,1.5320798281271375,0.1167669450126659,0.2893385426344635,1.1944300029116366,0.1167881686468607,0.289401896773559,1.1944663363629786,,,5.0,,,,
hgb_poisson__per_dy__raw__two_stage,type,Bodily,1977.0,281.0,3.0,1.8038686328700253,1.1355927012652172,0.1652924451973945,0.378530900421739,0.1652924451973945,0.1652924451973945,1977.0,1.8037469452957788,0.1652425363146525,0.8808777429467085,1.7081099869482042,0.6364756938014557,0.289401896773559,1.511642845831177,0.0,0.0,1.5320798281271375,1.5320798281271375,0.6364949093423461,0.2893385426344635,1.5115808390802243,0.6364756938014557,0.289401896773559,1.511642845831177,,,5.0,,,,
hgb_poisson__per_dy__raw__two_stage,type,Material,13107.0,257.0,3.0,0.9732713837432694,0.1406625402746663,0.0139020302461138,0.0468875134248887,0.0139020302461138,0.0139020302461138,13107.0,0.9733057074723074,0.0138665572354072,1.0,0.9732713837432694,0.95416468760323,0.289401896773559,0.97449649821933,0.0,0.0,1.5320798281271375,1.5320798281271375,0.9542667414190642,0.2893385426344635,0.9745265244551116,0.95416468760323,0.289401896773559,0.97449649821933,,,5.0,,,,
hgb_poisson__per_dy__raw__two_stage,type,Technical,1975.0,165.0,3.0,1.8079735782233315,1.5935871143504894,0.5469585706897895,0.5311957047834964,0.5469585706897895,0.5469585706897896,1975.0,1.8073448635388265,0.5460848086951219,0.6297709923664122,1.5088383221635484,0.3460253180680629,0.289401896773559,1.2795793143953191,0.0,0.0,1.5320798281271375,1.5320798281271375,0.346337628908718,0.2893385426344635,1.2796139057496696,0.3460253180680629,0.289401896773559,1.2795793143953191,,,5.0,,,,
hgb_poisson__per_dy__raw__two_stage,arms,5,,,3.0,,,,,,,,,,,,,,,,,,,,,,,,,,,5.0,,True,True,100.0
hgb_poisson__per_dy__raw__two_stage,type,__global__,12899.0,236.0,3.0,1.2141336945872403,0.1939952258446529,0.1811931003780457,0.0646650752815509,0.1811931003780457,0.1811931003780457,12899.0,1.214056888206844,0.1810633809245001,1.0,,,,,,,,,,,,,,,,,6.0,,,,
hgb_poisson__per_dy__raw__two_stage,type,Annuity,50.0,38.0,3.0,5.001615772674792,13.721922997373952,4.979500413171267,4.573974332457984,4.979500413171267,4.979500413171268,50.0,5.001585301925881,4.979424484336959,0.072936660268714,1.2918644901375087,0.3765577616508411,3.0076074644674264,2.5068394783451207,0.4688930226786882,4.396200953596399,1.0310867280074671,2.892840093395053,0.3765168434523363,3.0070374305428453,2.506664266686397,0.3765577616508411,3.0076074644674264,2.5068394783451207,,,6.0,,,,
hgb_poisson__per_dy__raw__two_stage,type,Bodily,1559.0,99.0,3.0,0.2606258238060917,0.0024512037925707,0.0035687447044903,0.0008170679308569,0.0035687447044903,0.0035687447044903,1559.0,0.2606939692947131,0.0035680485704772,1.0,0.5,0.9988148336541648,3.0076074644674264,0.2615021051966963,0.9991888792029572,4.396200953596399,1.0310867280074671,0.2612507606687978,0.9988148402056558,3.0070374305428453,0.2615701650780212,0.9988148336541648,3.0076074644674264,0.2615021051966963,,,6.0,,,,
hgb_poisson__per_dy__raw__two_stage,type,Material,9842.0,52.0,3.0,0.2615071301618294,0.0125451590960991,0.0044832865156407,0.0041817196986997,0.0044832865156407,0.0044832865156407,9842.0,0.2629077671851337,0.0044623133454381,1.0,0.5,0.998511569907322,3.0076074644674264,0.2626063251725248,0.9989812296745184,4.396200953596399,1.0310867280074671,0.2622911550192107,0.9985182421633956,3.0070374305428453,0.2639999593774074,0.998511569907322,3.0076074644674264,0.2626063251725248,,,6.0,,,,
hgb_poisson__per_dy__raw__two_stage,type,Technical,1411.0,47.0,3.0,0.6947210706826272,0.2382134122825959,0.1801876057679651,0.0794044707608653,0.1801876057679651,0.180187605767965,1411.0,0.6947804048801935,0.1801177281232987,0.94,0.7130378064416696,0.9434757875591232,3.0076074644674264,0.7119767217370858,0.9606266811852636,4.396200953596399,1.0310867280074671,0.7079649029468065,0.9434863634945592,3.0070374305428453,0.7120294741331321,0.9434757875591232,3.0076074644674264,0.7119767217370858,,,6.0,,,,
hgb_poisson__per_dy__raw__two_stage,arms,6,,,3.0,,,,,,,,,,,,,,,,,,,,,,,,,,,6.0,,True,True,100.0
hgb_poisson__per_dy__raw__two_stage,type,__global__,9190.0,82.0,3.0,1.0802677089460482,0.0496771189502749,0.108052003999269,0.0165590396500916,0.108052003999269,0.108052003999269,9190.0,1.080231910815781,0.107955841153531,1.0,,,,,,,,,,,,,,,,,7.0,,,,
hgb_poisson__per_dy__raw__two_stage,type,Annuity,41.0,29.0,3.0,3.1879161908231364,6.09391109144315,0.9698708618599288,2.0313036971477167,0.9698708618599288,0.9698708618599288,41.0,3.1879021790862105,0.9698585038949624,0.1647727272727272,1.360508917806085,0.6104983027052988,1.520159011170673,2.3357191209589674,0.6884775498675875,2.1434548758122216,0.7007945517247991,2.413121964033881,0.6103743138655435,1.5193472605326743,2.3354392913646733,0.6104983027052988,1.520159011170673,2.3357191209589674,,,7.0,,,,
hgb_poisson__per_dy__raw__two_stage,type,Bodily,1094.0,25.0,3.0,0.157126016249913,0.0194350917903891,0.0035338255621944,0.0064783639301297,0.0035338255621944,0.0035338255621944,1094.0,0.1572834906538528,0.0035325622807253,0.5,0.5785630081249565,0.9976807493761198,1.520159011170673,0.1590808522625778,0.9983540548863008,2.1434548758122216,0.7007945517247991,0.1580208648193499,0.9976803407413992,1.5193472605326743,0.1592383058071333,0.9976807493761198,1.520159011170673,0.1590808522625778,,,7.0,,,,
hgb_poisson__per_dy__raw__two_stage,type,Material,7013.0,15.0,3.0,0.0858620058530886,0.0043777132318849,0.001385814716795,0.0014592377439616,0.001385814716795,0.001385814716795,7013.0,0.0872538898116018,0.001379101315568,0.3,0.7257586017559265,0.999089205461964,1.520159011170673,0.0866945977451687,0.9993538845458712,2.1434548758122216,0.7007945517247991,0.0862593232742231,0.9990931298686162,1.5193472605326743,0.0880816319964684,0.999089205461964,1.520159011170673,0.0866945977451687,,,7.0,,,,
hgb_poisson__per_dy__raw__two_stage,type,Technical,1017.0,13.0,3.0,0.1423650004674358,0.0532564285442081,0.0131733284933139,0.0177521428480693,0.0131733284933139,0.0131733284933139,1017.0,0.1426009177996689,0.0131664985748115,0.26,0.7770149001215333,0.991408693241153,1.520159011170673,0.1497332058355437,0.993891701653992,2.1434548758122216,0.7007945517247991,0.1457760547717432,0.9914085609368496,1.5193472605326743,0.1499672097671942,0.991408693241153,1.520159011170673,0.1497332058355437,,,7.0,,,,
hgb_poisson__per_dy__raw__two_stage,arms,7,,,3.0,,,,,,,,,,,,,,,,,,,,,,,,,,,7.0,,True,True,100.0
hgb_poisson__per_dy__raw__two_stage,type,__global__,5691.0,20.0,3.0,1.20739679835708,1.250003200303326,0.1247934101682073,0.4166677334344419,0.1247934101682073,0.1247934101682072,5691.0,1.20644480015578,0.1236442299449145,0.4,,,,,,,,,,,,,,,,,8.0,,,,
hgb_poisson__per_dy__raw__two_stage,type,Annuity,24.0,13.0,3.0,1.929133618244294,3.0790766465887653,0.3859922105492067,1.026358882196255,0.3859922105492067,0.3859922105492066,24.0,1.9291004591619587,0.3859624215892195,0.26,1.2415747407435165,0.5528819606070902,0.4772970700025266,1.513701216520865,0.0,0.0,1.929133618244294,1.929133618244294,0.5528845540563886,0.4772652416257429,1.5136852930373454,0.5528819606070903,0.4772970700025267,1.513701216520865,,,8.0,,,,
hgb_poisson__per_dy__raw__two_stage,arms,8,,,3.0,,,,,,,,,,,,,,,,,,,,,,,,,,,8.0,,True,True,100.0
hgb_poisson__per_dy__raw__two_stage,type,__global__,2698.0,9.0,2.0,1.3157272435272436,0.0265186636959451,0.269463899193577,0.0132593318479725,0.269463899193577,0.269463899193577,2698.0,1.3122396740097226,0.2636388765110718,0.18,,,,,,,,,,,,,,,,,9.0,,,,
hgb_poisson__per_dy__raw__two_stage,arms,9,,,2.0,,,,,,,,,,,,,,,,,,,,,,,,,,,9.0,,False,True,100.0
hgb_poisson__per_dy__raw__two_stage,arms,10,,,,,,,,,,,,,,,,,,,,,,,,,,,,,,10.0,,False,False,
hgb_poisson__single_model__raw__include_zeros,dy,__global__,149083.0,33872.0,3.0,0.826175018416187,0.0653101433306337,0.000904721174827,0.0217700477768779,0.000904721174827,0.0019751112939212,32631.0,0.8261869935453069,0.0009046185427722,1.0,,,,,,,,,,,,,,,0.0,1.0,,,,,
hgb_poisson__single_model__raw__include_zeros,dy,1,24771.0,9850.0,3.0,1.0508285277538003,0.0189979526819331,0.0003988896758729,0.0063326508939777,0.0003988896758729,0.0003988896758729,24771.0,1.0508251202008818,0.0003988360236572,1.0,1.0508285277538003,0.9980961599073822,0.2091195869123886,1.050731758364814,0.996516623574936,0.1141134762581715,0.6446675842580208,1.0494137162984456,0.9980953674100244,0.2090042928298669,1.0507283170205577,0.9980961599073822,0.2091195869123885,1.050731758364814,0.0,1.0,,,,,
hgb_poisson__single_model__raw__include_zeros,dy,2,28988.0,16192.0,3.0,1.1068579994231555,0.0220641207202471,0.0004981249346691,0.007354706906749,0.0004981249346691,0.0004981249346691,28988.0,1.1068538262558,0.000498085165686,1.0,1.1068579994231555,0.9976236505480386,0.2091195869123886,1.1066040674747886,0.9956538000561476,0.1141134762581715,0.6446675842580208,1.104849227466716,0.9976225321619184,0.2090042928298669,1.106599784720501,0.9976236505480386,0.2091195869123885,1.1066040674747886,0.0,1.0,,,,,
hgb_poisson__single_model__raw__include_zeros,dy,3,25377.0,4799.0,3.0,0.7802911616910686,0.1633470311435123,0.0054562239641476,0.0544490103811707,0.0054562239641476,0.0054562239641476,25377.0,0.7803056878803034,0.005455678999566,1.0,0.7802911616910686,0.9745720454609532,0.2091195869123886,0.785877908043415,0.954367837721406,0.1141134762581715,0.6446675842580208,0.7741023645968403,0.9745608518315712,0.2090042928298669,0.7858945240380775,0.9745720454609532,0.2091195869123885,0.785877908043415,0.0,1.0,,,,,
hgb_poisson__single_model__raw__include_zeros,dy,4,21277.0,1929.0,3.0,0.4819572706130722,0.3693089478232394,0.0043595918205639,0.1231029826077464,0.0043595918205639,0.0043595918205639,21277.0,0.4819950737545356,0.0043595815495188,1.0,0.5,0.9795783745916624,0.2091195869123886,0.4925365451781248,0.9632018323551258,0.1141134762581715,0.6446675842580208,0.4879447120121291,0.9795673866431248,0.2090042928298669,0.4925792681294658,0.9795783745916624,0.2091195869123885,0.4925365451781248,0.0,1.0,,,,,
hgb_poisson__single_model__raw__include_zeros,dy,5,17162.0,753.0,3.0,0.3076543284150321,0.731249429084674,0.0051147149819377,0.2437498096948913,0.0051147149819377,0.0051147149819377,17162.0,0.307706391169402,0.0051146641631703,1.0,0.5,0.976125602031459,0.2091195869123886,0.3241836645102484,0.9571014629280304,0.1141134762581715,0.6446675842580208,0.3221117040645577,0.9761129783415832,0.2090042928298669,0.3242432235975221,0.976125602031459,0.2091195869123885,0.3241836645102484,0.0,1.0,,,,,
hgb_poisson__single_model__raw__include_zeros,dy,6,12899.0,236.0,3.0,0.3951105069997817,0.6363714916396208,0.0283711319678891,0.2121238305465402,0.0283711319678891,0.0283711319678891,12899.0,0.3951811298906165,0.0283679970865118,1.0,0.5,0.8805379338542006,0.2091195869123886,0.4673718556234728,0.8008828299343279,0.1141134762581715,0.6446675842580208,0.4448016059933025,0.8804915388544078,0.2090042928298669,0.4674621023292047,0.8805379338542006,0.2091195869123885,0.4673718556234728,0.0,1.0,,,,,
hgb_poisson__single_model__raw__include_zeros,dy,7,9190.0,82.0,2.0,1.0296588294683275,0.0668080435744086,0.1636687461142551,0.0334040217872043,0.1636687461142551,0.1636687461142551,9190.0,1.029646221517354,0.1635279836187055,1.0,1.0296588294683275,0.5609606535015744,0.2091195869123886,1.0166374363606447,0.4108019414762185,0.1141134762581715,0.6446675842580208,0.8028227352417617,0.5610367370643645,0.2090042928298669,1.0166326193863835,0.5609606535015743,0.2091195869123885,1.0166374363606447,0.0,1.0,,,,,
hgb_poisson__single_model__raw__include_zeros,dy,8,5691.0,20.0,2.0,0.1591728073729531,0.6170751741936868,0.0029221373486247,0.3085375870968434,0.0029221373486247,0.0029221373486247,5691.0,0.1596836578992092,0.0029252178954967,0.4,0.6636691229491812,0.9862190455260222,0.2091195869123886,0.170760208635029,0.975032067089918,0.1141134762581715,0.6446675842580208,0.1712946083904147,0.9861972130002816,0.2090042928298669,0.1712823653816088,0.9862190455260222,0.2091195869123885,0.170760208635029,0.0,1.0,,,,,
hgb_poisson__single_model__raw__include_zeros,type,__global__,149083.0,33872.0,3.0,0.826175018416187,0.0653101433306337,0.000904721174827,0.0217700477768779,0.000904721174827,0.0019751112939212,32631.0,0.8261869935453069,0.0009046185427722,1.0,,,,,,,,,,,,,,,,,,,,,
hgb_poisson__single_model__raw__include_zeros,type,Annuity,506.0,336.0,3.0,0.2852484522363444,0.2551434895107922,0.0018511702364226,0.0850478298369307,0.0018511702364226,0.0028330850767489,107.0,0.2852489934166913,0.0018511702504574,1.0,0.5,0.977110942492777,0.07902460351872,0.3016084415164832,0.9828960424447304,0.1063793507082626,0.9417344995497992,0.2964769617252205,0.9771115277636826,0.0790266721561739,0.3016085519867533,0.9658846090551282,0.0802111069516253,0.3096324807167536,,,,,,,
hgb_poisson__single_model__raw__include_zeros,type,Bodily,15739.0,4738.0,3.0,1.1099088100978494,0.0309414437563072,0.001917218944704,0.0103138145854357,0.001917218944704,0.0023850283281519,3444.0,1.1099044018862891,0.0019170641894947,1.0,1.1099088100978494,0.976313617776887,0.07902460351872,1.107305468012184,0.9822965865784328,0.1063793507082626,0.9417344995497992,1.1069315507513302,0.9763160897180728,0.0790266721561739,1.1073014358924254,0.9711242139832192,0.0802111069516253,1.1067351068161049,,,,,,,
hgb_poisson__single_model__raw__include_zeros,type,Lost,175.0,28.0,3.0,1.3666744109561928,0.5721879283655716,0.1676112540199641,0.1907293094551905,0.1676112540199641,0.1669436227066585,22.0,1.3666117254872292,0.1675532032308009,0.56,1.205337670135468,0.3204100340775682,0.07902460351872,1.117486160509846,0.3882591186430683,0.1063793507082626,0.9417344995497992,1.106721295028709,0.3204911675462237,0.0790266721561739,1.1174958199375378,0.3245380214350954,0.0802111069516253,1.118999787842602,,,,,,,
hgb_poisson__single_model__raw__include_zeros,type,Material,113825.0,25034.0,3.0,1.0635566567573205,0.0003370834558361,0.0001147685591516,0.0001123611519453,0.0001147685591516,0.000110417162687,24549.0,1.063549250045584,0.0001147418222216,1.0,1.0635566567573205,0.998549791890707,0.07902460351872,1.0634644863782914,0.9989223014384156,0.1063793507082626,0.9417344995497992,1.0634253691937288,0.9985501671444368,0.0790266721561739,1.0634571142549216,0.9986253104145546,0.0802111069516253,1.0634692860831905,,,,,,,
hgb_poisson__single_model__raw__include_zeros,type,Remaining,190.0,41.0,3.0,1.2031943160332297,0.2274941565136622,0.0548919705877085,0.0758313855045541,0.0548919705877085,0.0429587753778258,47.0,1.2031775826280793,0.0548830035639211,0.82,1.1666193391472484,0.5901032343906603,0.07902460351872,1.119905623101007,0.6596296840219424,0.1063793507082626,0.9417344995497992,1.1142011556811997,0.5901490816941379,0.0790266721561739,1.1199050638087955,0.6512233789188744,0.0802111069516253,1.1323248890642694,,,,,,,
hgb_poisson__single_model__raw__include_zeros,type,Technical,18648.0,3695.0,3.0,0.9633460524859756,0.0556513737015825,0.0035367323122067,0.0185504579005275,0.0035367323122067,0.007573165410654,4462.0,0.9633515982255864,0.0035356628531849,1.0,0.9633460524859756,0.9571623656931926,0.07902460351872,0.9649162208854823,0.967823341088782,0.1063793507082626,0.9417344995497992,0.9626506649186066,0.9571758374713584,0.0790266721561739,0.9649210353395888,0.9137298150698326,0.0802111069516253,0.9665081953164312,,,,,,,
hgb_poisson__single_model__raw__include_zeros,arms,all,,,3.0,,,,,,,,,,,,,,,,,,,,,,,,,,,,,True,True,100.0
hgb_poisson__single_model__raw__two_stage,dy,__global__,149083.0,33872.0,3.0,1.0595141178663416,0.0077508054556706,0.000363203204155,0.0025836018185568,0.000363203204155,0.0004546397276421,32631.0,1.0595088599429685,0.0003631389312331,1.0,,,,,,,,,,,,,,,0.2,1.0119028235732683,,,,,
hgb_poisson__single_model__raw__two_stage,dy,1,24771.0,9850.0,3.0,1.0055928464391866,0.0027743417617303,0.0003517968928779,0.0009247805872434,0.0003517968928779,0.0003517968928779,24771.0,1.0055924876333096,0.0003517517502467,1.0,1.0055928464391866,0.9966623350511024,0.1050503025581718,1.005574179391662,0.9973932001553628,0.1346017529938606,0.9893072309366928,1.005550393099225,0.9966588131231132,0.10492573293043,1.00557380208702,0.9966623350511024,0.1050503025581718,1.005574179391662,0.2,1.0011185692878373,,,,,
hgb_poisson__single_model__raw__two_stage,dy,2,28988.0,16192.0,3.0,1.058596253199714,0.0072765520800916,0.0004557283780335,0.0024255173600305,0.0004557283780335,0.0004557283780335,28988.0,1.0585940645926672,0.0004556943158492,1.0,1.058596253199714,0.9956805466570048,0.1050503025581718,1.0583431494179434,0.9966256709853882,0.1346017529938606,0.9893072309366928,1.0583624492414978,0.9956757625346616,0.10492573293043,1.0583406899433092,0.9956805466570048,0.1050503025581718,1.0583431494179434,0.2,1.0117192506399428,,,,,
hgb_poisson__single_model__raw__two_stage,dy,3,25377.0,4799.0,3.0,1.038425676281059,0.0024032307857457,0.0014898746918871,0.0008010769285819,0.0014898746918871,0.0014898746918871,25377.0,1.0384222953608546,0.0014896122821247,1.0,1.038425676281059,0.9860158418134576,0.1050503025581718,1.0378883255455198,0.989052414779494,0.1346017529938606,0.9893072309366928,1.037887947914753,0.9860019033989,0.10492573293043,1.0378844563587577,0.9860158418134576,0.1050503025581718,1.0378883255455198,0.2,1.0076851352562115,,,,,
hgb_poisson__single_model__raw__two_stage,dy,4,21277.0,1929.0,3.0,1.1164042819395752,0.0969468232424914,0.0052156759768317,0.0323156077474971,0.0052156759768317,0.0052156759768317,21277.0,1.1163846074938957,0.0052138960157477,1.0,1.1164042819395752,0.9526991367044724,0.1050503025581718,1.1108982589125374,0.9626965249237628,0.1346017529938606,0.9893072309366928,1.1116631202652258,0.9526610352183444,0.10492573293043,1.1108750806586154,0.9526991367044724,0.1050503025581718,1.1108982589125374,0.2,1.023280856387915,,,,,
hgb_poisson__single_model__raw__two_stage,dy,5,17162.0,753.0,3.0,1.2641038573584071,0.5329765444263074,0.0717241733885145,0.1776588481421024,0.0717241733885145,0.0717241733885145,17162.0,1.2640222748388024,0.0716793292474205,1.0,1.2641038573584071,0.5942617111186013,0.1050503025581718,1.15694681018683,0.6523744027418487,0.1346017529938606,0.9893072309366928,1.1685775159740337,0.5941264176491404,0.10492573293043,1.1568626083295543,0.5942617111186012,0.1050503025581718,1.15694681018683,0.2,1.0528207714716815,,,,,
hgb_poisson__single_model__raw__two_stage,dy,6,12899.0,236.0,3.0,1.7043295347562148,1.0504547703338574,0.3578606260551809,0.3501515901112857,0.3578606260551809,0.3578606260551809,12899.0,1.703974956288464,0.357493408592607,0.9554655870445344,1.6729626323986506,0.2269341596078742,0.1050503025581718,1.1598364310569067,0.2733239303554118,0.1346017529938606,0.9893072309366928,1.184739937308426,0.2269061193808795,0.10492573293043,1.1597362254727397,0.2269341596078742,0.1050503025581718,1.1598364310569067,0.2,1.140865906951243,,,,,
hgb_poisson__single_model__raw__two_stage,dy,7,9190.0,82.0,2.0,1.474932022353408,0.1425250531781406,0.2264261592013045,0.0712625265890703,0.2264261592013045,0.2264261592013045,9190.0,1.4746428739598811,0.2261363451567195,1.0,1.474932022353408,0.3169163264280217,0.1050503025581718,1.1505137118272732,0.3728292147148372,0.1346017529938606,0.9893072309366928,1.1703623405666432,0.3169367314332183,0.10492573293043,1.1504317610709138,0.3169163264280217,0.1050503025581718,1.1505137118272732,0.2,1.0949864044706816,,,,,
hgb_poisson__single_model__raw__two_stage,dy,8,5691.0,20.0,2.0,0.1657581917311438,0.0030255273530644,0.0019155967437414,0.0015127636765322,0.0019155967437414,0.0019155967437414,5691.0,0.1662859976490514,0.0019136853709014,0.4,0.6663032766924575,0.9820915192949984,0.1050503025581718,0.1806981950578324,0.9859681077355852,0.1346017529938606,0.9893072309366928,0.1773141431237385,0.9820882086281671,0.10492573293043,0.1812193089229373,0.9820915192949984,0.1050503025581718,0.1806981950578324,0.2,0.8331516383462287,,,,,
hgb_poisson__single_model__raw__two_stage,type,__global__,149083.0,33872.0,3.0,1.0595141178663416,0.0077508054556706,0.000363203204155,0.0025836018185568,0.000363203204155,0.0004546397276421,32631.0,1.0595088599429685,0.0003631389312331,1.0,,,,,,,,,,,,,,,,,,,,,
hgb_poisson__single_model__raw__two_stage,type,Annuity,506.0,336.0,3.0,1.1238959877846226,0.1768632795151837,0.0206758226001999,0.0589544265050612,0.0206758226001999,0.0255147235337946,107.0,1.1238956181726656,0.0206756985104328,1.0,1.1238959877846226,0.0,0.0,1.0,0.0,0.0,1.0372968748594629,1.0372968748594629,0.0,0.0,1.0,0.0,0.0,1.0,,,,,,,
hgb_poisson__single_model__raw__two_stage,type,Bodily,15739.0,4738.0,3.0,1.129104181060081,0.0176845224338999,0.0018946987437624,0.0058948408112999,0.0018946987437624,0.0023081988710698,3444.0,1.1290989134133005,0.0018945438111152,1.0,1.129104181060081,0.0,0.0,1.0,0.0,0.0,1.0372968748594629,1.0372968748594629,0.0,0.0,1.0,0.0,0.0,1.0,,,,,,,
hgb_poisson__single_model__raw__two_stage,type,Lost,175.0,28.0,3.0,1.253450567926614,0.3390051079998993,0.1402261140203476,0.1130017026666331,0.1402261140203476,0.1280604393583767,22.0,1.253410827928285,0.1401816291390721,0.56,1.1419323180389038,0.0,0.0,1.0,0.0,0.0,1.0372968748594629,1.0372968748594629,0.0,0.0,1.0,0.0,0.0,1.0,,,,,,,
hgb_poisson__single_model__raw__two_stage,type,Material,113825.0,25034.0,3.0,1.03354539177591,0.0019517895582901,0.0001077431692162,0.00065059651943,0.0001077431692162,0.0001037276330184,24549.0,1.0335415927905518,0.0001077187641284,1.0,1.03354539177591,0.0,0.0,1.0,0.0,0.0,1.0372968748594629,1.0372968748594629,0.0,0.0,1.0,0.0,0.0,1.0,,,,,,,
hgb_poisson__single_model__raw__two_stage,type,Remaining,190.0,41.0,3.0,1.1772441228509891,0.2332798913347661,0.0535994763718263,0.0777599637782553,0.0535994763718263,0.0402715012174693,47.0,1.177229841274658,0.0535908704350648,0.82,1.145340180737811,0.0,0.0,1.0,0.0,0.0,1.0372968748594629,1.0372968748594629,0.0,0.0,1.0,0.0,0.0,1.0,,,,,,,
hgb_poisson__single_model__raw__two_stage,type,Technical,18648.0,3695.0,3.0,0.9610784361751292,0.0132354938842473,0.0034681087943164,0.0044118312947491,0.0034681087943164,0.0077786484669977,4462.0,0.9610843111453236,0.00346706204309,1.0,0.9610784361751292,0.0,0.0,1.0,0.0,0.0,1.0372968748594629,1.0372968748594629,0.0,0.0,1.0,0.0,0.0,1.0,,,,,,,
hgb_poisson__single_model__raw__two_stage,arms,all,,,3.0,,,,,,,,,,,,,,,,,,,,,,,,,,,,,True,True,100.0
lightgbm_poisson__per_dy__raw__include_zeros,dy,2,28988.0,16192.0,3.0,0.9991294176826182,0.0072242024061719,0.0004173087480024,0.0024080674687239,0.0004173087480024,0.0004173087480024,28988.0,0.9991294483728448,0.0004172793258445,1.0,0.9991294176826182,0.998971304984406,0.405250786923112,0.9991303132463089,0.9987750951019368,0.340269342650236,1.2434781162762292,0.9994287216003608,0.9989698041093016,0.4046312455344091,0.9991303452115536,0.998971304984406,0.405250786923112,0.9991303132463089,0.0,1.0,,,,,
lightgbm_poisson__per_dy__raw__include_zeros,dy,3,25377.0,4799.0,3.0,1.014047814393385,0.0008923546663233,0.0014461871171354,0.0002974515554411,0.0014461871171354,0.0014461871171354,25377.0,1.0140466073967096,0.0014459387123027,1.0,1.014047814393385,0.9964440671815956,0.405250786923112,1.013997861309157,0.9957678624728588,0.340269342650236,1.2434781162762292,1.015018794983847,0.9964392515305064,0.4046312455344091,1.01399659096092,0.9964440671815956,0.405250786923112,1.013997861309157,0.0,1.0,,,,,
lightgbm_poisson__per_dy__raw__include_zeros,dy,4,21277.0,1929.0,3.0,1.3802387961663067,0.03056943353238,0.0212120922925688,0.01018981117746,0.0212120922925688,0.0212120922925688,21277.0,1.380159344069068,0.0212016538073719,1.0,1.3802387961663067,0.9502604017222308,0.405250786923112,1.361325871195372,0.941318999422681,0.340269342650236,1.2434781162762292,1.3722135426307225,0.9502113297489608,0.4046312455344091,1.361231715844362,0.9502604017222308,0.405250786923112,1.361325871195372,0.0,1.0,,,,,
lightgbm_poisson__per_dy__raw__include_zeros,dy,5,17162.0,753.0,3.0,2.8230001696856157,10.271636098562754,0.4061020979458131,3.423878699520918,0.4061020979458131,0.4061020979458131,17162.0,2.821743063921594,0.405478448840288,0.0973622963537626,1.1774914827738905,0.4994753756111691,0.405250786923112,1.910543694492948,0.455898128120361,0.340269342650236,1.2434781162762292,1.9635792637503973,0.4994771058093973,0.4046312455344091,1.9099189530959015,0.4994753756111691,0.405250786923112,1.910543694492948,0.0,1.0,,,,,
lightgbm_poisson__per_dy__raw__include_zeros,dy,6,12899.0,236.0,3.0,1.7161077116780823,25.2415235176437,1.0368679234114346,8.4138411725479,1.0368679234114346,1.0368679234114346,12899.0,1.7157447136453554,1.0355298171011045,0.0396239086635325,1.0283749865607836,0.2810106990631172,0.405250786923112,1.201233928663147,0.2470845507095573,0.340269342650236,1.2434781162762292,1.360257587508136,0.2809624951211558,0.4046312455344091,1.2010974206155762,0.2810106990631172,0.405250786923112,1.201233928663147,0.0,1.0,,,,,
lightgbm_poisson__per_dy__raw__include_zeros,dy,7,9190.0,82.0,3.0,0.4963079136273249,0.037393464480167,0.0300653124960385,0.0124644881600556,0.0300653124960385,0.0300653124960385,9190.0,0.4964111443873408,0.0300579903144061,1.0,0.5,0.9309345265747002,0.405250786923112,0.5310956460332308,0.9188158275812364,0.340269342650236,1.2434781162762292,0.5569663081853361,0.9308517721730282,0.4046312455344091,0.531233421306369,0.9309345265747002,0.405250786923112,0.5310956460332308,0.0,1.0,,,,,
lightgbm_poisson__per_dy__raw__include_zeros,dy,8,5691.0,20.0,3.0,1.5580511555601595,1.579559215633269,0.2131798941351183,0.526519738544423,0.2131798941351183,0.2131798941351182,5691.0,1.5547500363222606,0.2105569694348603,0.4,1.223220462224064,0.655288942375345,0.405250786923112,1.365684751518356,0.6148158133285195,0.340269342650236,1.2434781162762292,1.436882595274803,0.6577356907830585,0.4046312455344091,1.364878898352349,0.655288942375345,0.405250786923112,1.365684751518356,0.0,1.0,,,,,
lightgbm_poisson__per_dy__raw__include_zeros,type,__global__,28988.0,16192.0,3.0,0.9991294176826182,0.0072242024061719,0.0004173087480024,0.0024080674687239,0.0004173087480024,0.0004173087480024,28988.0,0.9991294483728448,0.0004172793258445,1.0,,,,,,,,,,,,,,,,,2.0,,,,
lightgbm_poisson__per_dy__raw__include_zeros,type,Annuity,92.0,51.0,3.0,10.253147755325635,29.99319457667847,8.025384819139015,9.99773152555949,8.025384819139015,8.025384819139017,92.0,10.252839052728596,8.024843193774277,0.0333551340745585,1.308639983990587,0.6177642770724707,12.970519900788489,6.716264133713496,0.6170000262922983,12.928623979994317,2.1241790084791363,7.139752939012698,0.6177644793468129,12.969655643123302,6.716075299888738,0.6177642770724706,12.970519900788489,6.716264133713495,,,2.0,,,,
lightgbm_poisson__per_dy__raw__include_zeros,type,Bodily,2857.0,1698.0,3.0,1.3720378170276044,0.0405663279261196,0.0077953084710177,0.0135221093087065,0.0077953084710177,0.0077953084710177,2857.0,1.3720297132558912,0.0077949690219292,1.0,1.3720378170276044,0.9993993589810906,12.970519900788489,1.371814355854112,0.9993974137435412,12.928623979994317,2.1241790084791363,1.3724910469724896,0.9993993451214036,12.969655643123302,1.3718062517936411,0.9993993589810906,12.970519900788489,1.371814355854112,,,2.0,,,,
lightgbm_poisson__per_dy__raw__include_zeros,type,Lost,22.0,18.0,3.0,1.2938401028677664,1.4542379833416688e-05,0.1109684089575703,4.847459944472229e-06,0.1109684089575703,0.1109684089575703,22.0,1.293830032588066,0.110960787747829,0.36,1.105782437032396,0.9915171419084712,12.970519900788489,1.291347498973539,0.9914898866737896,12.928623979994317,2.1241790084791363,1.3009063810536805,0.9915171591236362,12.969655643123302,1.2913375191769247,0.9915171419084712,12.970519900788489,1.291347498973539,,,2.0,,,,
lightgbm_poisson__per_dy__raw__include_zeros,type,Material,22070.0,12754.0,3.0,0.9201862497919332,0.0044933023828591,0.0001717892497958,0.001497767460953,0.0001717892497958,0.0001717892497958,22070.0,0.920189188172287,0.0001717765806863,1.0,0.9201862497919332,0.9999867555829788,12.970519900788489,0.9201873068785252,0.9999867126642836,12.928623979994317,2.1241790084791363,0.920202247647918,0.9999867556772248,12.969655643123302,0.9201902452124398,0.9999867555829788,12.970519900788489,0.9201873068785252,,,2.0,,,,
lightgbm_poisson__per_dy__raw__include_zeros,type,Remaining,39.0,27.0,3.0,1.3252599160700282,0.169647371012785,0.0898015185398456,0.0565491236709283,0.0898015185398456,0.0898015185398456,39.0,1.325249802694629,0.089795875797142,0.54,1.1756403546778154,0.9931240958276152,12.970519900788489,1.323023460056013,0.9931019677802084,12.928623979994317,2.1241790084791363,1.3307708857104728,0.9931240698993332,12.969655643123302,1.3230134077860451,0.9931240958276152,12.970519900788489,1.323023460056013,,,2.0,,,,
lightgbm_poisson__per_dy__raw__include_zeros,type,Technical,3908.0,1644.0,3.0,0.6806845482697991,0.001367474623749,0.0023828815894709,0.000455824874583,0.0023828815894709,0.0023828815894709,3908.0,0.6806988913053391,0.0023826674848292,1.0,0.6806845482697991,0.999816318550332,12.970519900788489,0.6807432005948744,0.999815723430126,12.928623979994317,2.1241790084791363,0.6809505504775588,0.9998163228146744,12.969655643123302,0.6807575396342556,0.999816318550332,12.970519900788489,0.6807432005948744,,,2.0,,,,
lightgbm_poisson__per_dy__raw__include_zeros,arms,2,,,3.0,,,,,,,,,,,,,,,,,,,,,,,,,,,2.0,,True,True,100.0
lightgbm_poisson__per_dy__raw__include_zeros,type,__global__,25377.0,4799.0,3.0,1.014047814393385,0.0008923546663233,0.0014461871171354,0.0002974515554411,0.0014461871171354,0.0014461871171354,25377.0,1.0140466073967096,0.0014459387123027,1.0,,,,,,,,,,,,,,,,,3.0,,,,
lightgbm_poisson__per_dy__raw__include_zeros,type,Annuity,92.0,72.0,3.0,1.604136539464933,0.6789695968675682,0.0602935394490096,0.226323198955856,0.0602935394490096,0.0602935394490096,92.0,1.60413423212919,0.0602930640299407,1.0,1.604136539464933,0.725083651321251,0.1590224078883569,1.4380495279318186,0.7612119228597464,0.192204575913743,1.1169510915559493,1.4878024631480335,0.7250711520401721,0.1590111831502266,1.4380403036768166,0.725083651321251,0.1590224078883569,1.4380495279318186,,,3.0,,,,
lightgbm_poisson__per_dy__raw__include_zeros,type,Bodily,2798.0,1437.0,3.0,1.477375284897102,0.1255246459090857,0.0101082305102643,0.0418415486363619,0.0101082305102643,0.0101082305102643,2798.0,1.477358308036249,0.0101075082199726,1.0,1.477375284897102,0.9402341846162704,0.1590224078883569,1.4488445617511865,0.9500366255160364,0.192204575913743,1.1169510915559493,1.4593672759521177,0.9402342334955311,0.1590111831502266,1.4488286228591858,0.9402341846162704,0.1590224078883569,1.4488445617511865,,,3.0,,,,
lightgbm_poisson__per_dy__raw__include_zeros,type,Material,19162.0,2644.0,3.0,0.7536568290288382,0.0163880692810684,0.0007271121207869,0.0054626897603561,0.0007271121207869,0.0007271121207869,19162.0,0.7536853559662362,0.0007269416804467,1.0,0.7536568290288382,0.9954484237527264,0.1590224078883569,0.7547780787545086,0.9962312457419809,0.192204575913743,1.1169510915559493,0.7550259958276513,0.9954491660571494,0.1590111831502266,0.7548062930089262,0.9954484237527264,0.1590224078883569,0.7547780787545086,,,3.0,,,,
lightgbm_poisson__per_dy__raw__include_zeros,type,Technical,3267.0,642.0,3.0,0.7425292338191969,0.1032956523026586,0.0126257606356218,0.0344318841008862,0.0126257606356218,0.0126257606356218,3267.0,0.742560945488252,0.012622648803672,1.0,0.7425292338191969,0.9264439536745882,0.1590224078883569,0.7614677654238313,0.93835990875024,0.192204575913743,1.1169510915559493,0.7656086312959949,0.9264559401839696,0.1590111831502266,0.7614940587122463,0.9264439536745882,0.1590224078883569,0.7614677654238313,,,3.0,,,,
lightgbm_poisson__per_dy__raw__include_zeros,arms,3,,,3.0,,,,,,,,,,,,,,,,,,,,,,,,,,,3.0,,True,True,100.0
lightgbm_poisson__per_dy__raw__include_zeros,type,__global__,21277.0,1929.0,3.0,1.3802387961663067,0.03056943353238,0.0212120922925688,0.01018981117746,0.0212120922925688,0.0212120922925688,21277.0,1.380159344069068,0.0212016538073719,1.0,,,,,,,,,,,,,,,,,4.0,,,,
lightgbm_poisson__per_dy__raw__include_zeros,type,Annuity,76.0,65.0,3.0,2.559630047688153,3.4579248249046604,0.2283660641005363,1.1526416083015534,0.2283660641005363,0.2283660641005363,76.0,2.559620918217878,0.2283626636233295,0.2901785714285714,1.452571219195223,0.6739306452609745,0.4719943370886908,2.051082484406881,0.6212874159993339,0.3746402096496242,1.4472563465788209,2.138360128966653,0.6739493061012978,0.4720273919619454,2.0511054356140077,0.6739306452609745,0.4719943370886909,2.051082484406881,,,4.0,,,,
lightgbm_poisson__per_dy__raw__include_zeros,type,Bodily,2385.0,647.0,3.0,1.2993881155826978,0.0030984876015945,0.0410726043374886,0.0010328292005315,0.0410726043374886,0.0410726043374886,2385.0,1.2993732523699593,0.0410679224524253,1.0,1.2993881155826978,0.9199468899256722,0.4719943370886908,1.2754211658110106,0.9011995710607036,0.3746402096496242,1.4472563465788209,1.3139975602316096,0.9199604414643724,0.4720273919619454,1.2754115494128926,0.9199468899256724,0.4719943370886909,1.2754211658110106,,,4.0,,,,
lightgbm_poisson__per_dy__raw__include_zeros,type,Material,16165.0,858.0,3.0,1.139296941940099,0.0093664657908431,0.0041860673487576,0.0031221552636143,0.0041860673487576,0.0041860673487576,16165.0,1.1392218836569905,0.0041814504267454,1.0,1.139296941940099,0.9912090726335054,0.4719943370886908,1.1380723926411287,0.9889499023617744,0.3746402096496242,1.4472563465788209,1.1426999234299666,0.9912192927670744,0.4720273919619454,1.1379994170561818,0.9912090726335054,0.4719943370886909,1.1380723926411287,,,4.0,,,,
lightgbm_poisson__per_dy__raw__include_zeros,type,Technical,2602.0,350.0,3.0,0.9342098699628072,0.5700579547036555,0.3842090245065367,0.1900193182345518,0.3842090245065367,0.3842090245065366,2602.0,0.9342261848320168,0.3840290760778145,1.0,0.9342098699628072,0.5512642886723766,0.4719943370886908,0.9637322507633838,0.4936951805271616,0.3746402096496242,1.4472563465788209,1.1939677736870538,0.5513974948905145,0.4720273919619454,0.9637324830869824,0.5512642886723768,0.4719943370886909,0.9637322507633838,,,4.0,,,,
lightgbm_poisson__per_dy__raw__include_zeros,arms,4,,,3.0,,,,,,,,,,,,,,,,,,,,,,,,,,,4.0,,True,True,100.0
lightgbm_poisson__per_dy__raw__include_zeros,type,__global__,17162.0,753.0,3.0,2.8230001696856157,10.271636098562754,0.4061020979458131,3.423878699520918,0.4061020979458131,0.4061020979458131,17162.0,2.821743063921594,0.405478448840288,0.0973622963537626,,,,,,,,,,,,,,,,,5.0,,,,
lightgbm_poisson__per_dy__raw__include_zeros,type,Annuity,61.0,49.0,3.0,7.1073643790969,363.6425183679948,11.4044204537981,121.2141727893316,11.4044204537981,11.4044204537981,61.0,7.107281151752738,11.40402941970767,0.0027500280615108,1.016795423424388,0.4323578624847207,8.686442609536634,3.6405670083616593,0.2749450479198811,4.3246224567838105,2.7597027508019263,3.955070785532916,0.4321388471978054,8.678396299031505,3.6391934364313134,0.4323578624847207,8.686442609536634,3.6405670083616593,,,5.0,,,,
lightgbm_poisson__per_dy__raw__include_zeros,type,Bodily,1977.0,281.0,3.0,1.9325824152312512,3.880418163084262,0.3136660474680934,1.2934727210280872,0.3136660474680934,0.3136660474680934,1977.0,1.9324311717033849,0.3135465436077824,0.2577981651376146,1.2404180354862215,0.9651486377085048,8.686442609536634,1.9000806476113496,0.9323746146492276,4.3246224567838105,2.7597027508019263,1.9885167466556783,0.9651302783953472,8.678396299031505,1.8999175563305877,0.9651486377085048,8.686442609536634,1.9000806476113496,,,5.0,,,,
lightgbm_poisson__per_dy__raw__include_zeros,type,Material,13107.0,257.0,3.0,1.388569222836821,0.3584727258898175,0.0290526538204182,0.1194909086299391,0.0290526538204182,0.0290526538204182,13107.0,1.3878577111131971,0.0289352977640044,1.0,1.388569222836821,0.99666655159087,8.686442609536634,1.387273947379119,0.9933268668234672,4.3246224567838105,2.7597027508019263,1.3977189794717415,0.996676904118978,8.678396299031505,1.3865688227509745,0.99666655159087,8.686442609536634,1.387273947379119,,,5.0,,,,
lightgbm_poisson__per_dy__raw__include_zeros,type,Technical,1975.0,165.0,3.0,4.330064953271976,8.315837147615454,2.917018660973372,2.771945715871818,2.917018660973372,2.917018660973373,1975.0,4.32386568664856,2.9067312062625876,0.1202623906705539,1.4004815723687143,0.7486078857877585,8.686442609536634,3.492912884204845,0.5971881768870637,4.3246224567838105,2.7597027508019263,3.69750449154737,0.7490980392805957,8.678396299031505,3.489901268700487,0.7486078857877585,8.686442609536634,3.492912884204845,,,5.0,,,,
lightgbm_poisson__per_dy__raw__include_zeros,arms,5,,,3.0,,,,,,,,,,,,,,,,,,,,,,,,,,,5.0,,True,True,100.0
lightgbm_poisson__per_dy__raw__include_zeros,type,__global__,12899.0,236.0,3.0,1.7161077116780823,25.2415235176437,1.0368679234114346,8.4138411725479,1.0368679234114346,1.0368679234114346,12899.0,1.7157447136453554,1.0355298171011045,0.0396239086635325,,,,,,,,,,,,,,,,,6.0,,,,
lightgbm_poisson__per_dy__raw__include_zeros,type,Annuity,50.0,38.0,3.0,1.8183692870150112,217.04174882341331,2.1504490155235993,72.34724960780444,2.1504490155235993,2.1504490155235993,50.0,1.8183670214792045,2.1504334683327766,0.0046077361464775,1.003770829744946,0.1777197409005131,0.4647773525259571,1.1454403776492454,0.1820665115818174,0.4786755355232031,1.3851389200722772,1.4640156616928517,0.1771507645306809,0.462965652231829,1.1449743435217372,0.1777197409005132,0.4647773525259575,1.1454403776492454,,,6.0,,,,
lightgbm_poisson__per_dy__raw__include_zeros,type,Bodily,1559.0,99.0,3.0,0.8353377828949714,1.0167433950194078,0.2427407166702209,0.3389144650064692,0.2427407166702209,0.2427407166702208,1559.0,0.8353864150163599,0.2426212905272306,0.99,0.8369844050660217,0.6569123429653149,0.4647773525259571,0.8918313571636723,0.663521973711873,0.4786755355232031,1.3851389200722772,1.020333784383359,0.6561426015360949,0.462965652231829,0.8919900141006514,0.6569123429653151,0.4647773525259575,0.8918313571636722,,,6.0,,,,
lightgbm_poisson__per_dy__raw__include_zeros,type,Material,9842.0,52.0,3.0,1.5273385244021824,0.6718690126518662,0.1960028677045951,0.223956337550622,0.1960028677045951,0.196002867704595,9842.0,1.5215502159220615,0.1916559071267833,1.0,1.5273385244021824,0.7033766119146122,0.4647773525259571,1.3709175846260582,0.7094869692480482,0.4786755355232031,1.3851389200722772,1.4860276863765731,0.7072264052614388,0.462965652231829,1.3688540843698869,0.7033766119146124,0.4647773525259575,1.3709175846260582,,,6.0,,,,
lightgbm_poisson__per_dy__raw__include_zeros,type,Technical,1411.0,47.0,3.0,4.209524781838765,56.80102697414124,6.827675170225003,18.93367565804708,6.827675170225003,6.827675170225002,1411.0,4.205748671014437,6.809088108730981,0.0176095916073435,1.0565184206618292,0.0637340251549045,0.4647773525259571,1.2045559331810016,0.0655149957620579,0.4786755355232031,1.3851389200722772,1.570178547836325,0.0636636729388718,0.462965652231829,1.204089734915686,0.0637340251549046,0.4647773525259575,1.2045559331810016,,,6.0,,,,
lightgbm_poisson__per_dy__raw__include_zeros,arms,6,,,3.0,,,,,,,,,,,,,,,,,,,,,,,,,,,6.0,,True,True,100.0
lightgbm_poisson__per_dy__raw__include_zeros,type,__global__,9190.0,82.0,3.0,0.4963079136273249,0.037393464480167,0.0300653124960385,0.0124644881600556,0.0300653124960385,0.0300653124960385,9190.0,0.4964111443873408,0.0300579903144061,1.0,,,,,,,,,,,,,,,,,7.0,,,,
lightgbm_poisson__per_dy__raw__include_zeros,type,Annuity,41.0,29.0,3.0,0.6723180327781078,0.0324041719442212,0.075969824627165,0.0108013906480737,0.075969824627165,0.075969824627165,41.0,0.672318475350067,0.0759696745733104,0.58,0.8099444590113025,0.8375173387734518,0.3915866768092618,0.7255606708482714,0.391202235369764,0.0488168106741433,0.2207417212818845,0.3973993837792399,0.8373212973544586,0.3910224598478734,0.725625280661031,0.8375173387734518,0.3915866768092618,0.7255606708482714,,,7.0,,,,
lightgbm_poisson__per_dy__raw__include_zeros,type,Bodily,1094.0,25.0,3.0,0.1100981260151792,0.3371470748655018,0.0068985677307303,0.1123823582885006,0.0068985677307303,0.0068985677307303,1094.0,0.110214631281896,0.0069077863804478,0.5,0.5550490630075896,0.9826880221407094,0.3915866768092618,0.1255040875545456,0.8761819819188938,0.0488168106741433,0.2207417212818845,0.1237977966944707,0.9826407104111298,0.3910224598478734,0.1256606731694132,0.9826880221407094,0.3915866768092618,0.1255040875545456,,,7.0,,,,
lightgbm_poisson__per_dy__raw__include_zeros,type,Material,7013.0,15.0,3.0,0.075388099281029,0.0156528825980259,0.0012586488587378,0.0052176275326753,0.0012586488587378,0.0012586488587378,7013.0,0.0766244257996279,0.0012552564285305,0.3,0.7226164297843087,0.9967960701668076,0.3915866768092618,0.0783504909338671,0.9748649563982262,0.0488168106741433,0.2207417212818845,0.0790415689076962,0.996800082246716,0.3910224598478734,0.0795791516924604,0.9967960701668076,0.3915866768092618,0.0783504909338671,,,7.0,,,,
lightgbm_poisson__per_dy__raw__include_zeros,type,Technical,1017.0,13.0,3.0,0.6087852751123611,0.6377117512227326,0.2567831964304837,0.2125705837409108,0.2567831964304837,0.2567831964304836,1017.0,0.6092450468078447,0.2561825116820044,0.26,0.8982841715292139,0.6039556940741232,0.3915866768092618,0.7637236392984689,0.1597408689111389,0.0488168106741433,0.2207417212818845,0.2827281357461312,0.6041709768136757,0.3910224598478734,0.7639171982351134,0.6039556940741233,0.3915866768092618,0.7637236392984689,,,7.0,,,,
lightgbm_poisson__per_dy__raw__include_zeros,arms,7,,,3.0,,,,,,,,,,,,,,,,,,,,,,,,,,,7.0,,True,True,100.0
lightgbm_poisson__per_dy__raw__include_zeros,type,__global__,5691.0,20.0,3.0,1.5580511555601595,1.579559215633269,0.2131798941351183,0.526519738544423,0.2131798941351183,0.2131798941351182,5691.0,1.5547500363222606,0.2105569694348603,0.4,,,,,,,,,,,,,,,,,8.0,,,,
lightgbm_poisson__per_dy__raw__include_zeros,type,Annuity,24.0,13.0,3.0,2.63974355821525,4.351571096790933,0.7501128749162755,1.4505236989303112,0.7501128749162755,0.7501128749162755,24.0,2.6396634837618915,0.7500240183613461,0.2321428571428571,1.380654754585683,0.7210189189237743,1.9386460617921355,2.182286127656583,0.0,0.0,2.63974355821525,2.63974355821525,0.7210247203214282,1.9384723216208368,2.1822379048006764,0.7210189189237743,1.9386460617921355,2.182286127656583,,,8.0,,,,
lightgbm_poisson__per_dy__raw__include_zeros,arms,8,,,3.0,,,,,,,,,,,,,,,,,,,,,,,,,,,8.0,,True,True,100.0
lightgbm_poisson__per_dy__raw__include_zeros,type,__global__,2698.0,9.0,2.0,11.161989120374884,61.80241802045638,26.458069289950835,30.90120901022819,26.458069289950835,26.45806928995083,2698.0,10.282416749704828,20.57684434418601,0.0161870503597122,,,,,,,,,,,,,,,,,9.0,,,,
lightgbm_poisson__per_dy__raw__include_zeros,arms,9,,,2.0,,,,,,,,,,,,,,,,,,,,,,,,,,,9.0,,False,True,100.0
lightgbm_poisson__per_dy__raw__include_zeros,arms,10,,,,,,,,,,,,,,,,,,,,,,,,,,,,,,10.0,,False,False,
lightgbm_poisson__per_dy__raw__two_stage,dy,2,28988.0,16192.0,3.0,1.0098179669414198,0.0061868231299836,0.0004272818689239,0.0020622743766612,0.0004272818689239,0.0004272818689239,28988.0,1.0098176171307918,0.0004272514228636,1.0,1.0098179669414198,0.0,0.0,1.0,0.0,0.0,1.0154896451354367,1.0154896451354367,0.0,0.0,1.0,0.0,0.0,1.0,0.0,1.0,,,,,
lightgbm_poisson__per_dy__raw__two_stage,dy,3,25377.0,4799.0,3.0,1.0216341296362694,0.0131487276009092,0.0014830759006509,0.004382909200303,0.0014830759006509,0.0014830759006509,25377.0,1.0216322569137983,0.0014828192565873,1.0,1.0216341296362694,0.0,0.0,1.0,0.0,0.0,1.0154896451354367,1.0154896451354367,0.0,0.0,1.0,0.0,0.0,1.0,0.0,1.0,,,,,
lightgbm_poisson__per_dy__raw__two_stage,dy,4,21277.0,1929.0,3.0,1.0259109161092843,0.0112510931558585,0.0046552990744266,0.0037503643852861,0.0046552990744266,0.0046552990744266,21277.0,1.0259068916232514,0.0046538540037012,1.0,1.0259109161092843,0.0,0.0,1.0,0.0,0.0,1.0154896451354367,1.0154896451354367,0.0,0.0,1.0,0.0,0.0,1.0,0.0,1.0,,,,,
lightgbm_poisson__per_dy__raw__two_stage,dy,5,17162.0,753.0,3.0,1.5280136650101646,2.748418061529029,0.1476213079684489,0.9161393538430096,0.1476213079684489,0.1476213079684489,17162.0,1.52781652080928,0.14749846800218,0.3639439342677622,1.1921673705909397,0.0,0.0,1.0,0.0,0.0,1.0154896451354367,1.0154896451354367,0.0,0.0,1.0,0.0,0.0,1.0,0.0,1.0,,,,,
lightgbm_poisson__per_dy__raw__two_stage,dy,6,12899.0,236.0,3.0,1.2141336944303642,0.1939952257462605,0.1811931003314481,0.0646650752487535,0.1811931003314481,0.1811931003314481,12899.0,1.2140568880500342,0.1810633808779524,1.0,1.2141336944303642,0.0,0.0,1.0,0.0,0.0,1.0154896451354367,1.0154896451354367,0.0,0.0,1.0,0.0,0.0,1.0,0.0,1.0,,,,,
lightgbm_poisson__per_dy__raw__two_stage,dy,7,9190.0,82.0,3.0,1.1044409323001283,0.196818201606076,0.1131390674642065,0.0656060672020253,0.1131390674642065,0.1131390674642065,9190.0,1.1043933114677784,0.1130356449665824,1.0,1.1044409323001283,0.0,0.0,1.0,0.0,0.0,1.0154896451354367,1.0154896451354367,0.0,0.0,1.0,0.0,0.0,1.0,0.0,1.0,,,,,
lightgbm_poisson__per_dy__raw__two_stage,dy,8,5691.0,20.0,3.0,1.2073968044862005,1.2500032301566624,0.1247934116617998,0.4166677433855541,0.1247934116617998,0.1247934116617997,5691.0,1.2064448062519555,0.123644231418606,0.4,1.0829587217944805,0.0,0.0,1.0,0.0,0.0,1.0154896451354367,1.0154896451354367,0.0,0.0,1.0,0.0,0.0,1.0,0.0,1.0,,,,,
lightgbm_poisson__per_dy__raw__two_stage,type,__global__,28988.0,16192.0,3.0,1.0098179669414198,0.0061868231299836,0.0004272818689239,0.0020622743766612,0.0004272818689239,0.0004272818689239,28988.0,1.0098176171307918,0.0004272514228636,1.0,,,,,,,,,,,,,,,,,2.0,,,,
lightgbm_poisson__per_dy__raw__two_stage,type,Annuity,92.0,51.0,3.0,10.112123140828356,32.11111500171247,7.878867815205188,10.703705000570825,7.878867815205188,7.878867815205188,92.0,10.111823324211576,7.878340107174821,0.0311545510079413,1.28388410518158,0.6146383892951274,12.566520610470617,6.600660690337599,0.6149006606962875,12.580444915506712,2.090011000573268,7.022813055795831,0.6146387034022547,12.565695598358245,6.600479273623825,0.6146383892951274,12.566520610470617,6.600660690337599,,,2.0,,,,
lightgbm_poisson__per_dy__raw__two_stage,type,Bodily,2857.0,1698.0,3.0,1.564269937073482,0.0536622925856503,0.0102049024531305,0.0178874308618834,0.0102049024531305,0.0102049024531305,2857.0,1.5642559240672484,0.0102043963528886,1.0,1.564269937073482,0.9991885882821688,12.566520610470617,1.563812081834521,0.9991894856420696,12.580444915506712,2.090011000573268,1.564696057754002,0.999188575262432,12.565695598358245,1.563798072852141,0.9991885882821688,12.566520610470617,1.563812081834521,,,2.0,,,,
lightgbm_poisson__per_dy__raw__two_stage,type,Lost,22.0,18.0,3.0,1.1220471612055267,0.008209528174135,0.0835149139681056,0.0027365093913783,0.0835149139681056,0.0835149139681057,22.0,1.1220435338457946,0.0835099366444755,0.36,1.0439369780339895,0.9933980490563238,12.566520610470617,1.121241411834433,0.9934053080479828,12.580444915506712,2.090011000573268,1.1284305845468487,0.9933980093521771,12.565695598358245,1.1212378035767174,0.9933980490563238,12.566520610470617,1.121241411834433,,,2.0,,,,
lightgbm_poisson__per_dy__raw__two_stage,type,Material,22070.0,12754.0,3.0,0.8921774439030141,0.0022201794361263,0.0001577158292141,0.0007400598120421,0.0001577158292141,0.0001577158292141,22070.0,0.8921812926193553,0.0001577045708616,1.0,0.8921774439030141,0.9999874496804072,12.566520610470617,0.8921787971105525,0.9999874635711948,12.580444915506712,2.090011000573268,0.8921924604581177,0.999987449752352,12.565695598358245,0.8921826457708341,0.9999874496804072,12.566520610470617,0.8921787971105525,,,2.0,,,,
lightgbm_poisson__per_dy__raw__two_stage,type,Remaining,39.0,27.0,3.0,1.1397532207810526,0.1602347819131029,0.0656038909811199,0.0534115939710343,0.0656038909811199,0.06560389098112,39.0,1.1397494836436657,0.0656003644083716,0.54,1.0754667392217685,0.9948065829327776,12.566520610470617,1.139027424019049,0.9948123012978202,12.580444915506712,2.090011000573268,1.1446828718320168,0.994806521468443,12.565695598358245,1.139023697700566,0.9948065829327776,12.566520610470617,1.139027424019049,,,2.0,,,,
lightgbm_poisson__per_dy__raw__two_stage,type,Technical,3908.0,1644.0,3.0,0.7869227161626975,0.0025083095017647,0.0031698990118978,0.0008361031672549,0.0031698990118978,0.0031698990118978,3908.0,0.7869337809084096,0.0031695699016781,1.0,0.7869227161626975,0.9997478140762888,12.566520610470617,0.7869764512543439,0.99974809313074,12.580444915506712,2.090011000573268,0.7872509730527926,0.9997478237009272,12.565695598358245,0.7869875111589976,0.9997478140762888,12.566520610470617,0.7869764512543439,,,2.0,,,,
lightgbm_poisson__per_dy__raw__two_stage,arms,2,,,3.0,,,,,,,,,,,,,,,,,,,,,,,,,,,2.0,,True,True,100.0
lightgbm_poisson__per_dy__raw__two_stage,type,__global__,25377.0,4799.0,3.0,1.0216341296362694,0.0131487276009092,0.0014830759006509,0.004382909200303,0.0014830759006509,0.0014830759006509,25377.0,1.0216322569137983,0.0014828192565873,1.0,,,,,,,,,,,,,,,,,3.0,,,,
lightgbm_poisson__per_dy__raw__two_stage,type,Annuity,92.0,72.0,3.0,2.521581029059433,1.9018200259234928,0.1481370908229332,0.6339400086411643,0.1481370908229332,0.1481370908229332,92.0,2.5215718942093677,0.1481351834427571,0.5294117647058824,1.8055428977373469,0.8015303818138952,0.5982597238473366,2.219593423182787,0.825236896133733,0.6995080215933084,1.2406312855307269,2.2977182759836574,0.8015280438437903,0.5982432284582447,2.219582543933325,0.8015303818138952,0.5982597238473366,2.219593423182787,,,3.0,,,,
lightgbm_poisson__per_dy__raw__two_stage,type,Bodily,2798.0,1437.0,3.0,1.2262293399263997,0.0610304947290429,0.0069545696099044,0.0203434982430143,0.0069545696099044,0.0069545696099044,2798.0,1.2262226621805472,0.0069541585783572,1.0,1.2262293399263997,0.988508913809393,0.5982597238473366,1.223629719082461,0.990155785038724,0.6995080215933084,1.2406312855307269,1.2263711157747892,0.988509271970904,0.5982432284582447,1.2236231990954125,0.988508913809393,0.5982597238473366,1.223629719082461,,,3.0,,,,
lightgbm_poisson__per_dy__raw__two_stage,type,Material,19162.0,2644.0,3.0,0.8347572445041038,0.008458025667079,0.0008485355060148,0.0028193418890263,0.0008485355060148,0.0008485355060148,19162.0,0.8347784387611045,0.000848317933221,1.0,0.8347572445041038,0.9985836691570056,0.5982597238473366,0.834991282915294,0.9987884235573816,0.6995080215933084,1.2406312855307269,0.835248991930882,0.9985839928165724,0.5982432284582447,0.8350123936786759,0.9985836691570056,0.5982597238473366,0.834991282915294,,,3.0,,,,
lightgbm_poisson__per_dy__raw__two_stage,type,Technical,3267.0,642.0,3.0,0.5958473894606853,0.0304833648251082,0.0080539517585178,0.0101611216083694,0.0080539517585178,0.0080539517585178,3267.0,0.5958873350299325,0.0080523586320507,1.0,0.5958473894606853,0.986716526308812,0.5982597238473366,0.6012159400300092,0.9886173196669048,0.6995080215933084,1.2406312855307269,0.6031867584335783,0.986718757643124,0.5982432284582447,0.6012544532728831,0.986716526308812,0.5982597238473366,0.6012159400300092,,,3.0,,,,
lightgbm_poisson__per_dy__raw__two_stage,arms,3,,,3.0,,,,,,,,,,,,,,,,,,,,,,,,,,,3.0,,True,True,100.0
lightgbm_poisson__per_dy__raw__two_stage,type,__global__,21277.0,1929.0,3.0,1.0259109161092843,0.0112510931558585,0.0046552990744266,0.0037503643852861,0.0046552990744266,0.0046552990744266,21277.0,1.0259068916232514,0.0046538540037012,1.0,,,,,,,,,,,,,,,,,4.0,,,,
lightgbm_poisson__per_dy__raw__two_stage,type,Annuity,76.0,65.0,3.0,5.0742695153293615,5.310443613029533,0.792944409703112,1.7701478710098444,0.792944409703112,0.792944409703112,76.0,5.074222236406555,0.7929245415149214,0.1884057971014492,1.767615995641764,0.8375762047548713,4.089002896763937,4.412511197798036,0.8528842522309216,4.596991213964888,1.71935502002047,4.580708760650674,0.8375751542549644,4.088868868094373,4.412467318127226,0.8375762047548713,4.089002896763937,4.412511197798036,,,4.0,,,,
lightgbm_poisson__per_dy__raw__two_stage,type,Bodily,2385.0,647.0,3.0,1.2791493930638984,0.000115629383001,0.0145417833674123,3.854312766702595e-05,0.0145417833674123,0.0145417833674123,2385.0,1.2791357504515248,0.0145403624287203,1.0,1.2791493930638984,0.9964562873074536,4.089002896763937,1.2781601678165813,0.9968466487443928,4.596991213964888,1.71935502002047,1.2805375160303871,0.996456516615364,4.088868868094373,1.278146637557742,0.9964562873074536,4.089002896763937,1.2781601678165813,,,4.0,,,,
lightgbm_poisson__per_dy__raw__two_stage,type,Material,16165.0,858.0,3.0,0.5901068912246384,0.0015788285565105,0.0009221184455995,0.0005262761855035,0.0009221184455995,0.0009221184455995,16165.0,0.5902213197324864,0.0009215858057539,1.0,0.5901068912246384,0.9997745390338038,4.089002896763937,0.59019930612098,0.999799448493494,4.596991213964888,1.71935502002047,0.5903333636380876,0.9997746618522044,4.088868868094373,0.590313658501304,0.9997745390338038,4.089002896763937,0.59019930612098,,,4.0,,,,
lightgbm_poisson__per_dy__raw__two_stage,type,Technical,2602.0,350.0,3.0,0.4213223423593774,0.0194069470231099,0.0160567606921926,0.0064689823410366,0.0160567606921926,0.0160567606921926,2602.0,0.4213870698448921,0.0160531264273361,1.0,0.5,0.9960885438868036,4.089002896763937,0.423585814620926,0.996519272988184,4.596991213964888,1.71935502002047,0.4258404397627324,0.9960892980551737,4.088868868094373,0.4236498525561513,0.9960885438868036,4.089002896763937,0.423585814620926,,,4.0,,,,
lightgbm_poisson__per_dy__raw__two_stage,arms,4,,,3.0,,,,,,,,,,,,,,,,,,,,,,,,,,,4.0,,True,True,100.0
lightgbm_poisson__per_dy__raw__two_stage,type,__global__,17162.0,753.0,3.0,1.5280136650101646,2.748418061529029,0.1476213079684489,0.9161393538430096,0.1476213079684489,0.1476213079684489,17162.0,1.52781652080928,0.14749846800218,0.3639439342677622,,,,,,,,,,,,,,,,,5.0,,,,
lightgbm_poisson__per_dy__raw__two_stage,type,Annuity,61.0,49.0,3.0,1.886236001742705,12.463213210194493,1.1695244539509826,4.154404403398164,1.1695244539509826,1.1695244539509826,61.0,1.8862327965555836,1.169514096610863,0.080327868852459,1.0711894493203156,0.0,0.0,1.0,0.0,0.0,1.005694906173571,1.005694906173571,0.0,0.0,1.0,0.0,0.0,1.0,,,5.0,,,,
lightgbm_poisson__per_dy__raw__two_stage,type,Bodily,1977.0,281.0,3.0,1.5809579219703631,1.4178034867464326,0.1432384232793757,0.4726011622488109,0.1432384232793757,0.1432384232793757,1977.0,1.580880844161944,0.1431996130062042,0.7060301507537688,1.4101738092303318,0.0,0.0,1.0,0.0,0.0,1.005694906173571,1.005694906173571,0.0,0.0,1.0,0.0,0.0,1.0,,,5.0,,,,
lightgbm_poisson__per_dy__raw__two_stage,type,Material,13107.0,257.0,3.0,0.930880061693272,0.1463061846424755,0.0129554973392908,0.0487687282141585,0.0129554973392908,0.0129554973392908,13107.0,0.9309649612448662,0.0129242338030074,1.0,0.930880061693272,0.0,0.0,1.0,0.0,0.0,1.005694906173571,1.005694906173571,0.0,0.0,1.0,0.0,0.0,1.0,,,5.0,,,,
lightgbm_poisson__per_dy__raw__two_stage,type,Technical,1975.0,165.0,3.0,1.3074296071600655,0.9804718880226136,0.3000158558585856,0.3268239626742045,0.3000158558585856,0.3000158558585857,1975.0,1.3072565769474482,0.2996791435526456,1.0,1.3074296071600655,0.0,0.0,1.0,0.0,0.0,1.005694906173571,1.005694906173571,0.0,0.0,1.0,0.0,0.0,1.0,,,5.0,,,,
lightgbm_poisson__per_dy__raw__two_stage,arms,5,,,3.0,,,,,,,,,,,,,,,,,,,,,,,,,,,5.0,,True,True,100.0
lightgbm_poisson__per_dy__raw__two_stage,type,__global__,12899.0,236.0,3.0,1.2141336944303642,0.1939952257462605,0.1811931003314481,0.0646650752487535,0.1811931003314481,0.1811931003314481,12899.0,1.2140568880500342,0.1810633808779524,1.0,,,,,,,,,,,,,,,,,6.0,,,,
lightgbm_poisson__per_dy__raw__two_stage,type,Annuity,50.0,38.0,3.0,5.001615772775032,13.7219229757958,4.979500413256005,4.573974325265267,4.979500413256005,4.979500413256006,50.0,5.001585302026119,4.979424484421696,0.072936660268714,1.29186449014482,0.3765577616673901,3.007607464730623,2.5068394784490895,0.4688930226977921,4.396200954008454,1.0310867279655596,2.89284009349565,0.3765168434688892,3.0070374308060503,2.506664266790376,0.3765577616673901,3.007607464730623,2.5068394784490895,,,6.0,,,,
lightgbm_poisson__per_dy__raw__two_stage,type,Bodily,1559.0,99.0,3.0,0.2606258237809494,0.0024512037980693,0.0035687447038441,0.0008170679326897,0.0035687447038441,0.0035687447038441,1559.0,0.2606939692695665,0.0035680485698312,1.0,0.5,0.9988148336544826,3.007607464730623,0.2615021051713487,0.99918887920318,4.396200954008454,1.0310867279655596,0.2612507606434702,0.9988148402059738,3.0070374308060503,0.2615701650526693,0.9988148336544826,3.007607464730623,0.2615021051713487,,,6.0,,,,
lightgbm_poisson__per_dy__raw__two_stage,type,Material,9842.0,52.0,3.0,0.2615071300953513,0.0125451590641809,0.0044832865127438,0.0041817196880603,0.0044832865127438,0.0044832865127438,9842.0,0.2629077671184264,0.0044623133425547,1.0,0.5,0.9985115699084124,3.007607464730623,0.2626063251053403,0.9989812296752714,4.396200954008454,1.0310867279655596,0.262291154952178,0.9985182421644812,3.0070374308060503,0.2639999593099986,0.9985115699084124,3.007607464730623,0.2626063251053403,,,6.0,,,,
lightgbm_poisson__per_dy__raw__two_stage,type,Technical,1411.0,47.0,3.0,0.69472107050916,0.2382134120669621,0.180187605677508,0.0794044706889873,0.180187605677508,0.180187605677508,1411.0,0.6947804047067452,0.1801177280328942,0.94,0.7130378062786105,0.943475787590562,3.007607464730623,0.7119767215638261,0.9606266812077964,4.396200954008454,1.0310867279655596,0.7079649027709399,0.9434863635259886,3.0070374308060503,0.7120294739598931,0.943475787590562,3.007607464730623,0.7119767215638261,,,6.0,,,,
lightgbm_poisson__per_dy__raw__two_stage,arms,6,,,3.0,,,,,,,,,,,,,,,,,,,,,,,,,,,6.0,,True,True,100.0
lightgbm_poisson__per_dy__raw__two_stage,type,__global__,9190.0,82.0,3.0,1.1044409323001283,0.196818201606076,0.1131390674642065,0.0656060672020253,0.1131390674642065,0.1131390674642065,9190.0,1.1043933114677784,0.1130356449665824,1.0,,,,,,,,,,,,,,,,,7.0,,,,
lightgbm_poisson__per_dy__raw__two_stage,type,Annuity,41.0,29.0,3.0,1.677132033706268,2.068274421142717,0.3261735186052471,0.6894248070475723,0.3261735186052471,0.3261735186052471,41.0,1.6771297523331006,0.3261712077229757,0.4915254237288136,1.3328276097878269,0.5818573915845331,0.4538797743161974,1.3939942788906592,0.5753401143703691,0.4419082561110983,0.4778200471807746,1.1678323426741066,0.5811274446316088,0.4525172108489065,1.393498682657369,0.5818573915845331,0.4538797743161974,1.3939942788906592,,,7.0,,,,
lightgbm_poisson__per_dy__raw__two_stage,type,Bodily,1094.0,25.0,3.0,0.2131953012530753,0.035846489485406,0.0077099336519374,0.0119488298284686,0.0077099336519374,0.0077099336519374,1094.0,0.2133947424376904,0.0077080754001449,0.5,0.6065976506265376,0.9832969983540673,0.4538797743161974,0.2263373014312728,0.9828522648160636,0.4419082561110983,0.4778200471807746,0.2177330163193599,0.9832515169625562,0.4525172108489065,0.2265691872511368,0.9832969983540673,0.4538797743161974,0.2263373014312728,,,7.0,,,,
lightgbm_poisson__per_dy__raw__two_stage,type,Material,7013.0,15.0,3.0,0.218520629584741,0.0349038481250062,0.0094207488487925,0.0116346160416687,0.0094207488487925,0.0094207488487925,7013.0,0.2215418313664125,0.0093405969833051,0.3,0.7655561888754223,0.9796660086104896,0.4538797743161974,0.2344112243738448,0.9791266487523228,0.4419082561110983,0.4778200471807746,0.2239330774065412,0.979776033175348,0.4525172108489065,0.2372853435432376,0.9796660086104896,0.4538797743161974,0.2344112243738448,,,7.0,,,,
lightgbm_poisson__per_dy__raw__two_stage,type,Technical,1017.0,13.0,3.0,0.2863369001540889,0.1727128727184316,0.0387711531369627,0.0575709575728105,0.0387711531369627,0.0387711531369627,1017.0,0.2867316335608694,0.0387126920924061,0.26,0.8144475940400631,0.9213009638743672,0.4538797743161974,0.3425014982303934,0.9193409320411426,0.4419082561110983,0.4778200471807746,0.3017817523230903,0.9211923136995364,0.4525172108489065,0.3429426632312484,0.9213009638743672,0.4538797743161974,0.3425014982303934,,,7.0,,,,
lightgbm_poisson__per_dy__raw__two_stage,arms,7,,,3.0,,,,,,,,,,,,,,,,,,,,,,,,,,,7.0,,True,True,100.0
lightgbm_poisson__per_dy__raw__two_stage,type,__global__,5691.0,20.0,3.0,1.2073968044862005,1.2500032301566624,0.1247934116617998,0.4166677433855541,0.1247934116617998,0.1247934116617997,5691.0,1.2064448062519555,0.123644231418606,0.4,,,,,,,,,,,,,,,,,8.0,,,,
lightgbm_poisson__per_dy__raw__two_stage,type,Annuity,24.0,13.0,3.0,1.9291336294235648,3.0790767226274087,0.3859922163653423,1.0263589075424695,0.3859922163653423,0.3859922163653422,24.0,1.9291004703406385,0.3859624274046947,0.26,1.2415747436501268,0.5528819646292958,0.4772970849604639,1.5137012264388487,0.0,0.0,1.9291336294235648,1.9291336294235648,0.5528845580786311,0.4772652565825009,1.5136853029549322,0.552881964629296,0.4772970849604641,1.5137012264388487,,,8.0,,,,
lightgbm_poisson__per_dy__raw__two_stage,arms,8,,,3.0,,,,,,,,,,,,,,,,,,,,,,,,,,,8.0,,True,True,100.0
lightgbm_poisson__per_dy__raw__two_stage,type,__global__,2698.0,9.0,2.0,1.3157272435272436,0.026518663695945,0.269463899193577,0.0132593318479725,0.269463899193577,0.269463899193577,2698.0,1.3122396740097226,0.2636388765110718,0.18,,,,,,,,,,,,,,,,,9.0,,,,
lightgbm_poisson__per_dy__raw__two_stage,arms,9,,,2.0,,,,,,,,,,,,,,,,,,,,,,,,,,,9.0,,False,True,100.0
lightgbm_poisson__per_dy__raw__two_stage,arms,10,,,,,,,,,,,,,,,,,,,,,,,,,,,,,,10.0,,False,False,
lightgbm_poisson__single_model__raw__include_zeros,dy,__global__,149083.0,33872.0,3.0,1.0865961279812355,0.0058452024802417,0.0003907239528442,0.0019484008267472,0.0003907239528442,0.0004785972142423,32631.0,1.086588281893686,0.0003906527878873,1.0,,,,,,,,,,,,,,,0.6000000000000001,1.0519576767887415,,,,,
lightgbm_poisson__single_model__raw__include_zeros,dy,1,24771.0,9850.0,3.0,1.057473082393101,0.0098499164978854,0.0003837811908033,0.0032833054992951,0.0003837811908033,0.0003837811908033,24771.0,1.057469205026624,0.0003837294034221,1.0,1.057473082393101,0.9456303425835584,0.0066749572497174,1.054348290592721,0.95956310094856,0.0091070848203409,1.0484335789628338,1.057107552905416,0.9450442655020792,0.0065987885617712,1.054310942653374,0.9456303425835586,0.0066749572497174,1.054348290592721,0.6000000000000001,1.0344838494358606,,,,,
lightgbm_poisson__single_model__raw__include_zeros,dy,2,28988.0,16192.0,3.0,1.0714251705444242,0.0054289889252018,0.0004556049652586,0.0018096629750672,0.0004556049652586,0.0004556049652586,28988.0,1.0714224704402016,0.0004555704796425,1.0,1.0714251705444242,0.9361053236024348,0.0066749572497174,1.066861482385847,0.952355981896987,0.0091070848203409,1.0484335789628338,1.0703297587388938,0.9354200038631432,0.0065987885617712,1.0668100075750886,0.9361053236024348,0.0066749572497174,1.066861482385847,0.6000000000000001,1.0428551023266546,,,,,
lightgbm_poisson__single_model__raw__include_zeros,dy,3,25377.0,4799.0,3.0,1.0661773187615788,0.0083395150614219,0.0017167719211922,0.0027798383538073,0.0017167719211922,0.0017167719211922,25377.0,1.0661713404909854,0.0017164593665219,1.0,1.0661773187615788,0.7954209572034884,0.0066749572497174,1.0526388262344957,0.8413899996842441,0.0091070848203409,1.0484335789628338,1.063362984186497,0.79357688654339,0.0065987885617712,1.0525120463652389,0.7954209572034887,0.0066749572497174,1.0526388262344957,0.6000000000000001,1.0397063912569473,,,,,
lightgbm_poisson__single_model__raw__include_zeros,dy,4,21277.0,1929.0,3.0,1.1083977857836749,0.0749469532938556,0.0049067462686375,0.0249823177646185,0.0049067462686375,0.0049067462686375,21277.0,1.1083795959535825,0.0049050891268784,1.0,1.1083977857836749,0.5763363946537586,0.0066749572497174,1.0624735890470136,0.6498640352175673,0.0091070848203409,1.0484335789628338,1.0874021603760464,0.5736142838411734,0.0065987885617712,1.0621680843159098,0.5763363946537592,0.0066749572497174,1.0624735890470136,0.6000000000000001,1.065038671470205,,,,,
lightgbm_poisson__single_model__raw__include_zeros,dy,5,17162.0,753.0,3.0,1.3102143767948633,0.4968387483554065,0.0751304847547376,0.1656129161184688,0.0751304847547376,0.0751304847547376,17162.0,1.3101150562710475,0.0750818928608114,1.0,1.3102143767948633,0.0815955159725675,0.0066749572497174,1.025312102136685,0.1081119133218111,0.0091070848203409,1.0484335789628338,1.0767352018873648,0.080787628688255,0.0065987885617712,1.0250534600166628,0.0815955159725676,0.0066749572497174,1.025312102136685,0.6000000000000001,1.186128626076918,,,,,
lightgbm_poisson__single_model__raw__include_zeros,dy,6,12899.0,236.0,3.0,1.5663452156958988,0.5105578255899571,0.3420401032023735,0.170185941863319,0.3420401032023735,0.3420401032023734,12899.0,1.5660831746579065,0.3417060377824065,1.0,1.5663452156958988,0.0191415800655805,0.0066749572497174,1.0108407422910015,0.0259352349412857,0.0091070848203409,1.0484335789628338,1.0618657389403316,0.0189454410696298,0.0065987885617712,1.0107246954259903,0.0191415800655806,0.0066749572497174,1.0108407422910015,0.6000000000000001,1.339807129417539,,,,,
lightgbm_poisson__single_model__raw__include_zeros,dy,7,9190.0,82.0,2.0,1.2278540688199229,1.2036410811227527,0.209383665995283,0.6018205405613763,0.209383665995283,0.209383665995283,9190.0,1.2277385732933177,0.2091566378334612,0.8367346938775511,1.1906534045227926,0.030894195054406,0.0066749572497174,1.0070393680460628,0.04168178646622,0.0091070848203409,1.0484335789628338,1.0559121455087217,0.030584577509922,0.0065987885617712,1.0069652880468885,0.030894195054406,0.0066749572497174,1.0070393680460628,0.6000000000000001,1.1367124412919538,,,,,
lightgbm_poisson__single_model__raw__include_zeros,dy,8,5691.0,20.0,2.0,0.5308072338422095,0.0737019536686898,0.0261566027767664,0.0368509768343449,0.0261566027767664,0.0261566027767664,5691.0,0.5317565060017879,0.0260712727783932,0.4,0.8123228935368838,0.2033091709420157,0.0066749572497174,0.9046088077004686,0.2582567349277441,0.0091070848203409,1.0484335789628338,0.9147530891593998,0.2019827417238036,0.0065987885617712,0.9054228952879078,0.2033091709420161,0.0066749572497174,0.9046088077004684,0.6000000000000001,0.7184843403053256,,,,,
lightgbm_poisson__single_model__raw__include_zeros,type,__global__,149083.0,33872.0,3.0,1.0865961279812355,0.0058452024802417,0.0003907239528442,0.0019484008267472,0.0003907239528442,0.0004785972142423,32631.0,1.086588281893686,0.0003906527878873,1.0,,,,,,,,,,,,,,,,,,,,,
lightgbm_poisson__single_model__raw__include_zeros,type,Annuity,506.0,336.0,3.0,1.2636725472280026,0.1199249846519324,0.0277139375019974,0.0399749948839774,0.0277139375019974,0.031663110223195,107.0,1.2636716628010822,0.027713745841824,1.0,1.2636725472280026,0.0,0.0,1.0,0.0,0.0,1.0504457362880262,1.0504457362880262,0.0,0.0,1.0,0.0065580465037797,0.0002090189049971,1.001729176826491,,,,,,,
lightgbm_poisson__single_model__raw__include_zeros,type,Bodily,15739.0,4738.0,3.0,1.1477625664368278,0.0230452198172137,0.0019964048360007,0.0076817399390712,0.0019964048360007,0.0025673393469525,3444.0,1.1477564378758405,0.0019962384286734,1.0,1.1477625664368278,0.0,0.0,1.0,0.0,0.0,1.0504457362880262,1.0504457362880262,0.0,0.0,1.0,0.0752852787821514,0.0002090189049971,1.0111243460077628,,,,,,,
lightgbm_poisson__single_model__raw__include_zeros,type,Lost,175.0,28.0,3.0,1.3610528657616277,0.570819326383565,0.1625619311071748,0.1902731087945216,0.1625619311071748,0.1612666537689221,22.0,1.360991395181826,0.1625059266790756,0.56,1.2021896048265115,0.0,0.0,1.0,0.0,0.0,1.0504457362880262,1.0504457362880262,0.0,0.0,1.0,0.0012944296904664,0.0002090189049971,1.0004673575492695,,,,,,,
lightgbm_poisson__single_model__raw__include_zeros,type,Material,113825.0,25034.0,3.0,1.0449298143475805,0.0004028495392482,0.000110160079825,0.0001342831797494,0.000110160079825,0.00010749787713,24549.0,1.0449246700462518,0.0001101348554902,1.0,1.0449298143475805,0.0,0.0,1.0,0.0,0.0,1.0504457362880262,1.0504457362880262,0.0,0.0,1.0,0.6603722671272593,0.0002090189049971,1.0296704033623183,,,,,,,
lightgbm_poisson__single_model__raw__include_zeros,type,Remaining,190.0,41.0,3.0,1.141459129062862,0.2165055200653298,0.0505477468907701,0.0721685066884432,0.0505477468907701,0.0386312928597063,47.0,1.1414480773350515,0.0505398764865682,0.82,1.1159964858315468,0.0,0.0,1.0,0.0,0.0,1.0504457362880262,1.0504457362880262,0.0,0.0,1.0,0.0053814940071389,0.0002090189049971,1.000761261455307,,,,,,,
lightgbm_poisson__single_model__raw__include_zeros,type,Technical,18648.0,3695.0,3.0,1.0106519689716342,0.025950702394557,0.0039480864828838,0.008650234131519,0.0039480864828838,0.0083689904260001,4462.0,1.0106502782010205,0.0039468328147563,1.0,1.0106519689716342,0.0,0.0,1.0,0.0,0.0,1.0504457362880262,1.0504457362880262,0.0,0.0,1.0,0.024366831152987,0.0002090189049971,1.0002595547293789,,,,,,,
lightgbm_poisson__single_model__raw__include_zeros,arms,all,,,3.0,,,,,,,,,,,,,,,,,,,,,,,,,,,,,True,True,100.0
lightgbm_poisson__single_model__raw__two_stage,dy,__global__,149083.0,33872.0,3.0,1.0969183715343995,0.0057438683977479,0.0003866469233357,0.0019146227992493,0.0003866469233357,0.0004907720527077,32631.0,1.0969095067828576,0.0003865760571729,1.0,,,,,,,,,,,,,,,0.6000000000000001,1.05815102292064,,,,,
lightgbm_poisson__single_model__raw__two_stage,dy,1,24771.0,9850.0,3.0,1.0612779340387994,0.0069234362635438,0.0003875946598807,0.0023078120878479,0.0003875946598807,0.0003875946598807,24771.0,1.0612737851080702,0.0003875421287806,1.0,1.0612779340387994,0.9966318299028334,0.1146881434113156,1.0610715395337538,0.9969876324708012,0.1282801911012607,1.0476742605457985,1.061236954774491,0.9966277272301688,0.1145326186149174,1.0610671531910458,0.9966318299028334,0.1146881434113156,1.0610715395337538,0.6000000000000001,1.0367667604232798,,,,,
lightgbm_poisson__single_model__raw__two_stage,dy,2,28988.0,16192.0,3.0,1.069248859889778,0.0052767548196277,0.0004632234033859,0.0017589182732092,0.0004632234033859,0.0004632234033859,28988.0,1.0692462473744095,0.0004631884152493,1.0,1.069248859889778,0.995977265262241,0.1146881434113156,1.0689702900955491,0.9964019642855658,0.1282801911012607,1.0476742605457985,1.0691712337108137,0.9959721277913388,0.1145326186149174,1.068967332339056,0.995977265262241,0.1146881434113156,1.0689702900955491,0.6000000000000001,1.041549315933867,,,,,
lightgbm_poisson__single_model__raw__two_stage,dy,3,25377.0,4799.0,3.0,1.0646060393209384,0.0021552832548254,0.0015320194732019,0.0007184277516084,0.0015320194732019,0.0015320194732019,25377.0,1.0646002115957691,0.0015317429635901,1.0,1.0646060393209384,0.9868179545168574,0.1146881434113156,1.063754399572124,0.988198186700448,0.1282801911012607,1.0476742605457985,1.064406213629005,0.9868026417174232,0.1145326186149174,1.0637476594582096,0.9868179545168574,0.1146881434113156,1.063754399572124,0.6000000000000001,1.038763623592563,,,,,
lightgbm_poisson__single_model__raw__two_stage,dy,4,21277.0,1929.0,3.0,1.2202193424239585,0.0907023621535983,0.0063356897593398,0.0302341207178661,0.0063356897593398,0.0063356897593398,21277.0,1.2201786607704928,0.0063333132283431,1.0,1.2202193424239585,0.9476492390518992,0.1146881434113156,1.2086906922725738,0.9529350495733808,0.1282801911012607,1.0476742605457985,1.212098516699006,0.947600509657624,0.1145326186149174,1.208641411161852,0.9476492390518992,0.1146881434113156,1.2086906922725738,0.6000000000000001,1.132131605454375,,,,,
lightgbm_poisson__single_model__raw__two_stage,dy,5,17162.0,753.0,3.0,1.4846534624737466,0.6220157342446031,0.0962815340781803,0.2073385780815343,0.0962815340781803,0.0962815340781803,17162.0,1.4844776407138505,0.0962108504215206,1.0,1.4846534624737466,0.5436238267796845,0.1146881434113156,1.2634691699320024,0.5712469077210536,0.1282801911012607,1.0476742605457985,1.2972972783855523,0.5434693617723187,0.1145326186149174,1.2632987541917151,0.5436238267796845,0.1146881434113156,1.2634691699320024,0.6000000000000001,1.290792077484248,,,,,
lightgbm_poisson__single_model__raw__two_stage,dy,6,12899.0,236.0,3.0,1.652903805616258,0.9733763473939938,0.3481318158934896,0.3244587824646646,0.3481318158934896,0.3481318158934895,12899.0,1.6525850291401505,0.3477822649503089,1.0,1.652903805616258,0.2478029330964613,0.1146881434113156,1.1617914780615506,0.2692631361465125,0.1282801911012607,1.0476742605457985,1.2106402659399973,0.2477372515712193,0.1145326186149174,1.161669621535705,0.2478029330964614,0.1146881434113156,1.1617914780615506,0.6000000000000001,1.3917422833697548,,,,,
lightgbm_poisson__single_model__raw__two_stage,dy,7,9190.0,82.0,2.0,1.507270128859279,0.9047547586924828,0.2155405700252356,0.4523773793462414,0.2155405700252356,0.2155405700252356,9190.0,1.5069545252868366,0.2152645377554573,1.0,1.507270128859279,0.3472991255599926,0.1146881434113156,1.1761744721755325,0.3731019345107688,0.1282801911012607,1.0476742605457985,1.2191503681067144,0.347282007751131,0.1145326186149174,1.176056185380134,0.3472991255599926,0.1146881434113156,1.1761744721755325,0.6000000000000001,1.3043620773155675,,,,,
lightgbm_poisson__single_model__raw__two_stage,dy,8,5691.0,20.0,2.0,0.2182501509540589,0.0353458804910748,0.0046714624994825,0.0176729402455374,0.0046714624994825,0.0046714624994825,5691.0,0.2189012434029952,0.0046709236069219,0.4,0.6873000603816235,0.9608622828147262,0.1146881434113156,0.2488460554556494,0.9648634494347016,0.1282801911012607,1.0476742605457985,0.2473932531208066,0.9608155637000344,0.1145326186149174,0.249508157874853,0.9608622828147262,0.1146881434113156,0.2488460554556494,0.6000000000000001,0.5309500905724353,,,,,
lightgbm_poisson__single_model__raw__two_stage,type,__global__,149083.0,33872.0,3.0,1.0969183715343995,0.0057438683977479,0.0003866469233357,0.0019146227992493,0.0003866469233357,0.0004907720527077,32631.0,1.0969095067828576,0.0003865760571729,1.0,,,,,,,,,,,,,,,,,,,,,
lightgbm_poisson__single_model__raw__two_stage,type,Annuity,506.0,336.0,3.0,1.236126164931784,0.1823932183630615,0.0246850025453901,0.0607977394543538,0.0246850025453901,0.0309102877547961,107.0,1.2361253901677849,0.0246848390434142,1.0,1.236126164931784,0.0,0.0,1.0,0.0,0.0,1.0714731707776175,1.0714731707776175,0.0,0.0,1.0,0.0,0.0,1.0,,,,,,,
lightgbm_poisson__single_model__raw__two_stage,type,Bodily,15739.0,4738.0,3.0,1.1306309946829782,0.0151435250699298,0.0019136097538669,0.0050478416899766,0.0019136097538669,0.0023837737779538,3444.0,1.1306256575328433,0.0019134529306299,1.0,1.1306309946829782,0.0,0.0,1.0,0.0,0.0,1.0714731707776175,1.0714731707776175,0.0,0.0,1.0,0.0,0.0,1.0,,,,,,,
lightgbm_poisson__single_model__raw__two_stage,type,Lost,175.0,28.0,3.0,1.332292599263013,0.3852968886338599,0.1611551335438703,0.1284322962112866,0.1611551335438703,0.147092119169642,22.0,1.3322372204853696,0.1611004617227105,0.56,1.1860838555872872,0.0,0.0,1.0,0.0,0.0,1.0714731707776175,1.0714731707776175,0.0,0.0,1.0,0.0,0.0,1.0,,,,,,,
lightgbm_poisson__single_model__raw__two_stage,type,Material,113825.0,25034.0,3.0,1.0675572908442843,0.000877926150729,0.0001153924429396,0.000292642050243,0.0001153924429396,0.0001079663094724,24549.0,1.067549388298983,0.0001153654301438,1.0,1.0675572908442843,0.0,0.0,1.0,0.0,0.0,1.0714731707776175,1.0714731707776175,0.0,0.0,1.0,0.0,0.0,1.0,,,,,,,
lightgbm_poisson__single_model__raw__two_stage,type,Remaining,190.0,41.0,3.0,1.19056471131318,0.2361754970368022,0.0545885677579487,0.078725165678934,0.0545885677579487,0.0412386292902182,47.0,1.1905491826931978,0.0545797066114924,0.82,1.1562630632768076,0.0,0.0,1.0,0.0,0.0,1.0714731707776175,1.0714731707776175,0.0,0.0,1.0,0.0,0.0,1.0,,,,,,,
lightgbm_poisson__single_model__raw__two_stage,type,Technical,18648.0,3695.0,3.0,1.04120219332987,0.01113750215168,0.0040636800175172,0.0037125007172266,0.0040636800175172,0.0090919352919695,4462.0,1.0411954557101066,0.0040623509651695,1.0,1.04120219332987,0.0,0.0,1.0,0.0,0.0,1.0714731707776175,1.0714731707776175,0.0,0.0,1.0,0.0,0.0,1.0,,,,,,,
lightgbm_poisson__single_model__raw__two_stage,arms,all,,,3.0,,,,,,,,,,,,,,,,,,,,,,,,,,,,,True,True,100.0
lightgbm_tweedie__per_dy__raw__include_zeros,dy,2,28988.0,16192.0,3.0,1.1072290238452194,0.0092265211026011,0.0004973491505276,0.0030755070342003,0.0004973491505276,0.0004973491505276,28988.0,1.107224834784433,0.0004973103293522,1.0,1.1072290238452194,0.9999073864520964,5.369658117142515,1.1072190929848829,0.9997684115562896,2.1470586452658287,2.2388678817112826,1.1074910983271549,0.9999083788538464,5.427401708947939,1.1072150107221737,0.9999073864520964,5.369658117142516,1.1072190929848829,0.75,1.0804217678839143,,,,,
lightgbm_tweedie__per_dy__raw__include_zeros,dy,3,25377.0,4799.0,3.0,1.4049665019729758,0.0453877575112789,0.0027457821830865,0.0151292525037596,0.0027457821830865,0.0027457821830865,25377.0,1.404918295032885,0.0027451306863834,1.0,1.4049665019729758,0.9994889099489652,5.369658117142515,1.404759527622815,0.998722775826476,2.1470586452658287,2.2388678817112826,1.4060315809735129,0.9994944647414786,5.427401708947939,1.4047135945579254,0.9994889099489652,5.369658117142516,1.404759527622815,0.75,1.3037248764797318,,,,,
lightgbm_tweedie__per_dy__raw__include_zeros,dy,4,21277.0,1929.0,3.0,1.7953875866860014,0.0208862181017688,0.0143368299216363,0.0069620727005896,0.0143368299216363,0.0143368299216363,21277.0,1.7951714121967952,0.0143291619877677,1.0,1.7953875866860014,0.9973371390458948,5.369658117142515,1.7932695801380354,0.9933668640995036,2.1470586452658287,2.2388678817112826,1.7983292517520963,0.9973668006875716,5.427401708947939,1.7930775673809358,0.9973371390458948,5.369658117142516,1.7932695801380354,0.75,1.5965406900145012,,,,,
lightgbm_tweedie__per_dy__raw__include_zeros,dy,5,17162.0,753.0,3.0,2.168766549954776,3.0027011180809344,0.2126276133455746,1.0009003726936447,0.2126276133455746,0.2126276133455746,17162.0,2.1681472740323233,0.2123866781239485,0.3330384785493144,1.38924423357627,0.9619102956009056,5.369658117142515,2.1242485775554494,0.9098915745389392,2.1470586452658287,2.2388678817112826,2.1750832705820784,0.962341374614196,5.427401708947939,2.124156453444092,0.9619102956009056,5.369658117142516,2.1242485775554494,0.75,1.876574912466082,,,,,
lightgbm_tweedie__per_dy__raw__include_zeros,dy,6,12899.0,236.0,3.0,4.691367069696781,28.367936458220285,3.634953197066914,9.45597881940676,3.634953197066914,3.634953197066914,12899.0,4.686256297518457,3.621990298723888,0.0352554526441589,1.1301408169179026,0.5963231426401607,5.369658117142515,3.2012476116399857,0.3713341832934748,2.1470586452658287,2.2388678817112826,3.149564664709788,0.5997531883188104,5.427401708947939,3.210843967396988,0.5963231426401608,5.369658117142516,3.201247611639986,0.75,3.768525302272586,,,,,
lightgbm_tweedie__per_dy__raw__include_zeros,dy,7,9190.0,82.0,3.0,5.294125490572733,18.5110327324024,3.3335156517225997,6.1703442441341325,3.3335156517225997,3.333515651722601,9190.0,5.284756297873193,3.3158790372565967,0.054054054054054,1.23211489138231,0.6169770085887546,5.369658117142515,3.649376699678283,0.3917579671250211,2.1470586452658287,2.2388678817112826,3.435789391602097,0.6207511649793446,5.427401708947939,3.659767463557368,0.6169770085887545,5.369658117142516,3.6493766996782826,0.75,4.22059411792955,,,,,
lightgbm_tweedie__per_dy__raw__include_zeros,dy,8,5691.0,20.0,3.0,7.1171764251551535,19996.20035206572,26.873421337736747,6665.40011735524,26.873421337736747,26.873421337736744,5691.0,6.955296396632322,24.425859234607955,5.0009501805343014e-05,1.000305916945477,0.1665367641033411,5.369658117142515,2.0187347672945837,0.0739842568600991,2.1470586452658287,2.2388678817112826,2.59978591403225,0.1818026419026593,5.427401708947939,2.0826886182211437,0.1665367641033412,5.369658117142516,2.018734767294585,0.75,5.587882318866365,,,,,
lightgbm_tweedie__per_dy__raw__include_zeros,type,__global__,28988.0,16192.0,3.0,1.1072290238452194,0.0092265211026011,0.0004973491505276,0.0030755070342003,0.0004973491505276,0.0004973491505276,28988.0,1.107224834784433,0.0004973103293522,1.0,,,,,,,,,,,,,,,,,2.0,,,,
lightgbm_tweedie__per_dy__raw__include_zeros,type,Annuity,92.0,51.0,3.0,2.641160658402821,3.1210863462473335,0.4937006277404971,1.0403621154157778,0.4937006277404971,0.4937006277404971,92.0,2.641146554144808,0.4936922327727034,0.320754716981132,1.526410022506565,0.4344018836327922,0.3791817483740087,1.7129232813542188,0.3563242438491742,0.2733014272892304,1.2930860265311743,1.7734377003850927,0.4344017117709507,0.3791750354761246,1.712916872387502,0.4344018836327922,0.3791817483740087,1.7129232813542188,,,2.0,,,,
lightgbm_tweedie__per_dy__raw__include_zeros,type,Bodily,2857.0,1698.0,3.0,1.3060407844085828,0.0353192420324912,0.0070872471478706,0.011773080677497,0.0070872471478706,0.0070872471478706,2857.0,1.3060344388401872,0.0070869529741837,1.0,1.3060407844085828,0.9816520424107682,0.3791817483740087,1.300425561075679,0.9747234899480204,0.2733014272892304,1.2930860265311743,1.3057133333408737,0.9816524711566448,0.3791750354761246,1.300419463146507,0.9816520424107682,0.3791817483740087,1.300425561075679,,,2.0,,,,
lightgbm_tweedie__per_dy__raw__include_zeros,type,Lost,22.0,18.0,3.0,1.3112825486418,0.0059497695750189,0.1119252020688589,0.0019832565250063,0.1119252020688589,0.111925202068859,22.0,1.3112717367743665,0.1119173931801775,0.36,1.112061717511048,0.7720960740467475,0.3791817483740087,1.2403400337255994,0.7094562173560999,0.2733014272892304,1.2930860265311743,1.3059956622768156,0.7721052358994838,0.3791750354761246,1.240334537751014,0.7720960740467474,0.3791817483740087,1.2403400337255994,,,2.0,,,,
lightgbm_tweedie__per_dy__raw__include_zeros,type,Material,22070.0,12754.0,3.0,1.0325338670115063,0.0050866546814436,0.0002109468705867,0.0016955515604812,0.0002109468705867,0.0002109468705867,22070.0,1.0325325230321587,0.0002109294396105,1.0,1.0325338670115063,0.9994439880545124,0.3791817483740087,1.032515777792815,0.9992287483473656,0.2733014272892304,1.2930860265311743,1.0327348182951333,0.9994440241360608,0.3791750354761246,1.0325144357345597,0.9994439880545124,0.3791817483740087,1.032515777792815,,,2.0,,,,
lightgbm_tweedie__per_dy__raw__include_zeros,type,Remaining,39.0,27.0,3.0,1.3063297275042087,0.156782214430816,0.086448634436457,0.0522607381436053,0.086448634436457,0.086448634436457,39.0,1.3063203387781497,0.0864432778229645,0.54,1.1654180528522726,0.814340649519759,0.3791817483740087,1.2494567492629882,0.7596980692045723,0.2733014272892304,1.2930860265311743,1.3031472405895113,0.8143473412579504,0.3791750354761246,1.2494511534572208,0.814340649519759,0.3791817483740087,1.2494567492629882,,,2.0,,,,
lightgbm_tweedie__per_dy__raw__include_zeros,type,Technical,3908.0,1644.0,3.0,1.0323917987533315,0.0085893496285466,0.0054485280732143,0.0028631165428488,0.0054485280732143,0.0054485280732143,3908.0,1.032389592045787,0.0054477856826391,1.0,1.0323917987533315,0.985834375485098,0.3791817483740087,1.0319329486948297,0.9804537078180698,0.2733014272892304,1.2930860265311743,1.0374874042996198,0.9858360310856584,0.3791750354761246,1.0319308268709024,0.985834375485098,0.3791817483740087,1.0319329486948297,,,2.0,,,,
lightgbm_tweedie__per_dy__raw__include_zeros,arms,2,,,3.0,,,,,,,,,,,,,,,,,,,,,,,,,,,2.0,,True,True,100.0
lightgbm_tweedie__per_dy__raw__include_zeros,type,__global__,25377.0,4799.0,3.0,1.4049665019729758,0.0453877575112789,0.0027457821830865,0.0151292525037596,0.0027457821830865,0.0027457821830865,25377.0,1.404918295032885,0.0027451306863834,1.0,,,,,,,,,,,,,,,,,3.0,,,,
lightgbm_tweedie__per_dy__raw__include_zeros,type,Annuity,92.0,72.0,3.0,2.5450844889145703,0.9208424446662624,0.1459864306337107,0.3069474815554208,0.1459864306337107,0.1459864306337106,92.0,2.5450751265009752,0.1459845804363463,1.0,2.5450844889145703,0.8170525748704822,0.6519828795676186,2.2624152600600924,0.6970195117127886,0.3358479985699361,1.5798875867132196,2.2526486601923015,0.8170492453321121,0.6519600943552574,2.262402466089039,0.8170525748704822,0.6519828795676186,2.2624152600600924,,,3.0,,,,
lightgbm_tweedie__per_dy__raw__include_zeros,type,Bodily,2798.0,1437.0,3.0,1.5206554850256813,0.1769359739840732,0.0106269777791653,0.058978657994691,0.0106269777791653,0.0106269777791653,2798.0,1.5206364265809338,0.0106261965737047,1.0,1.5206554850256813,0.9839619382939492,0.6519828795676186,1.5123051802292455,0.9693282964006676,0.3358479985699361,1.5798875867132196,1.522472234492207,0.9839625468875812,0.6519600943552574,1.5122867443010248,0.9839619382939492,0.6519828795676186,1.5123051802292455,,,3.0,,,,
lightgbm_tweedie__per_dy__raw__include_zeros,type,Material,19162.0,2644.0,3.0,1.1709412379756323,0.030724911927274,0.0016614545128508,0.0102416373090913,0.0016614545128508,0.0016614545128508,19162.0,1.170910484437751,0.0016608551455553,1.0,1.1709412379756323,0.997458167345414,0.6519828795676186,1.1705067339549309,0.9950773096940684,0.3358479985699361,1.5798875867132196,1.1729543542022092,0.9974589934015674,0.6519600943552574,1.1704761997690534,0.997458167345414,0.6519828795676186,1.1705067339549309,,,3.0,,,,
lightgbm_tweedie__per_dy__raw__include_zeros,type,Technical,3267.0,642.0,3.0,1.3459797329085763,0.5903974559510443,0.0410847131996566,0.1967991519836814,0.0410847131996566,0.0410847131996566,3267.0,1.3459024962763646,0.0410663562592997,1.0,1.3459797329085763,0.940720481482024,0.6519828795676186,1.3254702209247782,0.8910025266664293,0.3358479985699361,1.5798875867132196,1.371475097966161,0.9407434503792992,0.6519600943552574,1.32540550784184,0.940720481482024,0.6519828795676186,1.3254702209247782,,,3.0,,,,
lightgbm_tweedie__per_dy__raw__include_zeros,arms,3,,,3.0,,,,,,,,,,,,,,,,,,,,,,,,,,,3.0,,True,True,100.0
lightgbm_tweedie__per_dy__raw__include_zeros,type,__global__,21277.0,1929.0,3.0,1.7953875866860014,0.0208862181017688,0.0143368299216363,0.0069620727005896,0.0143368299216363,0.0143368299216363,21277.0,1.7951714121967952,0.0143291619877677,1.0,,,,,,,,,,,,,,,,,4.0,,,,
lightgbm_tweedie__per_dy__raw__include_zeros,type,Annuity,76.0,65.0,3.0,8.54581995421037,23.021152276088156,2.208012304586537,7.673717425362718,2.208012304586537,2.2080123045865365,76.0,8.545672485114556,2.207922589609265,0.0434491978609625,1.327859824213686,0.8667663862366485,14.364474489237065,7.540463092903314,0.8470360550443123,12.226842296124628,3.119413360336806,7.715775394677914,0.8667656894884264,14.36380417605348,7.540330014214166,0.8667663862366485,14.364474489237065,7.540463092903314,,,4.0,,,,
lightgbm_tweedie__per_dy__raw__include_zeros,type,Bodily,2385.0,647.0,3.0,2.68102970625613,0.0164804038801628,0.0639480300299272,0.0054934679600542,0.0639480300299272,0.0639480300299272,2385.0,2.6808575220406516,0.0639349749480108,1.0,2.68102970625613,0.9955679125736348,14.364474489237065,2.673579235631686,0.9947970774593846,12.226842296124628,3.119413360336806,2.6833105824513837,0.9955686075081576,14.36380417605348,2.673408982637624,0.9955679125736348,14.364474489237065,2.673579235631686,,,4.0,,,,
lightgbm_tweedie__per_dy__raw__include_zeros,type,Material,16165.0,858.0,3.0,0.7930421481917865,0.021291656083915,0.001806844259914,0.0070972186946383,0.001806844259914,0.001806844259914,16165.0,0.7931197853118296,0.001805463310664,1.0,0.7930421481917865,0.9998742302048824,14.364474489237065,0.7930681772384064,0.9998522449831398,12.226842296124628,3.119413360336806,0.7933858812094603,0.9998743204530828,14.36380417605348,0.7931457859234777,0.9998742302048824,14.364474489237065,0.7930681772384064,,,4.0,,,,
lightgbm_tweedie__per_dy__raw__include_zeros,type,Technical,2602.0,350.0,3.0,1.2633150045311905,0.1376533025243121,0.1457608628866506,0.0458844341747707,0.1457608628866506,0.1457608628866506,2602.0,1.2632267112363416,0.1456632546713884,1.0,1.2633150045311905,0.9899546175958258,14.364474489237065,1.260669904617918,0.9882190626327096,12.226842296124628,3.119413360336806,1.285181583008467,0.9899608131472188,14.36380417605348,1.2605841290975968,0.9899546175958258,14.364474489237065,1.260669904617918,,,4.0,,,,
lightgbm_tweedie__per_dy__raw__include_zeros,arms,4,,,3.0,,,,,,,,,,,,,,,,,,,,,,,,,,,4.0,,True,True,100.0
lightgbm_tweedie__per_dy__raw__include_zeros,type,__global__,17162.0,753.0,3.0,2.168766549954776,3.0027011180809344,0.2126276133455746,1.0009003726936447,0.2126276133455746,0.2126276133455746,17162.0,2.1681472740323233,0.2123866781239485,0.3330384785493144,,,,,,,,,,,,,,,,,5.0,,,,
lightgbm_tweedie__per_dy__raw__include_zeros,type,Annuity,61.0,49.0,3.0,3.6975995962225294,84.36800021302317,3.4977139007762283,28.12266673767439,3.4977139007762283,3.4977139007762283,61.0,3.697580471117401,3.4976491746480183,0.0118529269472665,1.0319744509470017,0.2926188022354207,1.44688161834342,1.7893683627573913,0.1431752449137759,0.5844672920678626,1.7493215039133596,2.0282666969398693,0.2924942568320953,1.4459844402355282,1.7890267951442578,0.2926188022354207,1.44688161834342,1.7893683627573913,,,5.0,,,,
lightgbm_tweedie__per_dy__raw__include_zeros,type,Bodily,1977.0,281.0,3.0,1.8421182577166175,0.56713250067564,0.1633489440078804,0.18904416689188,0.1633489440078804,0.1633489440078804,1977.0,1.841988077364896,0.1632988696136367,1.0,1.8421182577166175,0.8985555560631305,1.44688161834342,1.75669003933347,0.7815653951763952,0.5844672920678626,1.7493215039133596,1.8218482354706895,0.8985269600360533,1.4459844402355282,1.7565489875412812,0.8985555560631305,1.44688161834342,1.75669003933347,,,5.0,,,,
lightgbm_tweedie__per_dy__raw__include_zeros,type,Material,13107.0,257.0,3.0,1.0795820560833138,0.0963374460239023,0.013390785412293,0.0321124820079674,0.013390785412293,0.013390785412293,13107.0,1.0794687132841925,0.0133524747632508,1.0,1.0795820560833138,0.9908299401003176,1.44688161834342,1.07885228386209,0.9776020665828712,0.5844672920678626,1.7493215039133596,1.0945828356426357,0.9908503138473256,1.4459844402355282,1.0787415994986853,0.9908299401003176,1.44688161834342,1.07885228386209,,,5.0,,,,
lightgbm_tweedie__per_dy__raw__include_zeros,type,Technical,1975.0,165.0,3.0,2.571413156481238,2.717782666564933,0.999899249962318,0.9059275555216444,0.999899249962318,0.999899249962318,1975.0,2.5696746194896956,0.9978397280727558,0.3683035714285714,1.5787570777218844,0.5913409071836115,1.44688161834342,1.9292408815138775,0.3688965126207071,0.5844672920678626,1.7493215039133596,2.052588247600244,0.5916892299319956,1.4459844402355282,1.928759566849656,0.5913409071836115,1.44688161834342,1.9292408815138775,,,5.0,,,,
lightgbm_tweedie__per_dy__raw__include_zeros,arms,5,,,3.0,,,,,,,,,,,,,,,,,,,,,,,,,,,5.0,,True,True,100.0
lightgbm_tweedie__per_dy__raw__include_zeros,type,__global__,12899.0,236.0,3.0,4.691367069696781,28.367936458220285,3.634953197066914,9.45597881940676,3.634953197066914,3.634953197066914,12899.0,4.686256297518457,3.621990298723888,0.0352554526441589,,,,,,,,,,,,,,,,,6.0,,,,
lightgbm_tweedie__per_dy__raw__include_zeros,type,Annuity,50.0,38.0,3.0,4.640829869802047,100.68407219305766,6.096483359903928,33.56135739768589,6.096483359903928,6.09648335990393,50.0,4.640804146087114,6.096372342605472,0.0099346405228758,1.036170335961432,0.559475836634225,7.742674322899296,3.036956337450377,0.0,0.0,3.354968434000034,3.354968434000034,0.5581616431560468,7.701371217170088,3.0321572245893313,0.559475836634225,7.742674322899298,3.036956337450377,,,6.0,,,,
lightgbm_tweedie__per_dy__raw__include_zeros,type,Bodily,1559.0,99.0,3.0,4.01396726935863,5.303293700791095,1.419428318064141,1.7677645669303652,1.419428318064141,1.419428318064141,1559.0,4.009694674803922,1.4139369185805863,0.1885714285714285,1.5683481136504844,0.8450761387764937,7.742674322899296,3.5470318223883233,0.0,0.0,3.354968434000034,3.354968434000034,0.8448832559993165,7.701371217170088,3.542840636412141,0.8450761387764937,7.742674322899298,3.5470318223883233,,,6.0,,,,
lightgbm_tweedie__per_dy__raw__include_zeros,type,Material,9842.0,52.0,3.0,2.9158332634179507,4.673314018698844,0.5392156345026732,1.557771339566281,0.5392156345026732,0.5392156345026732,9842.0,2.876083452120722,0.5150274778617518,0.2139917695473251,1.409972550196434,0.9348922000562508,7.742674322899296,2.791097574577755,0.0,0.0,3.354968434000034,3.354968434000034,0.9373171267634358,7.701371217170088,2.7584851509102233,0.9348922000562508,7.742674322899298,2.791097574577755,,,6.0,,,,
lightgbm_tweedie__per_dy__raw__include_zeros,type,Technical,1411.0,47.0,3.0,7.591700587862473,202.6946676181651,30.434749970785127,67.56488920605504,30.434749970785127,30.434749970785116,1411.0,7.577727347508507,30.26908143546255,0.0049338652110014,1.0325225622117926,0.2028076662096909,7.742674322899296,2.336847412577436,0.0,0.0,3.354968434000034,3.354968434000034,0.202825372866239,7.701371217170088,2.33413000187087,0.202807666209691,7.742674322899298,2.3368474125774368,,,6.0,,,,
lightgbm_tweedie__per_dy__raw__include_zeros,arms,6,,,3.0,,,,,,,,,,,,,,,,,,,,,,,,,,,6.0,,True,True,100.0
lightgbm_tweedie__per_dy__raw__include_zeros,type,__global__,9190.0,82.0,3.0,5.294125490572733,18.5110327324024,3.3335156517225997,6.1703442441341325,3.3335156517225997,3.333515651722601,9190.0,5.284756297873193,3.3158790372565967,0.054054054054054,,,,,,,,,,,,,,,,,7.0,,,,
lightgbm_tweedie__per_dy__raw__include_zeros,type,Annuity,41.0,29.0,3.0,5.596994769688243,57.455839323424,4.544763250332007,19.151946441141337,4.544763250332007,4.544763250332008,41.0,5.5969430827024835,4.544637635990236,0.017406962785114,1.080019716879327,0.8104151659227196,19.42742456970968,4.725474279022771,0.49925185998425,4.531183093051437,4.3903448445722155,4.992767064036248,0.7643483156387175,14.740765090105944,4.513665702350697,0.8104151659227196,19.42742456970968,4.725474279022771,,,7.0,,,,
lightgbm_tweedie__per_dy__raw__include_zeros,type,Bodily,1094.0,25.0,3.0,2.800954832568741,272.7221741630985,3.197730180666717,90.90739138769948,3.197730180666717,3.1977301806667175,1094.0,2.79497560575927,3.167470405975365,0.0036667644470519,1.0066036771508091,0.858664826121752,19.42742456970968,2.546416568160767,0.5862639329204968,4.531183093051437,4.3903448445722155,3.4585428051905027,0.8231277220657237,14.740765090105944,2.4774941815321703,0.858664826121752,19.42742456970968,2.546416568160767,,,7.0,,,,
lightgbm_tweedie__per_dy__raw__include_zeros,type,Material,7013.0,15.0,3.0,10.6926407963809,222.6698633498394,27.394095817223036,74.2232877832798,27.394095817223036,27.394095817223032,7013.0,9.145724831410236,18.635052966936374,0.0044910179640718,1.0435298239358424,0.4149251115547205,19.42742456970968,5.02172006369818,0.1419308851078877,4.531183093051437,4.3903448445722155,5.28483528722428,0.4416600385618303,14.740765090105944,4.5976411431547035,0.4149251115547205,19.42742456970968,5.02172006369818,,,7.0,,,,
lightgbm_tweedie__per_dy__raw__include_zeros,type,Technical,1017.0,13.0,3.0,2.7571295567743888,284.1470335624931,8.564301581390819,94.71567785416435,8.564301581390819,8.564301581390822,1017.0,2.7478157670836936,8.451294746270989,0.0035201733008394,1.006185400551873,0.6940416773456426,19.42742456970968,2.2195211448973025,0.3460111027348763,4.531183093051437,4.3903448445722155,3.8252342218378312,0.6355953371155474,14.740765090105944,2.1109035516954293,0.6940416773456426,19.42742456970968,2.2195211448973025,,,7.0,,,,
lightgbm_tweedie__per_dy__raw__include_zeros,arms,7,,,3.0,,,,,,,,,,,,,,,,,,,,,,,,,,,7.0,,True,True,100.0
lightgbm_tweedie__per_dy__raw__include_zeros,type,__global__,5691.0,20.0,3.0,7.1171764251551535,19996.20035206572,26.873421337736747,6665.40011735524,26.873421337736747,26.873421337736744,5691.0,6.955296396632322,24.425859234607955,5.0009501805343014e-05,,,,,,,,,,,,,,,,,8.0,,,,
lightgbm_tweedie__per_dy__raw__include_zeros,type,Annuity,24.0,13.0,3.0,6.200466909801846,21355.99979888965,21.498502218446568,7118.666599629883,21.498502218446568,21.498502218446575,24.0,6.199870431794675,21.48989466042121,4.682541683625872e-05,1.0002435140307946,0.20507980686244,5.546353861497394,2.066510749456673,0.0,0.0,6.200466909801846,6.200466909801846,0.2052157682599735,5.548757847031332,2.067095405513064,0.2050798068624397,5.546353861497387,2.0665107494566715,,,8.0,,,,
lightgbm_tweedie__per_dy__raw__include_zeros,arms,8,,,3.0,,,,,,,,,,,,,,,,,,,,,,,,,,,8.0,,True,True,100.0
lightgbm_tweedie__per_dy__raw__include_zeros,type,__global__,2698.0,9.0,2.0,11.731463556807896,22.018270263857048,22.90742952265062,11.009135131928524,22.90742952265062,22.907429522650627,2698.0,10.759502638621951,18.84890942527745,0.0454545454545454,,,,,,,,,,,,,,,,,9.0,,,,
lightgbm_tweedie__per_dy__raw__include_zeros,arms,9,,,2.0,,,,,,,,,,,,,,,,,,,,,,,,,,,9.0,,False,True,100.0
lightgbm_tweedie__per_dy__raw__include_zeros,arms,10,,,,,,,,,,,,,,,,,,,,,,,,,,,,,,10.0,,False,False,
lightgbm_tweedie__per_dy__raw__two_stage,dy,2,28988.0,16192.0,3.0,1.0670540422755144,0.0058306778256898,0.0004703522495825,0.0019435592752299,0.0004703522495825,0.0004703522495825,28988.0,1.067051517755353,0.0004703168493427,1.0,1.0670540422755144,0.0,0.0,1.0,0.0,0.0,1.1126556830030356,1.1126556830030356,0.0,0.0,1.0,0.0,0.0,1.0,0.6000000000000001,1.0402324253653086,,,,,
lightgbm_tweedie__per_dy__raw__two_stage,dy,3,25377.0,4799.0,3.0,1.3107061742255084,0.0365306782713039,0.0024480454026878,0.0121768927571013,0.0024480454026878,0.0024480454026878,25377.0,1.310671669133282,0.0024475031763396,1.0,1.3107061742255084,0.0,0.0,1.0,0.0,0.0,1.1126556830030356,1.1126556830030356,0.0,0.0,1.0,0.0,0.0,1.0,0.6000000000000001,1.186423704535305,,,,,
lightgbm_tweedie__per_dy__raw__two_stage,dy,4,21277.0,1929.0,3.0,1.1820197999453592,0.0103727259370309,0.0060842300190059,0.0034575753123436,0.0060842300190059,0.0060842300190059,21277.0,1.181987227442914,0.0060820616724782,1.0,1.1820197999453592,0.0,0.0,1.0,0.0,0.0,1.1126556830030356,1.1126556830030356,0.0,0.0,1.0,0.0,0.0,1.0,0.6000000000000001,1.1092118799672157,,,,,
lightgbm_tweedie__per_dy__raw__two_stage,dy,5,17162.0,753.0,3.0,1.2229352971764909,1.7015035172304596,0.0937022073288913,0.5671678390768199,0.0937022073288913,0.0937022073288913,17162.0,1.2228686738523658,0.0936427331879859,0.5878220140515222,1.1310462753894597,0.0,0.0,1.0,0.0,0.0,1.1126556830030356,1.1126556830030356,0.0,0.0,1.0,0.0,0.0,1.0,0.6000000000000001,1.1337611783058943,,,,,
lightgbm_tweedie__per_dy__raw__two_stage,dy,6,12899.0,236.0,3.0,1.2992519251367831,0.2479609192558862,0.211085112754632,0.082653639751962,0.211085112754632,0.2110851127546321,12899.0,1.2991370660978103,0.2109213193936372,1.0,1.2992519251367831,0.0,0.0,1.0,0.0,0.0,1.1126556830030356,1.1126556830030356,0.0,0.0,1.0,0.0,0.0,1.0,0.6000000000000001,1.17955115508207,,,,,
lightgbm_tweedie__per_dy__raw__two_stage,dy,7,9190.0,82.0,3.0,1.4800662115568732,0.2976320390446845,0.2007815730752807,0.0992106796815615,0.2007815730752807,0.2007815730752808,9190.0,1.4797729205880938,0.2005339973021333,1.0,1.4800662115568732,0.0,0.0,1.0,0.0,0.0,1.1126556830030356,1.1126556830030356,0.0,0.0,1.0,0.0,0.0,1.0,0.6000000000000001,1.288039726934124,,,,,
lightgbm_tweedie__per_dy__raw__two_stage,dy,8,5691.0,20.0,3.0,1.2073968044862005,1.2500032301566628,0.1247934116617998,0.4166677433855543,0.1247934116617998,0.1247934116617997,5691.0,1.2064448062519555,0.123644231418606,0.4,1.0829587217944805,0.0,0.0,1.0,0.0,0.0,1.1126556830030356,1.1126556830030356,0.0,0.0,1.0,0.0,0.0,1.0,0.6000000000000001,1.1244380826917202,,,,,
lightgbm_tweedie__per_dy__raw__two_stage,type,__global__,28988.0,16192.0,3.0,1.0670540422755144,0.0058306778256898,0.0004703522495825,0.0019435592752299,0.0004703522495825,0.0004703522495825,28988.0,1.067051517755353,0.0004703168493427,1.0,,,,,,,,,,,,,,,,,2.0,,,,
lightgbm_tweedie__per_dy__raw__two_stage,type,Annuity,92.0,51.0,3.0,3.180366367095054,3.694553871553372,0.7842510616875451,1.2315179571844574,0.7842510616875451,0.7842510616875452,92.0,3.1803438034015814,0.7842345882754412,0.2712765957446808,1.5914823655417434,0.4676564727770535,0.688953779890437,2.019662444597391,0.4305822339769592,0.5930348406560979,1.3301173745520352,2.1268017191748263,0.467656362066096,0.6889390018498383,2.019651651152139,0.4676564727770534,0.688953779890437,2.019662444597391,,,2.0,,,,
lightgbm_tweedie__per_dy__raw__two_stage,type,Bodily,2857.0,1698.0,3.0,1.494525458875431,0.0528863533585994,0.0093270621828181,0.0176287844528664,0.0093270621828181,0.0093270621828181,2857.0,1.4945137254408425,0.0093266193372218,1.0,1.494525458875431,0.9866428210243816,0.688953779890437,1.487919993813232,0.9845158497925252,0.5930348406560979,1.3301173745520352,1.4919797394024443,0.9866431640707636,0.6889390018498383,1.4879085867453734,0.9866428210243816,0.688953779890437,1.487919993813232,,,2.0,,,,
lightgbm_tweedie__per_dy__raw__two_stage,type,Lost,22.0,18.0,3.0,1.2012705001581674,0.0078361719982014,0.0965274451152078,0.0026120573327338,0.0965274451152078,0.0965274451152078,22.0,1.2012640958553216,0.0965212698843447,0.36,1.0724573800569404,0.8771104361985048,0.688953779890437,1.1765364561876217,0.8600163507967411,0.5930348406560979,1.3301173745520352,1.2193069558242549,0.8771150198707827,0.6889390018498383,1.1765317614354154,0.8771104361985048,0.688953779890437,1.1765364561876217,,,2.0,,,,
lightgbm_tweedie__per_dy__raw__two_stage,type,Material,22070.0,12754.0,3.0,0.9600841188364124,0.002922372244644,0.000182482858323,0.000974124081548,0.000182482858323,0.000182482858323,22070.0,0.9600856520719204,0.0001824688416039,1.0,0.9600841188364124,0.9997352006153396,0.688953779890437,0.9600946885371828,0.99969238447515,0.5930348406560979,1.3301173745520352,0.9601979468105816,0.9997352152713788,0.6889390018498383,0.9600962207817044,0.9997352006153396,0.688953779890437,0.9600946885371828,,,2.0,,,,
lightgbm_tweedie__per_dy__raw__two_stage,type,Remaining,39.0,27.0,3.0,1.245059566312695,0.1631434971062541,0.0780355934568631,0.0543811657020847,0.0780355934568631,0.0780355934568631,39.0,1.2450524077286624,0.0780309967591356,0.54,1.1323321658088554,0.8982572690462455,0.688953779890437,1.2201265367896987,0.8837147496149004,0.5930348406560979,1.3301173745520352,1.2549505348410146,0.8982606922035312,0.6889390018498383,1.2201209453924902,0.8982572690462455,0.688953779890437,1.2201265367896987,,,2.0,,,,
lightgbm_tweedie__per_dy__raw__two_stage,type,Technical,3908.0,1644.0,3.0,0.9245047434806728,0.0020184926104106,0.0043634161931291,0.0006728308701368,0.0043634161931291,0.0043634161931291,3908.0,0.9245093491957648,0.0043628838277243,1.0,0.9245047434806728,0.993706464778636,0.688953779890437,0.9249798755366232,0.992695967651224,0.5930348406560979,1.3301173745520352,0.9274673512590902,0.9937070936660436,0.6889390018498383,0.9249844047903651,0.993706464778636,0.688953779890437,0.9249798755366232,,,2.0,,,,
lightgbm_tweedie__per_dy__raw__two_stage,arms,2,,,3.0,,,,,,,,,,,,,,,,,,,,,,,,,,,2.0,,True,True,100.0
lightgbm_tweedie__per_dy__raw__two_stage,type,__global__,25377.0,4799.0,3.0,1.3107061742255084,0.0365306782713039,0.0024480454026878,0.0121768927571013,0.0024480454026878,0.0024480454026878,25377.0,1.310671669133282,0.0024475031763396,1.0,,,,,,,,,,,,,,,,,3.0,,,,
lightgbm_tweedie__per_dy__raw__two_stage,type,Annuity,92.0,72.0,3.0,3.4873440868285974,1.2149558387455524,0.2530946283675455,0.4049852795818507,0.2530946283675455,0.2530946283675454,92.0,3.487323434782808,0.2530904020874052,0.8275862068965517,3.058491658065046,0.8606190234008115,1.5627530901870326,3.140655638868211,0.8269170971522127,1.2091793698338955,1.7537708169877326,3.1872921929852103,0.8606184021454426,1.56271890117156,3.1406363200616942,0.8606190234008115,1.5627530901870326,3.140655638868211,,,3.0,,,,
lightgbm_tweedie__per_dy__raw__two_stage,type,Bodily,2798.0,1437.0,3.0,1.5350784381706362,0.1300073089614886,0.0109077708019357,0.0433357696538295,0.0109077708019357,0.0109077708019357,2798.0,1.535058666013731,0.0109069596941305,1.0,1.5350784381706362,0.9930685377819712,1.5627530901870326,1.5313695621927743,0.991059842827086,1.2091793698338955,1.7537708169877326,1.5370335824097794,0.9930688990532156,1.56271890117156,1.5313501203871382,0.9930685377819712,1.5627530901870326,1.5313695621927743,,,3.0,,,,
lightgbm_tweedie__per_dy__raw__two_stage,type,Material,19162.0,2644.0,3.0,0.990892789928117,0.0149815019137587,0.0011950689394459,0.0049938339712529,0.0011950689394459,0.0011950689394459,19162.0,0.9908941764833524,0.0011947051155848,1.0,0.990892789928117,0.9992358640965991,1.5627530901870326,0.9908997490743128,0.9990126452598777,1.2091793698338955,1.7537708169877326,0.9916460211642696,0.9992360798507142,1.56271890117156,0.9909011326054128,0.9992358640965991,1.5627530901870326,0.9908997490743128,,,3.0,,,,
lightgbm_tweedie__per_dy__raw__two_stage,type,Technical,3267.0,642.0,3.0,1.284765336603118,0.2893629024857086,0.0381539506252397,0.0964543008285695,0.0381539506252397,0.0381539506252397,3267.0,1.284704656055378,0.0381376309143051,1.0,1.284765336603118,0.9761672916336972,1.5627530901870326,1.277978607383024,0.9694115838970808,1.2091793698338955,1.7537708169877326,1.299111471391672,0.9761767340483578,1.56271890117156,1.2779220613164997,0.9761672916336972,1.5627530901870326,1.277978607383024,,,3.0,,,,
lightgbm_tweedie__per_dy__raw__two_stage,arms,3,,,3.0,,,,,,,,,,,,,,,,,,,,,,,,,,,3.0,,True,True,100.0
lightgbm_tweedie__per_dy__raw__two_stage,type,__global__,21277.0,1929.0,3.0,1.1820197999453592,0.0103727259370309,0.0060842300190059,0.0034575753123436,0.0060842300190059,0.0060842300190059,21277.0,1.181987227442914,0.0060820616724782,1.0,,,,,,,,,,,,,,,,,4.0,,,,
lightgbm_tweedie__per_dy__raw__two_stage,type,Annuity,76.0,65.0,3.0,5.010014653884056,5.381581560424568,0.8086086980074793,1.7938605201415223,0.8086086980074793,0.8086086980074789,76.0,5.009968709830701,0.8085879506688316,0.1862464183381088,1.7468508667692366,0.8274385290457148,3.8773081149159263,4.318040626661585,0.8358836678042201,4.118437179686537,1.7986119619690646,4.482971022883314,0.8274381418748757,3.8771981173191823,4.318001058238708,0.8274385290457148,3.8773081149159263,4.318040626661585,,,4.0,,,,
lightgbm_tweedie__per_dy__raw__two_stage,type,Bodily,2385.0,647.0,3.0,1.3213338492937727,0.0021603638777987,0.0154237873878375,0.0007201212925995,0.0154237873878375,0.0154237873878375,2385.0,1.3213176271621838,0.0154222301291342,1.0,1.3213338492937727,0.996037798704116,3.8773081149159263,1.3200606598996896,0.9962689148206276,4.118437179686537,1.7986119619690646,1.3231146145864143,0.9960380852093002,3.8771981173191823,1.320044594102617,0.996037798704116,3.8773081149159263,1.3200606598996896,,,4.0,,,,
lightgbm_tweedie__per_dy__raw__two_stage,type,Material,16165.0,858.0,3.0,0.6754452504507638,0.0007052561560941,0.0012060617714938,0.0002350853853647,0.0012060617714938,0.0012060617714938,16165.0,0.675548953976014,0.0012052778884191,1.0,0.6754452504507638,0.9996890402570284,3.8773081149159263,0.6755461739122637,0.9997072412097834,4.118437179686537,1.7986119619690646,0.6757740673784394,0.9996892334897632,3.8771981173191823,0.6756497824953296,0.9996890402570284,3.8773081149159263,0.6755461739122637,,,4.0,,,,
lightgbm_tweedie__per_dy__raw__two_stage,type,Technical,2602.0,350.0,3.0,0.7010644898440388,0.0512141876636759,0.043700184923475,0.0170713958878919,0.043700184923475,0.043700184923475,2602.0,0.7011201239042336,0.0436838049843945,1.0,0.7010644898440388,0.9888548603875016,3.8773081149159263,0.7043961678398605,0.9895005423667536,4.118437179686537,1.7986119619690646,0.7125881430280923,0.9888586787743076,3.8771981173191823,0.7044500406117117,0.9888548603875016,3.8773081149159263,0.7043961678398605,,,4.0,,,,
lightgbm_tweedie__per_dy__raw__two_stage,arms,4,,,3.0,,,,,,,,,,,,,,,,,,,,,,,,,,,4.0,,True,True,100.0
lightgbm_tweedie__per_dy__raw__two_stage,type,__global__,17162.0,753.0,3.0,1.2229352971764909,1.7015035172304596,0.0937022073288913,0.5671678390768199,0.0937022073288913,0.0937022073288913,17162.0,1.2228686738523658,0.0936427331879859,0.5878220140515222,,,,,,,,,,,,,,,,,5.0,,,,
lightgbm_tweedie__per_dy__raw__two_stage,type,Annuity,61.0,49.0,3.0,1.4672646299522345,17.789905825106107,0.6837318064334637,5.929968608368703,0.6837318064334637,0.6837318064334635,61.0,1.4672633153944654,0.6837273779370601,0.0562571756601607,1.026286988367003,0.0,0.0,1.0,0.0,0.0,0.8498517035023491,0.8498517035023491,0.0,0.0,1.0,0.0,0.0,1.0,,,5.0,,,,
lightgbm_tweedie__per_dy__raw__two_stage,type,Bodily,1977.0,281.0,3.0,1.242305557751008,0.417884832862816,0.0905361490152785,0.1392949442876053,0.0905361490152785,0.0905361490152785,1977.0,1.242280295705398,0.0905169545343378,1.0,1.242305557751008,0.0,0.0,1.0,0.0,0.0,0.8498517035023491,0.8498517035023491,0.0,0.0,1.0,0.0,0.0,1.0,,,5.0,,,,
lightgbm_tweedie__per_dy__raw__two_stage,type,Material,13107.0,257.0,3.0,0.7844975012527707,0.0608529458332323,0.0098332739269661,0.0202843152777441,0.0098332739269661,0.0098332739269661,13107.0,0.7847206200159013,0.0098143595256418,1.0,0.7844975012527707,0.0,0.0,1.0,0.0,0.0,0.8498517035023491,0.8498517035023491,0.0,0.0,1.0,0.0,0.0,1.0,,,5.0,,,,
lightgbm_tweedie__per_dy__raw__two_stage,type,Technical,1975.0,165.0,3.0,1.1204095127295297,0.8232408029944565,0.1920960777317212,0.2744136009981521,0.1920960777317212,0.1920960777317213,1975.0,1.1203514322105428,0.1919128794729252,1.0,1.1204095127295297,0.0,0.0,1.0,0.0,0.0,0.8498517035023491,0.8498517035023491,0.0,0.0,1.0,0.0,0.0,1.0,,,5.0,,,,
lightgbm_tweedie__per_dy__raw__two_stage,arms,5,,,3.0,,,,,,,,,,,,,,,,,,,,,,,,,,,5.0,,True,True,100.0
lightgbm_tweedie__per_dy__raw__two_stage,type,__global__,12899.0,236.0,3.0,1.2992519251367831,0.2479609192558862,0.211085112754632,0.082653639751962,0.211085112754632,0.2110851127546321,12899.0,1.2991370660978103,0.2109213193936372,1.0,,,,,,,,,,,,,,,,,6.0,,,,
lightgbm_tweedie__per_dy__raw__two_stage,type,Annuity,50.0,38.0,3.0,1.839607681127855,2.5024342534555686,0.757533421710678,0.8341447511518562,0.757533421710678,0.757533421710678,50.0,1.839605329648748,0.7575289625826243,0.4,1.335843072451142,0.0,0.0,1.0,0.2982187207755714,0.3219103368174258,0.7812574626136866,1.0968773109115282,0.0,0.0,1.0,0.0,0.0,1.0,,,6.0,,,,
lightgbm_tweedie__per_dy__raw__two_stage,type,Bodily,1559.0,99.0,3.0,0.4167612956371802,0.0035566404813066,0.0111861667733073,0.0011855468271022,0.0111861667733073,0.0111861667733072,1559.0,0.4168472494455609,0.0111837247063549,1.0,0.5,0.0,0.0,1.0,0.966417639774894,0.3219103368174258,0.7812574626136866,0.4290019372172556,0.0,0.0,1.0,0.0,0.0,1.0,,,6.0,,,,
lightgbm_tweedie__per_dy__raw__two_stage,type,Material,9842.0,52.0,3.0,0.5831703273921561,0.0446690710720845,0.0229061060727722,0.0148896903573615,0.0229061060727722,0.0229061060727722,9842.0,0.5849292139031759,0.0227086707735841,1.0,0.5831703273921561,0.0,0.0,1.0,0.933570145667136,0.3219103368174258,0.7812574626136866,0.5963292269301368,0.0,0.0,1.0,0.0,0.0,1.0,,,6.0,,,,
lightgbm_tweedie__per_dy__raw__two_stage,type,Technical,1411.0,47.0,3.0,1.8108549774382257,15.627174845511917,1.173992486985161,5.209058281837305,1.173992486985161,1.1739924869851608,1411.0,1.8104443111625343,1.1728019605077564,0.0640326975476839,1.051921231525336,0.0,0.0,1.0,0.2151946849054869,0.3219103368174258,0.7812574626136866,1.0028213753958255,0.0,0.0,1.0,0.0,0.0,1.0,,,6.0,,,,
lightgbm_tweedie__per_dy__raw__two_stage,arms,6,,,3.0,,,,,,,,,,,,,,,,,,,,,,,,,,,6.0,,True,True,100.0
lightgbm_tweedie__per_dy__raw__two_stage,type,__global__,9190.0,82.0,3.0,1.4800662115568732,0.2976320390446845,0.2007815730752807,0.0992106796815615,0.2007815730752807,0.2007815730752808,9190.0,1.4797729205880938,0.2005339973021333,1.0,,,,,,,,,,,,,,,,,7.0,,,,
lightgbm_tweedie__per_dy__raw__two_stage,type,Annuity,41.0,29.0,3.0,2.098026271962805,3.3083220748527102,0.4987285539766471,1.1027740249509037,0.4987285539766471,0.4987285539766471,41.0,2.0980216441157067,0.4987241004991176,0.3052631578947368,1.335186967230751,0.4753301365342022,0.4518283365644051,1.5219249777702213,0.5572702047258741,0.6277566279566091,0.643539568988068,1.4540816717258616,0.4745454438786292,0.4504047912178686,1.5210611684952302,0.4753301365342022,0.4518283365644051,1.5219249777702213,,,7.0,,,,
lightgbm_tweedie__per_dy__raw__two_stage,type,Bodily,1094.0,25.0,3.0,0.3288008485326687,0.1106361612341216,0.0186018224877247,0.0368787204113738,0.0186018224877247,0.0186018224877247,1094.0,0.329063206893987,0.0185918106717003,0.5,0.6644004242663344,0.9604578445284936,0.4518283365644051,0.3553415097323331,0.9712205781870152,0.6277566279566091,0.643539568988068,0.3378588469295338,0.9603583254190016,0.4504047912178686,0.3556602649107142,0.9604578445284936,0.4518283365644051,0.3553415097323331,,,7.0,,,,
lightgbm_tweedie__per_dy__raw__two_stage,type,Material,7013.0,15.0,3.0,0.3156414313105622,0.0558118545503056,0.0187791323664494,0.0186039515167685,0.0187791323664494,0.0187791323664494,7013.0,0.3194564959945929,0.0185533327419624,0.3,0.7946924293931686,0.9600959746577916,0.4518283365644051,0.342950092978703,0.9709542247793596,0.6277566279566091,0.643539568988068,0.3251654869128096,0.9604371226469004,0.4504047912178686,0.3463807551770075,0.9600959746577916,0.4518283365644051,0.342950092978703,,,7.0,,,,
lightgbm_tweedie__per_dy__raw__two_stage,type,Technical,1017.0,13.0,3.0,0.4232732330325607,0.7278787091976121,0.1137075540379305,0.242626236399204,0.1137075540379305,0.1137075540379305,1017.0,0.4237446545189162,0.1135289865451667,0.26,0.8500510405884658,0.7989383946670051,0.4518283365644051,0.5392308426375421,0.8466445759631206,0.6277566279566091,0.643539568988068,0.4570522703840672,0.7986838330636907,0.4504047912178686,0.5397541718477266,0.7989383946670051,0.4518283365644051,0.5392308426375421,,,7.0,,,,
lightgbm_tweedie__per_dy__raw__two_stage,arms,7,,,3.0,,,,,,,,,,,,,,,,,,,,,,,,,,,7.0,,True,True,100.0
lightgbm_tweedie__per_dy__raw__two_stage,type,__global__,5691.0,20.0,3.0,1.2073968044862005,1.2500032301566628,0.1247934116617998,0.4166677433855543,0.1247934116617998,0.1247934116617997,5691.0,1.2064448062519555,0.123644231418606,0.4,,,,,,,,,,,,,,,,,8.0,,,,
lightgbm_tweedie__per_dy__raw__two_stage,type,Annuity,24.0,13.0,3.0,1.9291336294235648,3.0790767226274074,0.3859922163653422,1.026358907542469,0.3859922163653422,0.3859922163653423,24.0,1.9291004703406385,0.3859624274046947,0.26,1.2415747436501268,0.552881964629296,0.477297084960464,1.5137012264388487,0.0,0.0,1.9291336294235648,1.9291336294235648,0.5528845580786311,0.4772652565825009,1.5136853029549322,0.5528819646292958,0.4772970849604639,1.5137012264388487,,,8.0,,,,
lightgbm_tweedie__per_dy__raw__two_stage,arms,8,,,3.0,,,,,,,,,,,,,,,,,,,,,,,,,,,8.0,,True,True,100.0
lightgbm_tweedie__per_dy__raw__two_stage,type,__global__,2698.0,9.0,2.0,1.3157272435272434,0.026518663695945,0.2694638991935769,0.0132593318479725,0.2694638991935769,0.2694638991935769,2698.0,1.3122396740097226,0.2636388765110717,0.18,,,,,,,,,,,,,,,,,9.0,,,,
lightgbm_tweedie__per_dy__raw__two_stage,arms,9,,,2.0,,,,,,,,,,,,,,,,,,,,,,,,,,,9.0,,False,True,100.0
lightgbm_tweedie__per_dy__raw__two_stage,arms,10,,,,,,,,,,,,,,,,,,,,,,,,,,,,,,10.0,,False,False,
lightgbm_tweedie__single_model__raw__include_zeros,dy,__global__,149083.0,33872.0,3.0,1.2434922555920025,0.0066026835946474,0.0004859520759971,0.0022008945315491,0.0004859520759971,0.0006409050632122,32631.0,1.2434670086327548,0.0004858516687783,1.0,,,,,,,,,,,,,,,0.9,1.219143030032802,,,,,
lightgbm_tweedie__single_model__raw__include_zeros,dy,1,24771.0,9850.0,3.0,1.1061071413971122,0.0090704202136544,0.0004209368475537,0.0030234734045514,0.0004209368475537,0.0004209368475537,24771.0,1.1060996537821537,0.0004208774454194,1.0,1.1061071413971122,0.9990961104510672,0.4652740676481041,1.106011232260936,0.998758638171489,0.3386718545416572,1.2968292065769522,1.1063438964886811,0.999094944156095,0.4646083782119186,1.1060036276704617,0.9990961104510672,0.4652740676481041,1.106011232260936,0.9,1.095496427257401,,,,,
lightgbm_tweedie__single_model__raw__include_zeros,dy,2,28988.0,16192.0,3.0,1.196073927473023,0.0159063477307139,0.0005771936384868,0.0053021159102379,0.0005771936384868,0.0005771936384868,28988.0,1.196065652942568,0.0005771450280471,1.0,1.196073927473023,0.9987609915729482,0.4652740676481041,1.1958309902245587,0.9982986138308034,0.3386718545416572,1.2968292065769522,1.196245351111364,0.9987593228954602,0.4646083782119186,1.1958223987759755,0.9987609915729482,0.4652740676481041,1.1958309902245587,0.9,1.1764665347257206,,,,,
lightgbm_tweedie__single_model__raw__include_zeros,dy,3,25377.0,4799.0,3.0,1.311823628667997,0.0033985365269666,0.0023763762033917,0.0011328455089888,0.0023763762033917,0.0023763762033917,25377.0,1.311788969958093,0.0023758504737596,1.0,1.311823628667997,0.9949184776051526,0.4652740676481041,1.310239089915678,0.9930321403568044,0.3386718545416572,1.2968292065769522,1.3117191496394358,0.994912353934422,0.4646083782119186,1.310202698031795,0.9949184776051526,0.4652740676481041,1.310239089915678,0.9,1.2806412658011972,,,,,
lightgbm_tweedie__single_model__raw__include_zeros,dy,4,21277.0,1929.0,3.0,1.4923739521240325,0.0564485316067018,0.008796543860091,0.0188161772022339,0.008796543860091,0.008796543860091,21277.0,1.492262712358223,0.0087926142484051,1.0,1.4923739521240325,0.981444654769664,0.4652740676481041,1.4832377834599462,0.974683902477024,0.3386718545416572,1.2968292065769522,1.487423522275657,0.9814267093047084,0.4646083782119186,1.483119773903141,0.981444654769664,0.4652740676481041,1.4832377834599462,0.9,1.4431365569116292,,,,,
lightgbm_tweedie__single_model__raw__include_zeros,dy,5,17162.0,753.0,3.0,1.7462518864293906,0.4284928818025303,0.1273870714011348,0.1428309606008434,0.1273870714011348,0.1273870714011349,17162.0,1.7459334807704856,0.1272785660710621,1.0,1.7462518864293906,0.7850591796764469,0.4652740676481041,1.5858518937922583,0.7266717483343053,0.3386718545416572,1.2968292065769522,1.6234119710864123,0.7849613557108461,0.4646083782119186,1.585528956335711,0.7850591796764467,0.4652740676481041,1.5858518937922583,0.9,1.6716266977864516,,,,,
lightgbm_tweedie__single_model__raw__include_zeros,dy,6,12899.0,236.0,3.0,2.4896560780521777,0.786906754101215,0.6962779429627247,0.2623022513670717,0.6962779429627247,0.6962779429627246,12899.0,2.488560842513675,0.695266195779371,1.0,2.4896560780521777,0.4005624056415942,0.4652740676481041,1.5967002222032027,0.3272350556116934,0.3386718545416572,1.2968292065769522,1.68716397419927,0.400567775714866,0.4646083782119186,1.5962695057019496,0.4005624056415942,0.4652740676481041,1.5967002222032027,0.9,2.34069047024696,,,,,
lightgbm_tweedie__single_model__raw__include_zeros,dy,7,9190.0,82.0,2.0,2.112083907689925,1.7068546181329558,0.3779191187819189,0.8534273090664779,0.3779191187819189,0.3779191187819189,9190.0,2.111114621903139,0.3772564538538553,0.5899280575539568,1.6560494995005317,0.5518000799057896,0.4652740676481041,1.613647989125243,0.4726152954046913,0.3386718545416572,1.2968292065769522,1.6821310479735232,0.5518800174510903,0.4646083782119186,1.6132019569260658,0.5518000799057896,0.4652740676481041,1.613647989125243,0.9,2.0008755169209325,,,,,
lightgbm_tweedie__single_model__raw__include_zeros,dy,8,5691.0,20.0,2.0,0.266129630477755,0.0325303075641555,0.0046855156187746,0.0162651537820777,0.0046855156187746,0.0046855156187746,5691.0,0.2668747973509581,0.0046774933325706,0.4,0.706451852191102,0.9900299604782954,0.4652740676481041,0.2734463470656997,0.9863538225010712,0.3386718545416572,1.2968292065769522,0.2801947398412752,0.9900327420529914,0.4646083782119186,0.274182045353214,0.9900299604782954,0.4652740676481041,0.2734463470656997,0.9,0.3395166674299794,,,,,
lightgbm_tweedie__single_model__raw__include_zeros,type,__global__,149083.0,33872.0,3.0,1.2434922555920025,0.0066026835946474,0.0004859520759971,0.0022008945315491,0.0004859520759971,0.0006409050632122,32631.0,1.2434670086327548,0.0004858516687783,1.0,,,,,,,,,,,,,,,,,,,,,
lightgbm_tweedie__single_model__raw__include_zeros,type,Annuity,506.0,336.0,3.0,1.935377307380139,0.3332572614467297,0.0572782812091465,0.1110857538155765,0.0572782812091465,0.071201776008191,107.0,1.9353725021500532,0.0572776912560366,1.0,1.935377307380139,0.7526540128969157,0.1742932186158138,1.7040154839723731,0.4710063624138587,0.0509995450999068,1.3210787719652124,1.610417290567158,0.7526499326796452,0.1742876035366816,1.7040080507736288,0.7100756139890557,0.1743856234784574,1.664188615849382,,,,,,,
lightgbm_tweedie__single_model__raw__include_zeros,type,Bodily,15739.0,4738.0,3.0,1.466359654539311,0.0164926274634812,0.0031443126761494,0.005497542487827,0.0031443126761494,0.0039481017174279,3444.0,1.4663349430736174,0.0031439797066904,1.0,1.466359654539311,0.982279325837916,0.1742932186158138,1.4580954470588776,0.9419266966688143,0.0509995450999068,1.3210787719652124,1.457922713777363,0.9822806083944028,0.1742876035366816,1.458071771597922,0.9778611605118928,0.1743856234784574,1.456034993003736,,,,,,,
lightgbm_tweedie__single_model__raw__include_zeros,type,Lost,175.0,28.0,3.0,1.4168904215530769,0.6514485767123585,0.1776079501051517,0.2171495255707861,0.1776079501051517,0.1705472192753775,22.0,1.4168165330842906,0.1775440315185635,0.56,1.233458636069723,0.495290252229929,0.1742932186158138,1.2064817620432648,0.2230878084472286,0.0509995450999068,1.3210787719652124,1.3424531828954829,0.495372178540212,0.1742876035366816,1.2064793140455434,0.5055639877206753,0.1743856234784574,1.210764783962927,,,,,,,
lightgbm_tweedie__single_model__raw__include_zeros,type,Material,113825.0,25034.0,3.0,1.1160353469772486,0.0026967768452749,0.000125548591175,0.0008989256150916,0.000125548591175,0.0001210591256747,24549.0,1.1160211573977357,0.000125517890194,1.0,1.1160353469772486,0.999280188748118,0.1742932186158138,1.1159518234288783,0.99754428633552,0.0509995450999068,1.3210787719652124,1.1165388749178031,0.999280341472206,0.1742876035366816,1.11593766178241,0.9993062779953858,0.1743856234784574,1.1159548507037371,,,,,,,
lightgbm_tweedie__single_model__raw__include_zeros,type,Remaining,190.0,41.0,3.0,1.2415704181882556,0.2163051648805927,0.0589763180202093,0.0721017216268642,0.0589763180202093,0.0452322722564297,47.0,1.241549889983712,0.0589663604284258,0.82,1.1980877429143697,0.7471752254035994,0.1742932186158138,1.1804954316606515,0.4637339835578727,0.0509995450999068,1.3210787719652124,1.2842080463420955,0.7472010360465015,0.1742876035366816,1.180486328052748,0.7940410452205038,0.1743856234784574,1.191816827352557,,,,,,,
lightgbm_tweedie__single_model__raw__include_zeros,type,Technical,18648.0,3695.0,3.0,1.096725724834575,0.012964240885371,0.0045042703662847,0.004321413628457,0.0045042703662847,0.0100318234091542,4462.0,1.0967090643616846,0.0045027185870983,1.0,1.096725724834575,0.9748079774949432,0.1742932186158138,1.0942890081977243,0.9188475543806832,0.0509995450999068,1.3210787719652124,1.114932523291372,0.9748156469902156,0.1742876035366816,1.094273509145554,0.9456026337070598,0.1743856234784574,1.0914641001507983,,,,,,,
lightgbm_tweedie__single_model__raw__include_zeros,arms,all,,,3.0,,,,,,,,,,,,,,,,,,,,,,,,,,,,,True,True,100.0
lightgbm_tweedie__single_model__raw__two_stage,dy,__global__,149083.0,33872.0,3.0,1.187657550252976,0.0059731694273636,0.0004482050449251,0.0019910564757878,0.0004482050449251,0.0006021483340591,32631.0,1.1876389662126172,0.0004481164698782,1.0,,,,,,,,,,,,,,,0.8500000000000001,1.1595089177150295,,,,,
lightgbm_tweedie__single_model__raw__two_stage,dy,1,24771.0,9850.0,3.0,1.0502255745134494,0.0058775572405722,0.0003778144049115,0.0019591857468574,0.0003778144049115,0.0003778144049115,24771.0,1.050222209314507,0.0003777637652841,1.0,1.0502255745134494,0.9995134706620292,0.7761722832468719,1.0502011382979322,0.9993420828830222,0.5738805460510052,1.3751225990461842,1.0504393298271446,0.9995126810391456,0.7748101431894241,1.050197735079652,0.9995134706620292,0.7761722832468719,1.0502011382979322,0.8500000000000001,1.042691738336432,,,,,
lightgbm_tweedie__single_model__raw__two_stage,dy,2,28988.0,16192.0,3.0,1.1244406214711615,0.0086981028872189,0.0005131468480409,0.0028993676290729,0.0005131468480409,0.0005131468480409,28988.0,1.124435684446659,0.0005131061546147,1.0,1.1244406214711615,0.999339311865322,0.7761722832468719,1.1243584050290836,0.9991066286862396,0.5738805460510052,1.3751225990461842,1.1246645735588037,0.9993382035750265,0.7748101431894241,1.124353333355553,0.999339311865322,0.7761722832468719,1.1243584050290836,0.8500000000000001,1.1057745282504874,,,,,
lightgbm_tweedie__single_model__raw__two_stage,dy,3,25377.0,4799.0,3.0,1.2151311108098148,0.0029328660479596,0.0020284528690092,0.0009776220159865,0.0020284528690092,0.0020284528690092,25377.0,1.2151089616202244,0.0020280367010787,1.0,1.2151311108098148,0.9973934066432094,0.7761722832468719,1.214570351485539,0.996477823974251,0.5738805460510052,1.3751225990461842,1.215694628994005,0.9973893704588972,0.7748101431894241,1.2145473918104628,0.9973934066432094,0.7761722832468719,1.214570351485539,0.8500000000000001,1.1828614441883427,,,,,
lightgbm_tweedie__single_model__raw__two_stage,dy,4,21277.0,1929.0,3.0,1.53991048507364,0.0865245078933891,0.0095388503150169,0.0288415026311297,0.0095388503150169,0.0095388503150169,21277.0,1.5397846210972057,0.0095344389638519,1.0,1.53991048507364,0.9878595963483752,0.7761722832468719,1.5333557538491016,0.983650097383748,0.5738805460510052,1.3751225990461842,1.5372162191847532,0.9878440685627268,0.7748101431894241,1.5332230362522532,0.9878595963483752,0.7761722832468719,1.5333557538491016,0.8500000000000001,1.458923912312594,,,,,
lightgbm_tweedie__single_model__raw__two_stage,dy,5,17162.0,753.0,3.0,1.968863551687354,0.7460105696539909,0.1610064467498268,0.2486701898846636,0.1610064467498268,0.1610064467498268,17162.0,1.9683974903647488,0.1608522568216375,1.0,1.968863551687354,0.8282009166486376,0.7761722832468719,1.8024136816149217,0.7809099244821407,0.5738805460510052,1.3751225990461842,1.8387808015351543,0.8280872921475354,0.7748101431894241,1.8019176555186136,0.8282009166486375,0.7761722832468719,1.8024136816149212,0.8500000000000001,1.823534018934251,,,,,
lightgbm_tweedie__single_model__raw__two_stage,dy,6,12899.0,236.0,3.0,2.8219149612225327,1.0731534970434329,0.9229505506548392,0.3577178323478109,0.9229505506548392,0.922950550654839,12899.0,2.8203968221071576,0.9214251225169232,0.932806324110672,2.699493797820228,0.4568076349515829,0.7761722832468719,1.83226466451897,0.3833969960364763,0.5738805460510052,1.3751225990461842,1.929818444593114,0.4567822393828,0.7748101431894241,1.83152493696744,0.456807634951583,0.7761722832468719,1.8322646645189704,0.8500000000000001,2.548627717039153,,,,,
lightgbm_tweedie__single_model__raw__two_stage,dy,7,9190.0,82.0,2.0,2.6933406037753436,2.2602131104618044,0.6561271516698994,1.1301065552309022,0.6561271516698994,0.6561271516698994,9190.0,2.6914589723374984,0.6546527834584336,0.4432432432432432,1.750561781132855,0.5419064368282558,0.7761722832468719,1.9176321729285035,0.4665666297165091,0.5738805460510052,1.3751225990461842,1.9901591307442896,0.5420288478599316,0.7748101431894241,1.916819557978438,0.5419064368282558,0.7761722832468719,1.9176321729285035,0.8500000000000001,2.439339513209042,,,,,
lightgbm_tweedie__single_model__raw__two_stage,dy,8,5691.0,20.0,2.0,0.3019365505742182,2.6008002914753886e-05,0.0066378113847369,1.3004001457376943e-05,0.0066378113847369,0.0066378113847369,5691.0,0.3027406175318305,0.0066235493408078,0.4,0.7207746202296872,0.9915205342518472,0.7761722832468719,0.3078557556836614,0.9885657166569936,0.5738805460510052,1.3751225990461842,0.314207663932208,0.9915238498107738,0.7748101431894241,0.3086506927784779,0.9915205342518472,0.7761722832468719,0.3078557556836614,0.8500000000000001,0.4066460679880854,,,,,
lightgbm_tweedie__single_model__raw__two_stage,type,__global__,149083.0,33872.0,3.0,1.187657550252976,0.0059731694273636,0.0004482050449251,0.0019910564757878,0.0004482050449251,0.0006021483340591,32631.0,1.1876389662126172,0.0004481164698782,1.0,,,,,,,,,,,,,,,,,,,,,
lightgbm_tweedie__single_model__raw__two_stage,type,Annuity,506.0,336.0,3.0,2.091065763850955,0.317302419042946,0.0675230265625889,0.1057674730143153,0.0675230265625889,0.0835010211622472,107.0,2.0910597079306124,0.0675222748041428,1.0,2.091065763850955,0.7485345275266884,0.2009950562519624,1.81670039604472,0.5792687015142073,0.0929666417972492,1.3192080558019803,1.766321068097242,0.7485341974177843,0.2009924660106314,1.816695502810723,0.7065952421280353,0.2010922545837623,1.7709418775858752,,,,,,,
lightgbm_tweedie__single_model__raw__two_stage,type,Bodily,15739.0,4738.0,3.0,1.3490842299307515,0.0235489789943887,0.0026845697022485,0.0078496596647962,0.0026845697022485,0.0033830374287221,3444.0,1.3490672119445888,0.0026843074121691,1.0,1.3490842299307515,0.9868196453637827,0.2009950562519624,1.3444831759823537,0.9719337616307908,0.0929666417972492,1.3192080558019803,1.3482457181060936,0.9868207485465368,0.2009924660106314,1.3444667673842117,0.9834550307011396,0.2010922545837623,1.343308642063831,,,,,,,
lightgbm_tweedie__single_model__raw__two_stage,type,Lost,175.0,28.0,3.0,1.336676301408494,0.4751955857033412,0.1596523895590493,0.1583985285677804,0.1596523895590493,0.1494239887691278,22.0,1.3366200074694077,0.1595981601580699,0.56,1.1885387287887563,0.5573172875243066,0.2009950562519624,1.1876355230746978,0.3680112353298013,0.0929666417972492,1.3192080558019803,1.3256365664466778,0.5573979228084471,0.2009924660106314,1.1876312929392117,0.5737030976373558,0.2010922545837623,1.193152237019141,,,,,,,
lightgbm_tweedie__single_model__raw__two_stage,type,Material,113825.0,25034.0,3.0,1.0518001218120383,0.0015354976796896,0.0001115405235421,0.0005118325598965,0.0001115405235421,0.0001073562919586,24549.0,1.0517941518945937,0.0001115148072237,1.0,1.0518001218120383,0.9994453661623708,0.2009950562519624,1.0517713917116882,0.9988016469514014,0.0929666417972492,1.3192080558019803,1.0521205709249548,0.9994454868234324,0.2009924660106314,1.051765431354899,0.9994664189881312,0.2010922545837623,1.0517724822506271,,,,,,,
lightgbm_tweedie__single_model__raw__two_stage,type,Remaining,190.0,41.0,3.0,1.1822108144724388,0.2335723250533451,0.0538499061317654,0.0778574416844483,0.0538499061317654,0.0402865806665849,47.0,1.1821960707651389,0.0538412235450065,0.82,1.1494128678673998,0.7886954263169543,0.2009950562519624,1.1437088359998997,0.633216371782548,0.0929666417972492,1.3192080558019803,1.23245915970307,0.7887201506249378,0.2009924660106314,1.1437017123771522,0.8330981230197687,0.2010922545837623,1.151799487530892,,,,,,,
lightgbm_tweedie__single_model__raw__two_stage,type,Technical,18648.0,3695.0,3.0,1.1831601134059748,0.0322047314728613,0.0052751232464886,0.0107349104909537,0.0052751232464886,0.0118113814162428,4462.0,1.1831260791837988,0.0052731606126714,1.0,1.1831601134059748,0.9744261470110938,0.2009950562519624,1.178476003592299,0.9463046776069204,0.0929666417972492,1.3192080558019803,1.1904652515338434,0.9744350976020754,0.2009924660106314,1.1784444788429502,0.944522406295388,0.2010922545837623,1.1729988310515476,,,,,,,
lightgbm_tweedie__single_model__raw__two_stage,arms,all,,,3.0,,,,,,,,,,,,,,,,,,,,,,,,,,,,,True,True,100.0
random_forest__multi_step__log1p__two_stage,dy,1,116452.0,18949.0,3.0,2.225145092352053,0.0121227030570434,0.0032701960096962,0.0040409010190144,0.0032701960096962,0.0044597876206292,28974.0,2.2248740566372036,0.0032687480730183,1.0,2.225145092352053,0.9993318923350462,4.89144390657758,2.224326563525172,0.9950360411804766,0.655517704654288,2.818111984262865,2.228088555584839,0.9993290417504714,4.868492013963612,2.224052217284269,0.9990979777218232,4.939750270741612,2.2240399841847527,0.95,2.1638878377344506,,,,,
random_forest__multi_step__log1p__two_stage,dy,2,87478.0,5183.0,3.0,2.791714100122385,0.1386414837767335,0.0277134551178951,0.0462138279255778,0.0277134551178951,0.0334921773259019,24485.0,2.7906498469349583,0.0276802882439991,1.0,2.791714100122385,0.9943662190330208,4.89144390657758,2.7816199753268473,0.9594376592438556,0.655517704654288,2.818111984262865,2.792784860094132,0.9943465453142818,4.868492013963612,2.7805264891673236,0.9932655249214892,4.939750270741612,2.779647846167294,0.95,2.702128395116266,,,,,
random_forest__multi_step__log1p__two_stage,dy,3,62993.0,2020.0,3.0,3.1891552875729476,0.5772962886803273,0.1167723157617641,0.1924320962267758,0.1167723157617641,0.1215520771454893,20226.0,3.186716133295328,0.1165073183141191,1.0,3.1891552875729476,0.9766838509805352,4.89144390657758,3.138112616661148,0.8487973265550475,0.655517704654288,2.818111984262865,3.133052548148617,0.9766284184714452,4.868492013963612,3.1356091189062107,0.97598403162059,4.939750270741612,3.136580603408978,0.95,3.0796975231943,,,,,
random_forest__multi_step__log1p__two_stage,dy,4,42767.0,608.0,3.0,4.4505888775802935,6.048095739813061,0.8567901872496669,2.01603191327102,0.8567901872496669,0.8295797777352725,16048.0,4.442395446842376,0.852706809810278,0.165352189284743,1.5705624252294856,0.8509472347047013,4.89144390657758,3.93626906347975,0.4334551900202074,0.655517704654288,2.818111984262865,3.525717566259369,0.8509566200938626,4.868492013963612,3.92932919447149,0.8562086462787333,4.939750270741612,3.954424031737477,0.95,4.278059433701279,,,,,
random_forest__multi_step__log1p__two_stage,dy,5,26719.0,188.0,3.0,4.041193017773086,8.68855846125944,1.2290591002710105,2.896186153753147,1.2290591002710105,1.0988744520039886,11781.0,4.033015318283051,1.2223810342569756,0.1151255358236374,1.3501189757142316,0.7991898543476338,4.89144390657758,3.4304906049171136,0.3478328412729624,0.655517704654288,2.818111984262865,3.2435397352557964,0.7993093888873473,4.868492013963612,3.4243176205427885,0.8180257090882177,4.939750270741612,3.487774074837965,0.95,3.889133366884432,,,,,
random_forest__multi_step__log1p__two_stage,dy,6,14938.0,59.0,3.0,3.746686850505444,9.352979957390616,1.7153726928311928,3.117659985796872,1.7153726928311928,1.511517396365369,7929.0,3.734598600854287,1.6998375847419618,0.1070780399274047,1.2941098442464996,0.740363204120923,4.89144390657758,3.033545877357017,0.2764858743995577,0.655517704654288,2.818111984262865,3.074849818101397,0.7412070208722549,4.868492013963612,3.0269036822206425,0.7657022659171114,4.939750270741612,3.103144345196753,0.95,3.609352507980171,,,,,
random_forest__multi_step__log1p__two_stage,dy,7,7009.0,18.0,3.0,1.416625730883971,8.32154907609726,0.1878197215227168,2.7738496920324196,0.1878197215227168,0.1991774514190688,4427.0,1.4118538157077154,0.1835663020674885,0.1208053691275167,1.0503306252074596,0.9630222537606375,4.89144390657758,1.4012198503305546,0.7772899486103253,0.655517704654288,2.818111984262865,1.7287508063959072,0.9636650468809912,4.868492013963612,1.3968891266220906,0.9612414374772869,4.939750270741612,1.4004779164449337,0.95,1.3957944443397725,,,,,
random_forest__multi_step__log1p__two_stage,type,__global__,116452.0,18949.0,3.0,2.225145092352053,0.0121227030570434,0.0032701960096962,0.0040409010190144,0.0032701960096962,0.0044597876206292,28974.0,2.2248740566372036,0.0032687480730183,1.0,,,,,,,,,,,,,,,,,1.0,,,,
random_forest__multi_step__log1p__two_stage,type,Annuity,399.0,301.0,3.0,2.9702742743932293,0.5369621555270327,0.1599121893859112,0.1789873851756775,0.1599121893859112,0.2110773698541317,98.0,2.970260970895866,0.1599099899390036,1.0,2.9702742743932293,0.965203217914274,4.435690616412313,2.9017150698180565,0.8831421387702687,1.2085211167101098,2.8839404570105156,2.9601854891420873,0.9651675612086996,4.430925320132437,2.901631976224248,0.9543723333030462,4.41500555601732,2.880375256499633,,,1.0,,,,
random_forest__multi_step__log1p__two_stage,type,Bodily,12295.0,3422.0,3.0,3.2951168278442133,0.0611288391544573,0.0229560362629039,0.0203762797181524,0.0229560362629039,0.029636409932489,3064.0,3.2948398574818674,0.0229504270581882,1.0,3.2951168278442133,0.994851344353756,4.435690616412313,3.283300061629743,0.981358942626354,1.2085211167101098,2.8839404570105156,3.287452065524815,0.9948470886120554,4.430925320132437,3.28301475104674,0.993332104102078,4.41500555601732,3.279813227762579,,,1.0,,,,
random_forest__multi_step__log1p__two_stage,type,Lost,153.0,18.0,3.0,2.1281202540516753,1.931294162957427,0.6438973143914865,0.643764720985809,0.6438973143914865,0.5776576465918937,22.0,2.1277707215620354,0.6434761900973635,0.36,1.406123291458603,0.8732382777573859,4.435690616412313,1.9851177877513095,0.652401798869722,1.2085211167101098,2.8839404570105156,2.39084199697809,0.8731917076722959,4.430925320132437,1.984760042223571,0.8842986952754986,4.41500555601732,1.9975952687717604,,,1.0,,,,
random_forest__multi_step__log1p__two_stage,type,Material,89276.0,12789.0,3.0,1.653406424197968,0.013292043486868,0.0005294253658852,0.0044306811622893,0.0005294253658852,0.0005190788081718,21907.0,1.6532384629434822,0.0005291520526999,1.0,1.653406424197968,0.9998806584522636,4.435690616412313,1.6533284456640032,0.9995621147772896,1.2085211167101098,2.8839404570105156,1.653945256866979,0.9998805917885378,4.430925320132437,1.653160460906964,0.9998824423254083,4.41500555601732,1.653329611258176,,,1.0,,,,
random_forest__multi_step__log1p__two_stage,type,Remaining,143.0,28.0,3.0,2.1613809707713116,0.8186421890949953,0.2697580479691518,0.2728807296983317,0.2697580479691518,0.1842946469017675,40.0,2.161201471965101,0.2696744118770182,0.56,1.6503733436319346,0.9426711314457382,4.435690616412313,2.094800313756542,0.8175188730149757,1.2085211167101098,2.8839404570105156,2.2932344401339617,0.942629786143962,4.430925320132437,2.0945830951885167,0.9599298504618596,4.41500555601732,2.114844261601754,,,1.0,,,,
random_forest__multi_step__log1p__two_stage,type,Technical,14186.0,2391.0,3.0,4.958777886828669,0.2694869398034261,0.1586686372383919,0.0898289799344753,0.1586686372383919,0.3766468608952377,3843.0,4.955413584253722,0.1583989439781314,1.0,4.958777886828669,0.9654644688239578,4.435690616412313,4.822059389699071,0.8839454166620616,1.2085211167101098,2.8839404570105156,4.717983493417164,0.9654853449304416,4.430925320132437,4.818893848735759,0.9213952039664168,4.41500555601732,4.6475989584922415,,,1.0,,,,
random_forest__multi_step__log1p__two_stage,arms,1,,,3.0,,,,,,,,,,,,,,,,,,,,,,,,,,,1.0,2.492946474873096,True,True,100.0
random_forest__multi_step__log1p__two_stage,type,__global__,87478.0,5183.0,3.0,2.791714100122385,0.1386414837767335,0.0277134551178951,0.0462138279255778,0.0277134551178951,0.0334921773259019,24485.0,2.7906498469349583,0.0276802882439991,1.0,,,,,,,,,,,,,,,,,2.0,,,,
random_forest__multi_step__log1p__two_stage,type,Annuity,301.0,229.0,3.0,3.187621823620348,1.351093801861572,0.2775116021356383,0.450364600620524,0.2775116021356383,0.3105397243525194,82.0,3.1876055612509067,0.2775073791844453,0.7411003236245954,2.6212472414532675,0.9732485779351164,10.096202418096809,3.1290998288983296,0.9257383736156644,3.4594332460608896,3.570309571978962,3.216040838210818,0.9731663368532056,10.064255415791845,3.1289040905222456,0.9685414326890625,9.56084829160934,3.118802375231111,,,2.0,,,,
random_forest__multi_step__log1p__two_stage,type,Bodily,9231.0,1552.0,3.0,3.78059854751967,0.647111740825374,0.0708043596931144,0.215703913608458,0.0708043596931144,0.0912124824911263,2591.0,3.779915009030387,0.0707692966886321,1.0,3.78059854751967,0.9930358697263988,10.096202418096809,3.761234096996157,0.979943457749782,3.4594332460608896,3.570309571978962,3.7763808777969823,0.9930173533172064,10.064255415791845,3.7605038447141337,0.9905499473505308,9.56084829160934,3.7543217448485713,,,2.0,,,,
random_forest__multi_step__log1p__two_stage,type,Material,67369.0,2459.0,3.0,1.697943374276328,0.0489376744643486,0.0046468689213893,0.0163125581547828,0.0046468689213893,0.0042335432208581,18645.0,1.6972113066413146,0.0046370795243717,1.0,1.697943374276328,0.9995399526525596,10.096202418096809,1.6976222872783286,0.9986585561629214,3.4594332460608896,3.570309571978962,1.7004550483729906,0.9995394647895456,10.064255415791845,1.6968902162854795,0.9995573960271368,9.56084829160934,1.69763446176604,,,2.0,,,,
random_forest__multi_step__log1p__two_stage,type,Technical,10343.0,934.0,3.0,6.396099511911758,21.64702124073607,1.384659918661678,7.215673746912024,1.384659918661678,3.4730535052971936,3112.0,6.3841231958023315,1.3784963241686898,0.0461964586012464,1.2492806877102376,0.8793940839941625,10.096202418096809,5.745297987418987,0.7141549777065486,3.4594332460608896,3.570309571978962,5.588361523535057,0.879531046771321,10.064255415791845,5.7355035103497745,0.7335369285871489,9.56084829160934,4.958238262318364,,,2.0,,,,
random_forest__multi_step__log1p__two_stage,arms,2,,,3.0,,,,,,,,,,,,,,,,,,,,,,,,,,,2.0,3.855985448236248,True,True,100.0
random_forest__multi_step__log1p__two_stage,type,__global__,62993.0,2020.0,3.0,3.1891552875729476,0.5772962886803273,0.1167723157617641,0.1924320962267758,0.1167723157617641,0.1215520771454893,20226.0,3.186716133295328,0.1165073183141191,1.0,,,,,,,,,,,,,,,,,3.0,,,,
random_forest__multi_step__log1p__two_stage,type,Annuity,219.0,161.0,3.0,3.621010295239447,5.244969909997014,0.5842630971910447,1.748323303332338,0.5842630971910447,0.5532156744615817,68.0,3.620985383588172,0.5842515563993381,0.1907582938388625,1.4999794520539704,0.9519053357898292,11.563926453272384,3.4949536851985052,0.8641151744268714,3.715430372824956,3.654644690690687,3.6255806991985966,0.951679550678792,11.506934775821057,3.494338192188873,0.948995207171973,10.293131184094651,3.4873262081306335,,,3.0,,,,
random_forest__multi_step__log1p__two_stage,type,Bodily,6640.0,622.0,3.0,4.177288902009627,0.9750130840251622,0.304964812635861,0.3250043613417207,0.304964812635861,0.3678317037638125,2147.0,4.175632927584994,0.3046449186846092,1.0,4.177288902009627,0.974305534880766,11.563926453272384,4.095650163143212,0.9241455631678392,3.715430372824956,3.654644690690687,4.13764401969644,0.97420794452868,11.506934775821057,4.093726826960172,0.9654973281838616,10.293131184094651,4.06766394575853,,,3.0,,,,
random_forest__multi_step__log1p__two_stage,type,Material,48724.0,804.0,3.0,1.5596155312154518,0.2050418432250101,0.0105033760285711,0.0683472810750033,0.0105033760285711,0.0100991871267412,15549.0,1.5581553985655845,0.0104480595102,1.0,1.5596155312154518,0.9990925362040745,11.563926453272384,1.559107700381236,0.9971810083762752,3.715430372824956,3.654644690690687,1.5655214008674716,0.9990928442980858,11.506934775821057,1.5576490647132215,0.9990198038127004,10.293131184094651,1.5590669982054008,,,3.0,,,,
random_forest__multi_step__log1p__two_stage,type,Technical,7231.0,427.0,3.0,6.764353871686209,17.345871853433007,3.3503677364410405,5.781957284477669,3.3503677364410405,8.402133533655311,2418.0,6.7434655319551915,3.3260589995717424,0.0576559546313799,1.3323493253051597,0.7753586127627929,11.563926453272384,5.469441421424453,0.5258330786373006,3.715430372824956,3.654644690690687,5.289832643000241,0.7757661703405074,11.506934775821057,5.455586260207585,0.550574241097639,10.293131184094651,4.173704758321872,,,3.0,,,,
random_forest__multi_step__log1p__two_stage,arms,3,,,3.0,,,,,,,,,,,,,,,,,,,,,,,,,,,3.0,4.039113832684119,True,True,100.0
random_forest__multi_step__log1p__two_stage,type,__global__,42767.0,608.0,3.0,4.4505888775802935,6.048095739813061,0.8567901872496669,2.01603191327102,0.8567901872496669,0.8295797777352725,16048.0,4.442395446842376,0.852706809810278,0.165352189284743,,,,,,,,,,,,,,,,,4.0,,,,
random_forest__multi_step__log1p__two_stage,type,Annuity,151.0,107.0,3.0,5.0544706263472525,15.135584217710864,1.9893287096459369,5.045194739236955,1.9893287096459369,1.87222671086147,56.0,5.054417365898256,1.9892756478252052,0.0660901791229153,1.2679606899438889,0.893750483390404,16.733850210363066,4.62368508219005,0.7385664414493361,5.619980212568882,3.869709992312019,4.74473443776068,0.8926606042072114,16.543301633170188,4.619218655550947,0.8668508423990604,12.188896503096132,4.5146212779313615,,,4.0,,,,
random_forest__multi_step__log1p__two_stage,type,Bodily,4493.0,201.0,3.0,3.787065793132976,3.2537236700197276,1.0984106788192347,1.0845745566732423,1.0984106788192347,1.3797444087215984,1686.0,3.783074831507365,1.0952589825708945,0.3078101071975497,1.8578870205508855,0.9384031735714696,16.733850210363066,3.61539138522847,0.8365068813981605,5.619980212568882,3.869709992312019,3.8005775509911097,0.9379054217386956,16.543301633170188,3.6102609735752647,0.8983137354958006,12.188896503096132,3.5036594837018504,,,4.0,,,,
random_forest__multi_step__log1p__two_stage,type,Material,33175.0,167.0,3.0,1.659389115284296,0.2576771372896238,0.067963859709705,0.0858923790965412,0.067963859709705,0.0675288881803947,12450.0,1.651504353237609,0.0663421439872139,1.0,1.659389115284296,0.995954968944052,16.733850210363066,1.6567218658350171,0.9880512433234108,5.619980212568882,3.869709992312019,1.6857997016210855,0.996005805730858,16.543301633170188,1.648902118283586,0.994490327642474,12.188896503096132,1.6557560973029608,,,4.0,,,,
random_forest__multi_step__log1p__two_stage,type,Technical,4813.0,132.0,3.0,8.721093815921954,80.37911558828665,14.165447425161132,26.793038529428884,14.165447425161132,32.18146549464028,1814.0,8.658323090933711,13.93409287501907,0.0124410933081998,1.0960588486052496,0.541560860306564,16.733850210363066,5.1814422094583845,0.2840464363707664,5.619980212568882,3.869709992312019,5.247728278875204,0.5428056400531552,16.543301633170188,5.156980967108131,0.2747080698534296,12.188896503096132,3.1210467793291716,,,4.0,,,,
random_forest__multi_step__log1p__two_stage,arms,4,,,3.0,,,,,,,,,,,,,,,,,,,,,,,,,,,4.0,4.871220427508185,True,True,100.0
random_forest__multi_step__log1p__two_stage,type,__global__,26719.0,188.0,3.0,4.041193017773086,8.68855846125944,1.2290591002710105,2.896186153753147,1.2290591002710105,1.0988744520039886,11781.0,4.033015318283051,1.2223810342569756,0.1151255358236374,,,,,,,,,,,,,,,,,5.0,,,,
random_forest__multi_step__log1p__two_stage,type,Annuity,95.0,65.0,3.0,3.922063323516908,12.645240367853347,1.5430813184767913,4.215080122617782,1.5430813184767913,1.381565210468668,39.0,3.9220317653640775,1.543047693674236,0.0791717417783191,1.2313448429093776,0.9784889984484106,70.19143623878614,3.859206814830894,0.972738397493372,55.05965574005201,4.904405843809204,3.948843554830476,0.9773304033611024,66.52378729476133,3.855790483877228,0.9730852798621104,49.949646980875826,3.843416806939259,,,5.0,,,,
random_forest__multi_step__log1p__two_stage,type,Bodily,2807.0,58.0,3.0,3.338209321409208,9.375669431120256,1.1748735049432677,3.125223143706752,1.1748735049432677,1.179290694662498,1281.0,3.3303387001384035,1.1669389473772296,0.1068139963167587,1.2497534818448142,0.9835374211002064,70.19143623878614,3.299716365971276,0.9791076137612048,55.05965574005201,4.904405843809204,3.370930904081047,0.9827607264368396,66.52378729476133,3.290165353791898,0.9769349658280362,49.949646980875826,3.284278443509701,,,5.0,,,,
random_forest__multi_step__log1p__two_stage,type,Material,20725.0,39.0,3.0,2.750546112753416,0.4583282057427508,0.421090714458991,0.1527760685809169,0.421090714458991,0.4474418991796426,9150.0,2.5635603395792215,0.3346289845397868,0.78,2.3654259679476644,0.9940366004074914,70.19143623878614,2.740106906777955,0.9924101469181882,55.05965574005201,4.904405843809204,2.76689359167096,0.9949949609463994,66.52378729476133,2.5557346590169665,0.9911216717250364,49.949646980875826,2.73500418970393,,,5.0,,,,
random_forest__multi_step__log1p__two_stage,type,Technical,2999.0,26.0,3.0,21.1178559537244,553.0485005446333,137.89342627202427,184.3495001815444,137.89342627202427,218.99133103723375,1278.0,20.57801851214358,130.57251308786462,0.0018081925029556,1.0363769563110672,0.3373212034351588,70.19143623878614,7.78617938084549,0.285352559108675,55.05965574005201,4.904405843809204,9.530955324654332,0.3375192084560579,66.52378729476133,7.60795731135675,0.1857271708795242,49.949646980875826,4.736432470447026,,,5.0,,,,
random_forest__multi_step__log1p__two_stage,arms,5,,,3.0,,,,,,,,,,,,,,,,,,,,,,,,,,,5.0,7.503726393067705,True,True,100.0
random_forest__multi_step__log1p__two_stage,type,__global__,14938.0,59.0,3.0,3.746686850505444,9.352979957390616,1.7153726928311928,3.117659985796872,1.7153726928311928,1.511517396365369,7929.0,3.734598600854287,1.6998375847419618,0.1070780399274047,,,,,,,,,,,,,,,,,6.0,,,,
random_forest__multi_step__log1p__two_stage,type,Annuity,56.0,35.0,3.0,4.655575482055814,24.16303382748319,3.1742926720712807,8.054344609161063,3.1742926720712807,2.8434179585130064,28.0,4.655494323376529,3.1741415322321673,0.0414201183431952,1.151414369079235,0.6136510814577861,5.0418366341751035,3.243247847914118,0.6605454859759623,6.176864967407042,2.33707820231022,3.86855111469372,0.6136700398873177,5.041999745825465,3.243267347234338,0.6462811234331979,5.195219917167368,3.362529429337885,,,6.0,,,,
random_forest__multi_step__log1p__two_stage,type,Bodily,1526.0,12.0,3.0,0.7659206810534201,1969.660422335633,0.1600592921446029,656.5534741118777,0.1600592921446029,0.1841674397183494,824.0,0.7668178175354237,0.1588716545738741,0.000507721599323,0.999881152873816,0.9692305854612044,5.0418366341751035,0.7731231646530464,0.9747418012921102,6.176864967407042,2.33707820231022,0.8056052899267201,0.9694528777308982,5.041999745825465,0.773940862174145,0.9657642353115524,5.195219917167368,0.7739345655353074,,,6.0,,,,
random_forest__multi_step__log1p__two_stage,arms,6,,,3.0,,,,,,,,,,,,,,,,,,,,,,,,,,,6.0,4.4569107217867705,True,True,100.0
random_forest__multi_step__log1p__two_stage,type,__global__,7009.0,18.0,3.0,1.416625730883971,8.32154907609726,0.1878197215227168,2.7738496920324196,0.1878197215227168,0.1991774514190688,4427.0,1.4118538157077154,0.1835663020674885,0.1208053691275167,,,,,,,,,,,,,,,,,7.0,,,,
random_forest__multi_step__log1p__two_stage,type,Annuity,28.0,15.0,3.0,2.0957730815341593,11.061673780687912,0.459969019863325,3.6872245935626378,0.459969019863325,0.5404888069604221,17.0,2.0956934446166913,0.4599000703362204,0.0909090909090909,1.0996157346849236,0.6169218981371477,0.7407496263515423,1.6760064093876452,0.0,0.0,2.0957730815341593,2.0957730815341593,0.6169236424370087,0.7406440542397699,1.6759591908472822,0.5498622357000508,0.6602298392544452,1.602524236432307,,,7.0,,,,
random_forest__multi_step__log1p__two_stage,arms,7,,,3.0,,,,,,,,,,,,,,,,,,,,,,,,,,,7.0,2.141076885467217,True,True,100.0
random_forest__multi_step__log1p__two_stage,type,__global__,2582.0,6.0,1.0,4.990014950058745,,11.584383748932794,,11.584383748932794,12.561838575788276,1974.0,4.611991667794096,9.196669695459752,0.12,,,,,,,,,,,,,,,,,8.0,,,,
random_forest__multi_step__log1p__two_stage,arms,8,,,2.0,,,,,,,,,,,,,,,,,,,,,,,,,,,8.0,,False,True,100.0
random_forest__multi_step__log1p__two_stage,arms,9,,,,,,,,,,,,,,,,,,,,,,,,,,,,,,9.0,,False,False,
random_forest__per_dy__log1p__include_zeros,dy,2,28988.0,16192.0,3.0,8.087072985226975,3.8336985145989217,0.0292403612942568,1.277899504866307,0.0292403612942568,0.0292403612942568,28988.0,8.085051278409399,0.029222654685618,0.2608457511075312,2.848632875985424,0.9999967911351556,9112.3399966421,8.08705024376762,0.999994019264043,4889.061584592102,58.40563721367076,8.087373927273362,0.999996216559752,7723.802203313502,8.085024472541232,0.9999967911351556,9112.3399966421,8.08705024376762,0.9,7.378365686704277,,,,,
random_forest__per_dy__log1p__include_zeros,dy,3,25377.0,4799.0,3.0,24.859911737045863,57.44172371389762,0.9706949542163568,19.147241237965876,0.9706949542163568,0.9706949542163568,25377.0,24.809754835209063,0.9661999305675432,0.0174090008778866,1.4153772243765304,0.999893486024227,9112.3399966421,24.85737032298516,0.9998014951847504,4889.061584592102,58.40563721367076,24.866570725084017,0.9998749218254672,7723.802203313502,24.8067767545382,0.999893486024227,9112.3399966421,24.85737032298516,0.9,22.47392056334128,,,,,
random_forest__per_dy__log1p__include_zeros,dy,4,21277.0,1929.0,3.0,40.14307635113176,61.26897937859641,8.987958858608591,20.422993126198804,8.987958858608591,8.987958858608588,21277.0,39.90658285296522,8.859504051306173,0.0163215920532715,1.6388773239132322,0.999014621675434,9112.3399966421,40.10450561213853,0.9981649922527578,4889.061584592102,58.40563721367076,40.17658829179901,0.9988542749719844,7723.802203313502,39.86200660723601,0.999014621675434,9112.3399966421,40.10450561213853,0.9,36.228768716018585,,,,,
random_forest__per_dy__log1p__include_zeros,dy,5,17162.0,753.0,3.0,43.31958329466316,1687.110730597468,82.11757429662933,562.3702435324893,82.11757429662933,82.11757429662934,17162.0,42.876153528701025,80.3526937751394,0.000592729499667,1.025084065432363,0.9910687962108627,9112.3399966421,42.941618471987155,0.9834812683928724,4889.061584592102,58.40563721367076,43.568785770361906,0.98970385713319,7723.802203313502,42.444990669257045,0.9910687962108627,9112.3399966421,42.941618471987155,0.9,39.087624965196845,,,,,
random_forest__per_dy__log1p__include_zeros,dy,6,12899.0,236.0,3.0,234.6419411836797,25966.02327639676,6648.023875645306,8655.341092132254,6648.023875645306,6648.023875645305,12899.0,219.49096207798553,5801.234422732074,3.851186875416226e-05,1.0089979877743336,0.5781808129864939,9112.3399966421,136.08728750132252,0.4237692094283485,4889.061584592102,58.40563721367076,133.08915641961556,0.5710744020049114,7723.802203313502,125.77459551216336,0.5781808129864939,9112.3399966421,136.08728750132252,0.9,211.27774706531173,,,,,
random_forest__per_dy__log1p__include_zeros,dy,7,9190.0,82.0,3.0,72.9362116819698,34331.46531373252,953.698298991828,11443.821771244176,953.698298991828,953.6982989918282,9190.0,70.83251698599526,871.6095741555762,2.9127799998579132e-05,1.002095343586528,0.9052558443568124,9112.3399966421,66.12067604599196,0.8367726351939637,4889.061584592102,58.40563721367076,70.56442430239147,0.898595949010808,7723.802203313502,63.75121687284378,0.9052558443568124,9112.3399966421,66.12067604599196,0.9,65.74259051377281,,,,,
random_forest__per_dy__log1p__include_zeros,dy,8,5691.0,20.0,3.0,94.874290793608,4440.995353219164,1038.1996316935124,1480.331784406388,1038.1996316935124,1038.1996316935124,5691.0,69.90604523957528,417.6937690119846,0.0002251770454519,1.0211383354448054,0.8977197597657429,9112.3399966421,85.27280577941727,0.8248432802588525,4889.061584592102,58.40563721367076,88.48656105916993,0.9486956978874882,7723.802203313502,66.3708686772257,0.8977197597657429,9112.3399966421,85.27280577941727,0.9,85.4868617142472,,,,,
random_forest__per_dy__log1p__include_zeros,type,__global__,28988.0,16192.0,3.0,8.087072985226975,3.8336985145989217,0.0292403612942568,1.277899504866307,0.0292403612942568,0.0292403612942568,28988.0,8.085051278409399,0.029222654685618,0.2608457511075312,,,,,,,,,,,,,,,,,2.0,,,,
random_forest__per_dy__log1p__include_zeros,type,Annuity,92.0,51.0,3.0,81.78611308765473,2274.1424099590186,617.9657104832603,758.0474699863395,617.9657104832603,617.9657104832601,92.0,81.76461950660938,617.5845603570228,0.000439727196696,1.035523851040001,0.9094385975595356,6205.754923586154,74.47000938872277,0.8796958292920574,4518.728278152179,49.28931862204063,77.87661317880256,0.9078876317534748,6087.102031829471,74.32519913332608,0.9094385975595356,6205.754923586154,74.47000938872277,,,2.0,,,,
random_forest__per_dy__log1p__include_zeros,type,Bodily,2857.0,1698.0,3.0,18.005562274401697,60.192639475582496,1.406073733730786,20.064213158527497,1.406073733730786,1.4060737337307865,2857.0,18.000702489535897,1.40522253043973,0.0166133435087616,1.282519247624273,0.9997734755495568,6205.754923586154,18.00171009875301,0.9996889309864996,4518.728278152179,49.28931862204063,18.015293681627345,0.9997692008119998,6087.102031829471,17.99677874120588,0.9997734755495568,6205.754923586154,18.00171009875301,,,2.0,,,,
random_forest__per_dy__log1p__include_zeros,type,Lost,22.0,18.0,3.0,12.53711555957254,67.78499436326354,17.436143959983237,22.594998121087844,17.436143959983237,17.436143959983234,22.0,12.533285412854996,17.4196012873277,0.0147540983606557,1.170219737764185,0.9971981988387096,6205.754923586154,12.504790855799786,0.9961561922502216,4518.728278152179,49.28931862204063,12.67838396252548,0.9971464428608416,6087.102031829471,12.50037452392719,0.9971981988387096,6205.754923586154,12.504790855799786,,,2.0,,,,
random_forest__per_dy__log1p__include_zeros,type,Material,22070.0,12754.0,3.0,6.085178112210707,2.7561730839755976,0.0081873868765074,0.9187243613251992,0.0081873868765074,0.0081873868765074,22070.0,6.083940329868511,0.0081829684149201,0.3628243058716431,2.845026218796523,0.9999986806800824,6205.754923586154,6.0851714032339395,0.9999981881247249,4518.728278152179,49.28931862204063,6.0852563927246806,0.9999986556891324,6087.102031829471,6.083933495472275,0.9999986806800824,6205.754923586154,6.0851714032339395,,,2.0,,,,
random_forest__per_dy__log1p__include_zeros,type,Remaining,39.0,27.0,3.0,8.340848325620302,21.73753116881602,5.304380561513842,7.245843722938673,5.304380561513842,5.304380561513841,39.0,8.339412011215519,5.30174338599876,0.046075085324232,1.3382302129552015,0.9991459781171352,6205.754923586154,8.33457908051143,0.9988275105505048,4518.728278152179,49.28931862204063,8.38885997501582,0.9991297780676378,6087.102031829471,8.333025093912717,0.9991459781171352,6205.754923586154,8.33457908051143,,,2.0,,,,
random_forest__per_dy__log1p__include_zeros,type,Technical,3908.0,1644.0,3.0,177.09503297052106,1717.3937081409351,161.24794133409603,572.4645693803117,161.24794133409603,161.24794133409603,3908.0,175.06079341286735,157.50604155836882,0.0005822777188455,1.1025362140981112,0.9746744355617444,6205.754923586154,172.63532686576937,0.9655451366050324,4518.728278152179,49.28931862204063,172.6915045415479,0.9747772734962185,6087.102031829471,170.67050562558336,0.9746744355617444,6205.754923586154,172.63532686576937,,,2.0,,,,
random_forest__per_dy__log1p__include_zeros,arms,2,,,3.0,,,,,,,,,,,,,,,,,,,,,,,,,,,2.0,,True,True,100.0
random_forest__per_dy__log1p__include_zeros,type,__global__,25377.0,4799.0,3.0,24.859911737045863,57.44172371389762,0.9706949542163568,19.147241237965876,0.9706949542163568,0.9706949542163568,25377.0,24.809754835209063,0.9661999305675432,0.0174090008778866,,,,,,,,,,,,,,,,,3.0,,,,
random_forest__per_dy__log1p__include_zeros,type,Annuity,92.0,72.0,3.0,47.28519573253858,1116.1012157569244,59.44905766587533,372.03373858564146,59.44905766587533,59.44905766587531,92.0,47.279985532196505,59.43278621466845,0.000895979292923,1.041470576945243,0.995534028937194,13252.114503725425,47.07848738776076,0.9935176387968286,9111.446516124664,77.54143887688537,47.48132762925121,0.9952211827496552,12377.28180260564,47.05882193898954,0.995534028937194,13252.114503725425,47.07848738776076,,,3.0,,,,
random_forest__per_dy__log1p__include_zeros,type,Bodily,2798.0,1437.0,3.0,38.398992758149994,659.3865533071513,7.85879604783821,219.79551776905043,7.85879604783821,7.858796047838209,2798.0,38.36445449033254,7.842019268049315,0.0015165618687588,1.0567178863469977,0.9994073294213968,13252.114503725425,38.37682747547285,0.9991382242639308,9111.446516124664,77.54143887688537,38.43272476846552,0.9993668194698062,12377.28180260564,38.340796045227954,0.9994073294213968,13252.114503725425,38.37682747547285,,,3.0,,,,
random_forest__per_dy__log1p__include_zeros,type,Material,19162.0,2644.0,3.0,15.41662402869139,19.59315581645457,0.3287765024621549,6.53105193881819,0.3287765024621549,0.3287765024621548,19162.0,15.382550550506364,0.3269928332509774,0.0510385298432553,1.7358032957273577,0.9999751912537552,13252.114503725425,15.416266370324156,0.999963917404468,9111.446516124664,77.54143887688537,15.418865653258043,0.9999735819059518,12377.28180260564,15.382170590933269,0.9999751912537552,13252.114503725425,15.416266370324156,,,3.0,,,,
random_forest__per_dy__log1p__include_zeros,type,Technical,3267.0,642.0,3.0,225.7203146129943,1397.3889699581437,1171.9682063534713,465.7963233193812,1171.9682063534713,1171.9682063534713,3267.0,217.60923385999632,1087.6284652343652,0.0007156209349219,1.1608145616393095,0.9187492036818014,13252.114503725425,207.46161010181237,0.886033167193801,9111.446516124664,77.54143887688537,208.8328374565666,0.9192249748717533,12377.28180260564,200.1126175519448,0.9187492036818014,13252.114503725425,207.46161010181237,,,3.0,,,,
random_forest__per_dy__log1p__include_zeros,arms,3,,,3.0,,,,,,,,,,,,,,,,,,,,,,,,,,,3.0,,True,True,100.0
random_forest__per_dy__log1p__include_zeros,type,__global__,21277.0,1929.0,3.0,40.14307635113176,61.26897937859641,8.987958858608591,20.422993126198804,8.987958858608591,8.987958858608588,21277.0,39.90658285296522,8.859504051306173,0.0163215920532715,,,,,,,,,,,,,,,,,4.0,,,,
random_forest__per_dy__log1p__include_zeros,type,Annuity,76.0,65.0,3.0,608.0947227109542,28477.815878939226,20511.177091388992,9492.605292979742,20511.177091388992,20511.177091388992,76.0,607.2516335925202,20421.31254965027,3.51150531209719e-05,1.0213181634374568,0.8211411289676104,94166.81999646364,499.5104459971513,0.7701352526384395,68720.3267682542,188.3805532548501,511.6172311848596,0.820593933037376,93406.01166176947,498.4864124200204,0.8211411289676104,94166.81999646364,499.5104459971513,,,4.0,,,,
random_forest__per_dy__log1p__include_zeros,type,Bodily,2385.0,647.0,3.0,58.68680581281723,283.02148519284805,38.25116185601215,94.34049506428268,38.25116185601215,38.25116185601217,2385.0,58.557741840525814,38.03834464308423,0.0035333180423124,1.2038258317818011,0.9995939585694732,94166.81999646364,58.66338257966246,0.9994436888747918,68720.3267682542,188.3805532548501,58.75895588738916,0.9995929291951656,93406.01166176947,58.534311764230345,0.9995939585694732,94166.81999646364,58.66338257966246,,,4.0,,,,
random_forest__per_dy__log1p__include_zeros,type,Material,16165.0,858.0,3.0,14.90003996085758,8.3876914338405,0.8720656460694517,2.7958971446135,0.8720656460694517,0.8720656460694517,16165.0,14.802719026560611,0.8556221199788657,0.1192329071706503,2.657342174321262,0.9999907392267244,94166.81999646364,14.899911235738983,0.9999873100926516,68720.3267682542,188.3805532548501,14.902241412498,0.9999908398371034,93406.01166176947,14.802592591405912,0.9999907392267244,94166.81999646364,14.899911235738983,,,4.0,,,,
random_forest__per_dy__log1p__include_zeros,type,Technical,2602.0,350.0,3.0,167.4862900485875,6604.683151958159,2585.0854886862217,2201.5610506527196,2585.0854886862217,2585.0854886862217,2602.0,160.3978943329828,2367.887486203585,0.0001514077241299,1.025207310275093,0.9732812963659616,94166.81999646364,163.03799220564872,0.9637462934879168,68720.3267682542,188.3805532548501,168.24378453465357,0.9752762756109036,93406.01166176947,156.45698472529182,0.9732812963659616,94166.81999646364,163.03799220564872,,,4.0,,,,
random_forest__per_dy__log1p__include_zeros,arms,4,,,3.0,,,,,,,,,,,,,,,,,,,,,,,,,,,4.0,,True,True,100.0
random_forest__per_dy__log1p__include_zeros,type,__global__,17162.0,753.0,3.0,43.31958329466316,1687.110730597468,82.11757429662933,562.3702435324893,82.11757429662933,82.11757429662934,17162.0,42.876153528701025,80.3526937751394,0.000592729499667,,,,,,,,,,,,,,,,,5.0,,,,
random_forest__per_dy__log1p__include_zeros,type,Annuity,61.0,49.0,3.0,117.58516625913302,8555.360569993827,2233.037866970039,2851.786856664609,2233.037866970039,2233.03786697004,61.0,117.558887341596,2232.019473474734,0.0001168859670047,1.0136271698966095,0.642943245363586,4020.97592208126,75.95764515590024,0.3800499718210054,1368.9264292962837,46.25273671935473,73.36262455587132,0.6402944101120467,3973.1092101523336,75.63200401370372,0.642943245363586,4020.97592208126,75.95764515590024,,,5.0,,,,
random_forest__per_dy__log1p__include_zeros,type,Bodily,1977.0,281.0,3.0,38.54312176955947,3103.29599641543,92.97338825642404,1034.4319988051436,92.97338825642404,92.97338825642404,1977.0,38.4220629030495,92.29151010993806,0.0003222380984053,1.0120978241672225,0.9774004536169668,4020.97592208126,37.69466424776444,0.9364023531981378,1368.9264292962837,46.25273671935473,39.0334351381149,0.9772982993656812,3973.1092101523336,37.57251843390583,0.9774004536169668,4020.97592208126,37.69466424776444,,,5.0,,,,
random_forest__per_dy__log1p__include_zeros,type,Material,13107.0,257.0,3.0,14.851045130970869,128.39611918176445,2.91188968822119,42.798706393921485,2.91188968822119,2.9118896882211893,13107.0,14.584516843025224,2.771837443021017,0.0077885868412279,1.1078800678443348,0.9992763491865494,4020.97592208126,14.8410218108947,0.9978773812861732,1368.9264292962837,46.25273671935473,14.917698949182189,0.99930283692851,3973.1092101523336,14.57504621953823,0.9992763491865494,4020.97592208126,14.8410218108947,,,5.0,,,,
random_forest__per_dy__log1p__include_zeros,type,Technical,1975.0,165.0,3.0,64.61411179605508,1901.442088050342,827.3668214551169,633.8140293501141,827.3668214551169,827.3668214551169,1975.0,62.89160261559451,781.9749207787379,0.0005259182053758,1.033455819512359,0.8293505914865177,4020.97592208126,53.75840124494775,0.6232894577388259,1368.9264292962837,46.25273671935473,57.69718823425049,0.835549719153839,3973.1092101523336,52.713511183441,0.8293505914865177,4020.97592208126,53.75840124494775,,,5.0,,,,
random_forest__per_dy__log1p__include_zeros,arms,5,,,3.0,,,,,,,,,,,,,,,,,,,,,,,,,,,5.0,,True,True,100.0
random_forest__per_dy__log1p__include_zeros,type,__global__,12899.0,236.0,3.0,234.6419411836797,25966.02327639676,6648.023875645306,8655.341092132254,6648.023875645306,6648.023875645305,12899.0,219.49096207798553,5801.234422732074,3.851186875416226e-05,,,,,,,,,,,,,,,,,6.0,,,,
random_forest__per_dy__log1p__include_zeros,type,Annuity,50.0,38.0,3.0,360.3293923321981,328413.0801191606,27234.597031892463,109471.02670638688,27234.597031892463,27234.597031892474,50.0,360.13237929083317,27202.74279787207,3.044945722640542e-06,1.0010941384962009,0.5803229064076996,37659.57386214683,209.52707731593372,0.3001157506134813,11678.404733420675,142.92719764354615,208.1730204875491,0.5694614810619998,35980.321205257,205.51205660827773,0.5803229064076996,37659.57386214683,209.52707731593372,,,6.0,,,,
random_forest__per_dy__log1p__include_zeros,type,Bodily,1559.0,99.0,3.0,207.3653572497304,74281.1613945967,2980.6843522116624,24760.387131532232,2980.6843522116624,2980.6843522116624,1559.0,193.2649474778785,2459.064642312399,1.3462365345750258e-05,1.002778165834002,0.9266568549714932,37659.57386214683,192.2298729241038,0.7966664685097595,11678.404733420675,142.92719764354615,194.2629186942732,0.9360274731739012,35980.321205257,180.96527296763145,0.9266568549714932,37659.57386214683,192.2298729241038,,,6.0,,,,
random_forest__per_dy__log1p__include_zeros,type,Material,9842.0,52.0,3.0,51.61392314074764,1450.876238273063,163.64824214821022,483.6254127576878,163.64824214821022,163.64824214821022,9842.0,37.80883519268098,86.09239037888618,0.0006892438200013,1.0348853337307824,0.9956733394712656,37659.57386214683,51.39493387729016,0.9861807540900356,11678.404733420675,142.92719764354615,52.87580373594588,0.9976129483972506,35980.321205257,37.72097060363895,0.9956733394712656,37659.57386214683,51.39493387729016,,,6.0,,,,
random_forest__per_dy__log1p__include_zeros,type,Technical,1411.0,47.0,3.0,106.46552450428511,12199.810286403968,4371.793866457354,4066.603428801323,4371.793866457354,4371.793866457353,1411.0,103.41445264319556,4116.301690622184,8.196849967997405e-05,1.0086448508115775,0.895987351763427,37659.57386214683,95.49577600293526,0.7276174597309608,11678.404733420675,142.92719764354615,116.39704765641643,0.8973404393354727,35980.321205257,92.90062992914709,0.895987351763427,37659.57386214683,95.49577600293526,,,6.0,,,,
random_forest__per_dy__log1p__include_zeros,arms,6,,,3.0,,,,,,,,,,,,,,,,,,,,,,,,,,,6.0,,True,True,100.0
random_forest__per_dy__log1p__include_zeros,type,__global__,9190.0,82.0,3.0,72.9362116819698,34331.46531373252,953.698298991828,11443.821771244176,953.698298991828,953.6982989918282,9190.0,70.83251698599526,871.6095741555762,2.9127799998579132e-05,,,,,,,,,,,,,,,,,7.0,,,,
random_forest__per_dy__log1p__include_zeros,type,Annuity,41.0,29.0,3.0,72.43389120109202,77659.11453671829,1133.1805048110066,25886.37151223943,1133.1805048110066,1133.1805048110066,41.0,72.42349822059275,1132.6786459898597,1.2876790428903687e-05,1.0009198392465175,0.8666964433924224,7367.57171552841,62.91149944166771,0.1066936723936613,135.3434827526139,69.1947638349175,69.54035822896546,0.7959206336910724,4417.508354665824,57.84743596416736,0.8666964433924224,7367.571715528411,62.91149944166771,,,7.0,,,,
random_forest__per_dy__log1p__include_zeros,type,Bodily,1094.0,25.0,3.0,141.10976502547402,12255.806274469716,3554.818958017918,4085.268758156572,3554.818958017918,3554.818958017918,1094.0,120.9757291481908,2320.782755881794,8.15940207901565e-05,1.0114321190803923,0.6745383804456315,7367.57171552841,95.50941398490124,0.0366768360268588,135.3434827526139,69.1947638349175,71.83237854145489,0.6555828892211241,4417.508354665824,79.65403515138195,0.6745383804456315,7367.571715528411,95.50941398490124,,,7.0,,,,
random_forest__per_dy__log1p__include_zeros,type,Material,7013.0,15.0,3.0,123.0318650359753,33882.122809092914,6041.588805506201,11294.040936364305,6041.588805506201,6041.5888055062005,7013.0,39.31345730913036,334.5745190769815,2.9514138256029247e-05,1.003601665336313,0.5494431738639481,7367.57171552841,68.04957523790323,0.0219111164630825,135.3434827526139,69.1947638349175,70.37439482936864,0.9295941320961296,4417.508354665824,36.615965094883144,0.5494431738639483,7367.571715528411,68.04957523790324,,,7.0,,,,
random_forest__per_dy__log1p__include_zeros,type,Technical,1017.0,13.0,3.0,38.78678995513328,1758.3836222844984,853.2895164460784,586.1278740948328,853.2895164460784,853.2895164460787,1017.0,36.151653002457046,740.9820628788187,0.0005687286726747,1.0214904308958237,0.8962043644372362,7367.57171552841,34.86468607586356,0.1368996208525434,135.3434827526139,69.1947638349175,65.031923739881,0.8563568015249868,4417.508354665824,31.102357133500316,0.8962043644372361,7367.571715528411,34.86468607586356,,,7.0,,,,
random_forest__per_dy__log1p__include_zeros,arms,7,,,3.0,,,,,,,,,,,,,,,,,,,,,,,,,,,7.0,,True,True,100.0
random_forest__per_dy__log1p__include_zeros,type,__global__,5691.0,20.0,3.0,94.874290793608,4440.995353219164,1038.1996316935124,1480.331784406388,1038.1996316935124,1038.1996316935124,5691.0,69.90604523957528,417.6937690119846,0.0002251770454519,,,,,,,,,,,,,,,,,8.0,,,,
random_forest__per_dy__log1p__include_zeros,type,Annuity,24.0,13.0,3.0,84.89726643932363,4867.863513539134,920.7219066108336,1622.6211711797114,920.7219066108336,920.7219066108336,24.0,84.76570232088973,916.2243518068088,0.0002054296640434,1.0172349872587974,0.8691924369427417,6118.029409380026,73.9228694692302,0.0,0.0,84.89726643932363,84.89726643932363,0.8694221955011388,6100.468533505102,73.82776081952278,0.8691924369427417,6118.029409380026,73.9228694692302,,,8.0,,,,
random_forest__per_dy__log1p__include_zeros,arms,8,,,3.0,,,,,,,,,,,,,,,,,,,,,,,,,,,8.0,,True,True,100.0
random_forest__per_dy__log1p__include_zeros,type,__global__,2698.0,9.0,2.0,101.7517742469187,228198.1738897363,3398.1062675269513,114099.08694486816,3398.1062675269513,3398.1062675269523,2698.0,55.057313148671305,290.5314663562011,4.382157219141457e-06,,,,,,,,,,,,,,,,,9.0,,,,
random_forest__per_dy__log1p__include_zeros,arms,9,,,2.0,,,,,,,,,,,,,,,,,,,,,,,,,,,9.0,,False,True,100.0
random_forest__per_dy__log1p__include_zeros,arms,10,,,,,,,,,,,,,,,,,,,,,,,,,,,,,,10.0,,False,False,
random_forest__per_dy__log1p__two_stage,dy,2,28988.0,16192.0,3.0,1.951392927073386,0.0206957734278821,0.0015745228516498,0.0068985911426273,0.0015745228516498,0.0015745228516498,28988.0,1.9513274244704464,0.0015743052573765,1.0,1.951392927073386,0.9997724333530124,6.9173781114332815,1.9511764217750045,0.9987658876165456,1.2742597307864627,3.0077490711410597,1.952696589272118,0.9997715498818566,6.88966860663431,1.9511100936079329,0.9997724333530124,6.9173781114332815,1.9511764217750045,0.95,1.9038232807197168,,,,,
random_forest__per_dy__log1p__two_stage,dy,3,25377.0,4799.0,3.0,2.382047532568573,0.2228806778383932,0.0078288042630655,0.0742935592794644,0.0078288042630655,0.0078288042630655,25377.0,2.381768623942192,0.0078256029541722,1.0,2.382047532568573,0.9988695205272032,6.9173781114332815,2.3804851562025746,0.993893710107342,1.2742597307864627,3.0077490711410597,2.3858682475493787,0.9988654426206992,6.88966860663431,2.380200928153412,0.9988695205272032,6.9173781114332815,2.3804851562025746,0.95,2.3129451559401444,,,,,
random_forest__per_dy__log1p__two_stage,dy,4,21277.0,1929.0,3.0,2.835852823608027,0.1816100173412695,0.0326361390358241,0.0605366724470898,0.0326361390358241,0.0326361390358241,21277.0,2.83506483386241,0.0326081030340863,1.0,2.835852823608027,0.9953041622851894,6.9173781114332815,2.827231956680087,0.9750277433807624,1.2742597307864627,3.0077490711410597,2.840145460813306,0.9952893961912064,6.88966860663431,2.8264205704666345,0.9953041622851894,6.9173781114332815,2.827231956680087,0.95,2.744060182427626,,,,,
random_forest__per_dy__log1p__two_stage,dy,5,17162.0,753.0,3.0,4.185835092564239,8.095667649750133,0.737112589880598,2.6985558832500445,0.737112589880598,0.737112589880598,17162.0,4.182578712727154,0.735623238503013,0.1235236220472441,1.393525889878752,0.9037019419523138,6.9173781114332815,3.879045359890132,0.6335275263029678,1.2742597307864627,3.0077490711410597,3.754098994065392,0.9035285136040894,6.88966860663431,3.8755506137383815,0.9037019419523138,6.9173781114332815,3.879045359890132,0.95,4.026543337936028,,,,,
random_forest__per_dy__log1p__two_stage,dy,6,12899.0,236.0,3.0,6.165867461488064,6.085801206773984,4.428762700099547,2.0286004022579944,4.428762700099547,4.428762700099547,12899.0,6.156471345413053,4.412937088022941,0.1643454038997214,1.8489865744506848,0.6096679237756406,6.9173781114332815,4.149463689745567,0.2234358616381062,1.2742597307864627,3.0077490711410597,3.713385974843391,0.6095646254289009,6.88966860663431,4.143202524201568,0.6096679237756406,6.9173781114332815,4.149463689745567,0.95,5.907574088413662,,,,,
random_forest__per_dy__log1p__two_stage,dy,7,9190.0,82.0,3.0,4.026224497470225,4.894202894694865,1.5157465537073922,1.6314009648982883,1.5157465537073922,1.5157465537073924,9190.0,4.021200385237987,1.5104263738408437,0.2044887780548628,1.6188289496073778,0.820262759784293,6.9173781114332815,3.482299258021762,0.456722889073216,1.2742597307864627,3.0077490711410597,3.4729101103041917,0.8201893696021748,6.88966860663431,3.477956439410192,0.820262759784293,6.9173781114332815,3.482299258021762,0.95,3.874913272596714,,,,,
random_forest__per_dy__log1p__two_stage,dy,8,5691.0,20.0,3.0,2.8987177097057195,3.4543228808084057,0.6391469009566448,1.1514409602694686,0.6391469009566448,0.6391469009566448,5691.0,2.877927119563583,0.6253624180110058,0.2898550724637681,1.5503529593349912,0.9154178805854968,6.9173781114332815,2.7381201416489587,0.6659638937415076,1.2742597307864627,3.0077490711410597,2.935138121139643,0.9167851182569776,6.88966860663431,2.7216556363870845,0.9154178805854968,6.9173781114332815,2.7381201416489587,0.95,2.803781824220434,,,,,
random_forest__per_dy__log1p__two_stage,type,__global__,28988.0,16192.0,3.0,1.951392927073386,0.0206957734278821,0.0015745228516498,0.0068985911426273,0.0015745228516498,0.0015745228516498,28988.0,1.9513274244704464,0.0015743052573765,1.0,,,,,,,,,,,,,,,,,2.0,,,,
random_forest__per_dy__log1p__two_stage,type,Annuity,92.0,51.0,3.0,2.980611603099163,3.4609374517068936,0.7254862018443476,1.1536458172356312,0.7254862018443476,0.7254862018443478,92.0,2.980592393931204,0.7254715281503143,0.2897727272727273,1.573927225898053,0.8328381247391845,3.614535712317613,2.649528853361777,0.5397990222754881,0.8509689491889089,2.710585577422794,2.856345362071834,0.8327895565688131,3.6132020215605456,2.6494166614855312,0.8328381247391845,3.614535712317613,2.649528853361777,,,2.0,,,,
random_forest__per_dy__log1p__two_stage,type,Bodily,2857.0,1698.0,3.0,3.019839767527392,0.2039865836635723,0.0379859692135394,0.0679955278878574,0.0379859692135394,0.0379859692135394,2857.0,3.0197429345052313,0.0379822971590433,1.0,3.019839767527392,0.989600070163686,3.614535712317613,2.99883357566451,0.9572689588333628,0.8509689491889089,2.710585577422794,3.0066250139990776,0.9895972665733942,3.6132020215605456,2.998732087167303,0.989600070163686,3.614535712317613,2.99883357566451,,,2.0,,,,
random_forest__per_dy__log1p__two_stage,type,Lost,22.0,18.0,3.0,2.050605784488753,0.0624720268262147,0.2993683003743624,0.0208240089420715,0.2993683003743624,0.2993683003743624,22.0,2.050548720369573,0.2993343830579428,0.36,1.3782180824159511,0.92351158858174,3.614535712317613,1.9702466170063735,0.7397560580707802,0.8509689491889089,2.710585577422794,2.222361527395538,0.9234935213114954,3.6132020215605456,1.9701749370833823,0.92351158858174,3.614535712317613,1.9702466170063735,,,2.0,,,,
random_forest__per_dy__log1p__two_stage,type,Material,22070.0,12754.0,3.0,1.633786542530277,0.0095697050671916,0.0005293286753607,0.0031899016890638,0.0005293286753607,0.0005293286753607,22070.0,1.633745115816516,0.0005292591482133,1.0,1.633786542530277,0.9998535769981014,3.614535712317613,1.633693741602157,0.9993783561410268,0.8509689491889089,2.710585577422794,1.6344559280376667,0.9998535421958354,3.6132020215605456,1.6336522988984534,0.9998535769981014,3.614535712317613,1.633693741602157,,,2.0,,,,
random_forest__per_dy__log1p__two_stage,type,Remaining,39.0,27.0,3.0,2.0911983673725416,0.3988495354612901,0.2282734987594496,0.1329498451537633,0.2282734987594496,0.2282734987594497,39.0,2.091144830172467,0.2282503487877121,0.54,1.5892471183811725,0.940597233372544,3.614535712317613,2.02637816541125,0.788487286435594,0.8509689491889089,2.710585577422794,2.2222066369173574,0.9405822780598424,3.6132020215605456,2.0263114900568393,0.940597233372544,3.614535712317613,2.02637816541125,,,2.0,,,,
random_forest__per_dy__log1p__two_stage,type,Technical,3908.0,1644.0,3.0,4.519164106323282,0.0463703013613538,0.1044052161277606,0.0154567671204512,0.1044052161277606,0.1044052161277606,3908.0,4.518114895198273,0.1043427486349361,1.0,4.519164106323282,0.9719260891375856,3.614535712317613,4.4203674068921535,0.8907179826312821,0.8509689491889089,2.710585577422794,4.321518996115288,0.9719323491484276,3.6132020215605456,4.41936967466413,0.9719260891375856,3.614535712317613,4.4203674068921535,,,2.0,,,,
random_forest__per_dy__log1p__two_stage,arms,2,,,3.0,,,,,,,,,,,,,,,,,,,,,,,,,,,2.0,2.1570323521215045,True,True,100.0
random_forest__per_dy__log1p__two_stage,type,__global__,25377.0,4799.0,3.0,2.382047532568573,0.2228806778383932,0.0078288042630655,0.0742935592794644,0.0078288042630655,0.0078288042630655,25377.0,2.381768623942192,0.0078256029541722,1.0,,,,,,,,,,,,,,,,,3.0,,,,
random_forest__per_dy__log1p__two_stage,type,Annuity,92.0,72.0,3.0,2.4494263561694147,1.8520251955364309,0.1334459003787527,0.6173417318454769,0.1334459003787527,0.1334459003787526,92.0,2.449417903497244,0.1334442914454685,0.5413533834586466,1.78465186198645,0.9770910543802828,5.691610503085708,2.4162215265961446,0.9229161365879176,1.5977322538007337,3.041779233474973,2.4950872044553902,0.9770702341154076,5.686252783400663,2.4161830903011157,0.9770910543802828,5.691610503085708,2.4162215265961446,,,3.0,,,,
random_forest__per_dy__log1p__two_stage,type,Bodily,2798.0,1437.0,3.0,3.748602713890014,0.7985595967852003,0.0638248325978688,0.2661865322617334,0.0638248325978688,0.0638248325978688,2798.0,3.748354706699764,0.0638132587406432,1.0,3.748602713890014,0.9889105117379816,5.691610503085708,3.718122116357379,0.9615873368899962,1.5977322538007337,3.041779233474973,3.7214517416585906,0.9889021694232788,5.686252783400663,3.717853931800075,0.9889105117379816,5.691610503085708,3.718122116357379,,,3.0,,,,
random_forest__per_dy__log1p__two_stage,type,Material,19162.0,2644.0,3.0,1.6756572428491563,0.0449282574234064,0.0034077294891126,0.0149760858078021,0.0034077294891126,0.0034077294891126,19162.0,1.6754833062051953,0.0034059653364925,1.0,1.6756572428491563,0.9994016297490286,5.691610503085708,1.6752529496551822,0.9978716854711788,1.5977322538007337,3.041779233474973,1.6785647801299477,0.9994013761656184,5.686252783400663,1.675078945798374,0.9994016297490286,5.691610503085708,1.6752529496551822,,,3.0,,,,
random_forest__per_dy__log1p__two_stage,type,Technical,3267.0,642.0,3.0,4.653888982361333,3.844110324970292,0.4959505711895941,1.2813701083234306,0.4959505711895941,0.495950571189594,3267.0,4.651070162583917,0.4951822327642866,0.2602351033644102,1.950870177006881,0.9198471634887772,5.691610503085708,4.3610194161279665,0.7631204854575404,1.5977322538007337,3.041779233474973,4.272013207655966,0.9198920264518926,5.686252783400663,4.358590330577361,0.9198471634887772,5.691610503085708,4.3610194161279665,,,3.0,,,,
random_forest__per_dy__log1p__two_stage,arms,3,,,3.0,,,,,,,,,,,,,,,,,,,,,,,,,,,3.0,2.8939937027161813,True,True,100.0
random_forest__per_dy__log1p__two_stage,type,__global__,21277.0,1929.0,3.0,2.835852823608027,0.1816100173412695,0.0326361390358241,0.0605366724470898,0.0326361390358241,0.0326361390358241,21277.0,2.83506483386241,0.0326081030340863,1.0,,,,,,,,,,,,,,,,,4.0,,,,
random_forest__per_dy__log1p__two_stage,type,Annuity,76.0,65.0,3.0,3.639568411876226,4.953016250119077,0.4055061507465896,1.651005416706359,0.4055061507465896,0.4055061507465898,76.0,3.639546441953851,0.4054990059853267,0.2024922118380062,1.5344920460185505,0.9391035059484404,6.253434680941645,3.4788279497837213,0.7285609636093202,1.0884062803414287,3.091219899988942,3.4907252202032786,0.939034871606104,6.245828017643589,3.478626154218483,0.9391035059484404,6.253434680941645,3.4788279497837213,,,4.0,,,,
random_forest__per_dy__log1p__two_stage,type,Bodily,2385.0,647.0,3.0,3.620191153334149,2.697812897526188e-05,0.1178014146478075,8.992709658420627e-06,0.1178014146478075,0.1178014146478075,2385.0,3.619828772501653,0.1177679421349468,1.0,3.620191153334149,0.9815104301770644,6.253434680941645,3.5717449460551394,0.9023373709708769,1.0884062803414287,3.091219899988942,3.568530430051626,0.98149349159197,6.245828017643589,3.571344889295752,0.9815104301770644,6.253434680941645,3.5717449460551394,,,4.0,,,,
random_forest__per_dy__log1p__two_stage,type,Material,16165.0,858.0,3.0,1.6373427912391645,0.0187484217711323,0.0071457008407382,0.0062494739237107,0.0071457008407382,0.0071457008407382,16165.0,1.6368493555989896,0.0071346081604284,1.0,1.6373427912391645,0.9988586200631604,6.253434680941645,1.6366153409643545,0.993477533733244,1.0884062803414287,3.091219899988942,1.6468256556369931,0.9988590035496157,6.245828017643589,1.6361227127448217,0.9988586200631604,6.253434680941645,1.6366153409643545,,,4.0,,,,
random_forest__per_dy__log1p__two_stage,type,Technical,2602.0,350.0,3.0,4.628271777360817,1.666592322246487,1.8590930149211615,0.5555307740821623,1.8590930149211615,1.8590930149211615,2602.0,4.623818585434718,1.8546328314726168,0.6003430531732419,3.178207756563098,0.7708367743546498,6.253434680941645,3.796805313342825,0.369264305538863,1.0884062803414287,3.091219899988942,3.6587982940638737,0.77104601009522,6.245828017643589,3.794130861608343,0.7708367743546498,6.253434680941645,3.796805313342825,,,4.0,,,,
random_forest__per_dy__log1p__two_stage,arms,4,,,3.0,,,,,,,,,,,,,,,,,,,,,,,,,,,4.0,3.402198050464048,True,True,100.0
random_forest__per_dy__log1p__two_stage,type,__global__,17162.0,753.0,3.0,4.185835092564239,8.095667649750133,0.737112589880598,2.6985558832500445,0.737112589880598,0.737112589880598,17162.0,4.182578712727154,0.735623238503013,0.1235236220472441,,,,,,,,,,,,,,,,,5.0,,,,
random_forest__per_dy__log1p__two_stage,type,Annuity,61.0,49.0,3.0,9.811759712022848,139.2702681021958,16.103883471570146,46.42342270073194,16.103883471570146,16.103883471570146,61.0,9.811593940120652,16.103271580564023,0.0071805392731535,1.0632731866777725,0.5660230741130581,21.003811686779063,5.9876593205447675,0.342209158344568,8.377885582924808,4.0751333291144425,6.038259415346771,0.5657701631260682,20.981401588127564,5.9853369409027355,0.5660230741130581,21.003811686779063,5.9876593205447675,,,5.0,,,,
random_forest__per_dy__log1p__two_stage,type,Bodily,1977.0,281.0,3.0,3.4753200744935384,2.2000341946160056,0.6586811632622422,0.7333447315386685,0.6586811632622422,0.6586811632622422,1977.0,3.474598266802761,0.6582957225061383,0.4546925566343042,2.125509613159683,0.9695934734833168,21.003811686779063,3.4000541890111724,0.9271093567100392,8.377885582924808,4.0751333291144425,3.5190408484767013,0.9695792545960126,20.981401588127564,3.3993191429512057,0.9695934734833168,21.003811686779063,3.4000541890111724,,,5.0,,,,
random_forest__per_dy__log1p__two_stage,type,Material,13107.0,257.0,3.0,1.6761837823311536,0.3019800424080914,0.0322635079020485,0.1006600141360304,0.0322635079020485,0.0322635079020485,13107.0,1.674689723067892,0.0321208422108715,1.0,1.6761837823311536,0.9984662772117204,21.003811686779063,1.675146703855127,0.9961637412662234,8.377885582924808,4.0751333291144425,1.6853867734818904,0.9984714203762194,20.981401588127564,1.673658406104836,0.9984662772117204,21.003811686779063,1.675146703855127,,,5.0,,,,
random_forest__per_dy__log1p__two_stage,type,Technical,1975.0,165.0,3.0,5.6555077936410765,14.423709710123404,5.095221127909445,4.807903236707801,5.095221127909445,5.095221127909445,1975.0,5.644194619965777,5.072279740375414,0.0693568726355611,1.3228914610974265,0.8047735652088279,21.003811686779063,4.746629604946014,0.6218228477466019,8.377885582924808,4.0751333291144425,5.057846279152405,0.805314278760818,20.981401588127564,4.740036240802611,0.8047735652088279,21.003811686779063,4.746629604946014,,,5.0,,,,
random_forest__per_dy__log1p__two_stage,arms,5,,,3.0,,,,,,,,,,,,,,,,,,,,,,,,,,,5.0,3.6609862568219818,True,True,100.0
random_forest__per_dy__log1p__two_stage,type,__global__,12899.0,236.0,3.0,6.165867461488064,6.085801206773984,4.428762700099547,2.0286004022579944,4.428762700099547,4.428762700099547,12899.0,6.156471345413053,4.412937088022941,0.1643454038997214,,,,,,,,,,,,,,,,,6.0,,,,
random_forest__per_dy__log1p__two_stage,type,Annuity,50.0,38.0,3.0,9.791584945013016,69.08054254902873,18.79931549089735,23.02684751634291,18.79931549089735,18.79931549089735,50.0,9.791453889763424,18.798753854574535,0.0144761904761904,1.127268658251617,0.642005867150551,33.713599570767144,6.644249116250811,0.4896861252329607,18.039415377392928,4.2501713588956695,6.963724706194759,0.6410851865219794,33.57789137889323,6.636070856718366,0.642005867150551,33.713599570767144,6.644249116250811,,,6.0,,,,
random_forest__per_dy__log1p__two_stage,type,Bodily,1559.0,99.0,3.0,1.6743553019334754,0.0727536940037497,0.151681794483931,0.0242512313345832,0.151681794483931,0.151681794483931,1559.0,1.6739562083770116,0.1514999976796466,1.0,1.6743553019334754,0.9955210236451906,33.713599570767144,1.6713348804813748,0.991661756679612,18.039415377392928,4.2501713588956695,1.6958330829649886,0.995508368473412,33.57789137889323,1.6709290454239256,0.9955210236451906,33.713599570767144,1.6713348804813748,,,6.0,,,,
random_forest__per_dy__log1p__two_stage,type,Material,9842.0,52.0,3.0,2.016604641973511,0.7335456910186465,0.3226985830930882,0.2445152303395488,0.3226985830930882,0.3226985830930882,9842.0,2.0019229762721604,0.3134498110165736,1.0,2.016604641973511,0.9905189870639182,33.713599570767144,2.006966200212079,0.9824258479286472,18.039415377392928,4.2501713588956695,2.0558576831182127,0.9907513305755544,33.57789137889323,1.9926565218758625,0.9905189870639182,33.713599570767144,2.006966200212079,,,6.0,,,,
random_forest__per_dy__log1p__two_stage,type,Technical,1411.0,47.0,3.0,12.370499863267922,384.9948271024353,53.9403789057403,128.3316090341451,53.9403789057403,53.940378905740296,1411.0,12.331276189838114,53.57027902857692,0.0025975461478943,1.0295353981194646,0.3846214416816561,33.713599570767144,5.373338050051181,0.2506177679035134,18.039415377392928,4.2501713588956695,6.285269963304719,0.3852965727438267,33.57789137889323,5.3659018807583525,0.3846214416816561,33.713599570767144,5.373338050051182,,,6.0,,,,
random_forest__per_dy__log1p__two_stage,arms,6,,,3.0,,,,,,,,,,,,,,,,,,,,,,,,,,,6.0,5.031468720455645,True,True,100.0
random_forest__per_dy__log1p__two_stage,type,__global__,9190.0,82.0,3.0,4.026224497470225,4.894202894694865,1.5157465537073922,1.6314009648982883,1.5157465537073922,1.5157465537073924,9190.0,4.021200385237987,1.5104263738408437,0.2044887780548628,,,,,,,,,,,,,,,,,7.0,,,,
random_forest__per_dy__log1p__two_stage,type,Annuity,41.0,29.0,3.0,4.755459432396845,16.75899485740503,2.610522566286893,5.586331619135009,2.610522566286893,2.610522566286892,41.0,4.755423556019296,2.6104676426664897,0.0596707818930041,1.2240912006985771,0.4869374278374315,2.4775947666214315,2.82867375635914,0.2950318134874427,1.09251342346609,2.070284905521341,2.8624968157157067,0.4872730696625859,2.480873358182831,2.8299167640247065,0.4869374278374316,2.477594766621432,2.828673756359141,,,7.0,,,,
random_forest__per_dy__log1p__two_stage,type,Bodily,1094.0,25.0,3.0,1.1874213972980514,2.015746193292788,0.2690389996780303,0.6719153977642627,0.2690389996780303,0.2690389996780303,1094.0,1.1871571007134705,0.2682531796409164,0.5,1.0937106986490257,0.902047734583666,2.4775947666214315,1.1690630468452126,0.8024027609184811,1.09251342346609,2.070284905521341,1.3618727890087974,0.9024223963683862,2.480873358182831,1.1688947593232095,0.902047734583666,2.477594766621432,1.1690630468452126,,,7.0,,,,
random_forest__per_dy__log1p__two_stage,type,Material,7013.0,15.0,3.0,1.8851834353174115,3.4924217756949543,0.7822172219670909,1.164140591898318,0.7822172219670909,0.7822172219670909,7013.0,1.8565062731637016,0.731538108389872,0.2884615384615384,1.2553413755723302,0.7600422279857355,2.4775947666214315,1.6727767903547126,0.5827575423314482,1.09251342346609,2.070284905521341,1.9624156276633613,0.7722775814985046,2.480873358182831,1.6614605931771609,0.7600422279857355,2.477594766621432,1.6727767903547126,,,7.0,,,,
random_forest__per_dy__log1p__two_stage,type,Technical,1017.0,13.0,3.0,2.1534057245819507,15.862362186720969,2.6803389537845907,5.2874540622403225,2.6803389537845907,2.6803389537845907,1017.0,2.1486251753569183,2.657424291455966,0.0631067961165048,1.0727877399008028,0.480346375297432,2.4775947666214315,1.5540342590502485,0.2895722689956442,1.09251342346609,2.070284905521341,2.0943543896974983,0.4828200947754023,2.480873358182831,1.5545793160272403,0.4803463752974322,2.477594766621432,1.5540342590502485,,,7.0,,,,
random_forest__per_dy__log1p__two_stage,arms,7,,,3.0,,,,,,,,,,,,,,,,,,,,,,,,,,,7.0,6.811502226626109,True,True,100.0
random_forest__per_dy__log1p__two_stage,type,__global__,5691.0,20.0,3.0,2.8987177097057195,3.4543228808084057,0.6391469009566448,1.1514409602694686,0.6391469009566448,0.6391469009566448,5691.0,2.877927119563583,0.6253624180110058,0.2898550724637681,,,,,,,,,,,,,,,,,8.0,,,,
random_forest__per_dy__log1p__two_stage,type,Annuity,24.0,13.0,3.0,4.024708713882474,7.8103610041390255,1.4411293263253793,2.603453668046342,1.4411293263253793,1.441129326325379,24.0,4.024483516574306,1.4409000869074289,0.1287128712871287,1.3893189433710116,0.842479949997606,7.707733477511192,3.54825644602903,0.0,0.0,4.024708713882474,4.024708713882474,0.8424815521696907,7.706600455122252,3.5480715675551657,0.842479949997606,7.707733477511192,3.54825644602903,,,8.0,,,,
random_forest__per_dy__log1p__two_stage,arms,8,,,3.0,,,,,,,,,,,,,,,,,,,,,,,,,,,8.0,3.004148380271114,True,True,100.0
random_forest__per_dy__log1p__two_stage,type,__global__,2698.0,9.0,2.0,2.4612026178426785,0.0477388228223113,0.9430593523989336,0.0238694114111556,0.9430593523989336,0.9430593523989336,2698.0,2.4312974538696217,0.906352450002939,0.18,,,,,,,,,,,,,,,,,9.0,,,,
random_forest__per_dy__log1p__two_stage,arms,9,,,2.0,,,,,,,,,,,,,,,,,,,,,,,,,,,9.0,,False,True,100.0
random_forest__per_dy__log1p__two_stage,arms,10,,,,,,,,,,,,,,,,,,,,,,,,,,,,,,10.0,,False,False,
random_forest__per_dy__raw__include_zeros,dy,2,28988.0,16192.0,3.0,1.0001962680665883,0.0069514073996864,0.0004121644943915,0.0023171357998954,0.0004121644943915,0.0004121644943915,28988.0,1.0001962611402553,0.0004121354041283,1.0,1.0001962680665883,0.0,0.0,1.0,0.0,0.0,0.9992365791080716,0.9992365791080716,0.0,0.0,1.0,0.0,0.0,1.0,0.0,1.0,,,,,
random_forest__per_dy__raw__include_zeros,dy,3,25377.0,4799.0,3.0,0.9896343108226792,0.0105413026729462,0.0013537806864172,0.0035137675576487,0.0013537806864172,0.0013537806864172,25377.0,0.9896351800086431,0.0013535537583616,1.0,0.9896343108226792,0.0,0.0,1.0,0.0,0.0,0.9992365791080716,0.9992365791080716,0.0,0.0,1.0,0.0,0.0,1.0,0.0,1.0,,,,,
random_forest__per_dy__raw__include_zeros,dy,4,21277.0,1929.0,3.0,1.0180977804868556,0.0096132985215607,0.0045526766369777,0.0032044328405202,0.0045526766369777,0.0045526766369777,21277.0,1.018094990942149,0.0045512734961509,1.0,1.0180977804868556,0.0,0.0,1.0,0.0,0.0,0.9992365791080716,0.9992365791080716,0.0,0.0,1.0,0.0,0.0,1.0,0.0,1.0,,,,,
random_forest__per_dy__raw__include_zeros,dy,5,17162.0,753.0,3.0,1.022485373897968,0.4166208474898054,0.0444169678661369,0.1388736158299351,0.0444169678661369,0.0444169678661369,17162.0,1.0224797553709448,0.0443947725441283,1.0,1.022485373897968,0.0,0.0,1.0,0.0,0.0,0.9992365791080716,0.9992365791080716,0.0,0.0,1.0,0.0,0.0,1.0,0.0,1.0,,,,,
random_forest__per_dy__raw__include_zeros,dy,6,12899.0,236.0,3.0,0.9376734333983664,0.1481894213187307,0.1072167460703473,0.0493964737729102,0.1072167460703473,0.1072167460703473,12899.0,0.9376906999679612,0.1071573205193683,1.0,0.9376734333983664,0.0,0.0,1.0,0.0,0.0,0.9992365791080716,0.9992365791080716,0.0,0.0,1.0,0.0,0.0,1.0,0.0,1.0,,,,,
random_forest__per_dy__raw__include_zeros,dy,7,9190.0,82.0,3.0,0.9515382975598125,0.0685768840742363,0.083036370138456,0.0228589613580787,0.083036370138456,0.083036370138456,9190.0,0.951557336207746,0.0829710525443719,1.0,0.9515382975598125,0.0,0.0,1.0,0.0,0.0,0.9992365791080716,0.9992365791080716,0.0,0.0,1.0,0.0,0.0,1.0,0.0,1.0,,,,,
random_forest__per_dy__raw__include_zeros,dy,8,5691.0,20.0,3.0,1.1220638586004248,0.4796821496115943,0.0985115332665957,0.1598940498705314,0.0985115332665957,0.0985115332665957,5691.0,1.1215429882423156,0.0976678417847849,0.4,1.04882554344017,0.0,0.0,1.0,0.0,0.0,0.9992365791080716,0.9992365791080716,0.0,0.0,1.0,0.0,0.0,1.0,0.0,1.0,,,,,
random_forest__per_dy__raw__include_zeros,type,__global__,28988.0,16192.0,3.0,1.0001962680665883,0.0069514073996864,0.0004121644943915,0.0023171357998954,0.0004121644943915,0.0004121644943915,28988.0,1.0001962611402553,0.0004121354041283,1.0,,,,,,,,,,,,,,,,,2.0,,,,
random_forest__per_dy__raw__include_zeros,type,Annuity,92.0,51.0,3.0,1.5266021133676595,1.8732746692983864,0.1899535966318773,0.6244248897661289,0.1899535966318773,0.1899535966318773,92.0,1.526599497508491,0.1899516784852684,0.5368421052631579,1.2827021871763225,0.0350520094837667,0.0069001182820787,1.0184584622719348,0.0906655886560829,0.0189394071544222,1.0347685895589451,1.0793609655158578,0.0350545786859438,0.006900572729721,1.01845972352139,0.0350520094837668,0.0069001182820787,1.0184584622719348,,,2.0,,,,
random_forest__per_dy__raw__include_zeros,type,Bodily,2857.0,1698.0,3.0,1.0357640653715745,0.0430088865444828,0.0044629407446421,0.0143362955148276,0.0044629407446421,0.0044629407446421,2857.0,1.0357634772812057,0.0044627939058236,1.0,1.0357640653715745,0.60724126010898,0.0069001182820787,1.0217174161228548,0.8092951714122412,0.0189394071544222,1.0347685895589451,1.0355742233273637,0.6072648142968465,0.006900572729721,1.0217179013897808,0.6072412601089806,0.0069001182820787,1.0217174161228548,,,2.0,,,,
random_forest__per_dy__raw__include_zeros,type,Lost,22.0,18.0,3.0,1.306210530096344,0.0172331434323865,0.132998500922896,0.0057443811441288,0.132998500922896,0.132998500922896,22.0,1.3061999355340892,0.1329890098221902,0.36,1.1102357908346838,0.0493222758115209,0.0069001182820787,1.015103000221804,0.1246522832523421,0.0189394071544222,1.0347685895589451,1.0686044472173784,0.0493287105718562,0.006900572729721,1.015104447997082,0.049322275811521,0.0069001182820787,1.015103000221804,,,2.0,,,,
random_forest__per_dy__raw__include_zeros,type,Material,22070.0,12754.0,3.0,0.9763994658755252,0.0043436944119105,0.0001927575116026,0.0014478981373035,0.0001927575116026,0.0001927575116026,22070.0,0.9764003878161304,0.0001927424614944,1.0,0.9763994658755252,0.972823785836715,0.0069001182820787,0.9770408390452596,0.9899249502098962,0.0189394071544222,1.0347685895589451,0.9769875377028404,0.9728275910066492,0.006900572729721,0.9770416461304752,0.9728237858367152,0.0069001182820787,0.9770408390452596,,,2.0,,,,
random_forest__per_dy__raw__include_zeros,type,Remaining,39.0,27.0,3.0,1.2968498292944903,0.1734957212808918,0.0897374166550279,0.0578319070936306,0.0897374166550279,0.0897374166550279,39.0,1.2968407971411453,0.089731856267518,0.54,1.160298907819025,0.0714020518690736,0.0069001182820787,1.021195686908611,0.1742727335096749,0.0189394071544222,1.0347685895589451,1.0804422036092631,0.0714105275147143,0.006900572729721,1.0211975579117376,0.0714020518690737,0.0069001182820787,1.021195686908611,,,2.0,,,,
random_forest__per_dy__raw__include_zeros,type,Technical,3908.0,1644.0,3.0,0.9510536389248226,0.0237610061658778,0.0046803733841833,0.0079203353886259,0.0046803733841833,0.0046803733841833,3908.0,0.9510567107247136,0.0046797863916021,1.0,0.9510536389248226,0.5958398383188781,0.0069001182820787,0.9708358081306688,0.8018451790213088,0.0189394071544222,1.0347685895589451,0.9676421599809673,0.5958859010697556,0.006900572729721,0.9708353839688784,0.5958398383188787,0.0069001182820787,0.9708358081306688,,,2.0,,,,
random_forest__per_dy__raw__include_zeros,arms,2,,,3.0,,,,,,,,,,,,,,,,,,,,,,,,,,,2.0,,True,True,100.0
random_forest__per_dy__raw__include_zeros,type,__global__,25377.0,4799.0,3.0,0.9896343108226792,0.0105413026729462,0.0013537806864172,0.0035137675576487,0.0013537806864172,0.0013537806864172,25377.0,0.9896351800086431,0.0013535537583616,1.0,,,,,,,,,,,,,,,,,3.0,,,,
random_forest__per_dy__raw__include_zeros,type,Annuity,92.0,72.0,3.0,1.002849845333761,0.2553501175072837,0.0210587979080554,0.0851167058357612,0.0210587979080554,0.0210587979080554,92.0,1.0028498385293243,0.0210586973355088,1.0,1.002849845333761,0.0,0.0,1.0,0.0,0.0,0.9756902007623272,0.9756902007623272,0.0,0.0,1.0,0.0,0.0,1.0,,,3.0,,,,
random_forest__per_dy__raw__include_zeros,type,Bodily,2798.0,1437.0,3.0,1.0150322034275956,0.0847102414241816,0.0048964788606547,0.0282367471413938,0.0048964788606547,0.0048964788606547,2798.0,1.015031836133516,0.0048962394250555,1.0,1.0150322034275956,0.0,0.0,1.0,0.0,0.0,0.9756902007623272,0.9756902007623272,0.0,0.0,1.0,0.0,0.0,1.0,,,3.0,,,,
random_forest__per_dy__raw__include_zeros,type,Material,19162.0,2644.0,3.0,0.9631187851188316,0.0070817739849606,0.0011968599172664,0.0023605913283202,0.0011968599172664,0.0011968599172664,19162.0,0.963124242849219,0.0011965065088607,1.0,0.9631187851188316,0.0,0.0,1.0,0.0,0.0,0.9756902007623272,0.9756902007623272,0.0,0.0,1.0,0.0,0.0,1.0,,,3.0,,,,
random_forest__per_dy__raw__include_zeros,type,Technical,3267.0,642.0,3.0,1.0028589720827148,0.3935322332065603,0.0230398905328324,0.1311774110688534,0.0230398905328324,0.0230398905328324,3267.0,1.0028584965190732,0.0230322255106521,1.0,1.0028589720827148,0.0,0.0,1.0,0.0,0.0,0.9756902007623272,0.9756902007623272,0.0,0.0,1.0,0.0,0.0,1.0,,,3.0,,,,
random_forest__per_dy__raw__include_zeros,arms,3,,,3.0,,,,,,,,,,,,,,,,,,,,,,,,,,,3.0,,True,True,100.0
random_forest__per_dy__raw__include_zeros,type,__global__,21277.0,1929.0,3.0,1.0180977804868556,0.0096132985215607,0.0045526766369777,0.0032044328405202,0.0045526766369777,0.0045526766369777,21277.0,1.018094990942149,0.0045512734961509,1.0,,,,,,,,,,,,,,,,,4.0,,,,
random_forest__per_dy__raw__include_zeros,type,Annuity,76.0,65.0,3.0,4.091595567257761,4.218072576925287,0.5792163756194415,1.4060241923084291,0.5792163756194415,0.5792163756194414,76.0,4.091566639109185,0.5792035358163306,0.2372262773722627,1.7334077075611476,0.8014855342138519,2.3385376194138914,3.477869124796763,0.8250928217498376,2.7323479719055785,1.4709448219900028,3.633224940223792,0.8014838459624546,2.338460966724785,3.4778407199624497,0.8014855342138519,2.3385376194138914,3.477869124796763,,,4.0,,,,
random_forest__per_dy__raw__include_zeros,type,Bodily,2385.0,647.0,3.0,1.1161923231222093,0.013442987541384,0.011295696165671,0.004480995847128,0.011295696165671,0.011295696165671,2385.0,1.1161873679499938,0.0112947294313452,1.0,1.1161923231222093,0.9951929798208324,2.3385376194138914,1.1156337842802966,0.9958829580177913,2.7323479719055785,1.4709448219900028,1.1176528540533417,0.99519323244973,2.338460966724785,1.1156288822799805,0.9951929798208324,2.3385376194138914,1.1156337842802966,,,4.0,,,,
random_forest__per_dy__raw__include_zeros,type,Material,16165.0,858.0,3.0,0.6411763118456851,0.0055048545766219,0.0012336150977388,0.0018349515255406,0.0012336150977388,0.0012336150977388,16165.0,0.6412851499613051,0.0012328876544256,1.0,0.6411763118456851,0.9994727625164618,2.3385376194138914,0.6413654971440614,0.9995487183906988,2.7323479719055785,1.4709448219900028,0.6415507711142905,0.9994730559931512,2.338460966724785,0.6414741726017007,0.9994727625164618,2.3385376194138914,0.6413654971440614,,,4.0,,,,
random_forest__per_dy__raw__include_zeros,type,Technical,2602.0,350.0,3.0,0.4839573385771077,0.0329004601118055,0.0206221104910402,0.0109668200372685,0.0206221104910402,0.0206221104910402,2602.0,0.4840236400224345,0.020616716416752,1.0,0.5,0.9912587052798364,2.3385376194138914,0.4884682195687827,0.9925091410826058,2.7323479719055785,1.4709448219900028,0.4913507225685876,0.9912606877831606,2.338460966724785,0.4885329185287868,0.9912587052798364,2.3385376194138914,0.4884682195687827,,,4.0,,,,
random_forest__per_dy__raw__include_zeros,arms,4,,,3.0,,,,,,,,,,,,,,,,,,,,,,,,,,,4.0,,True,True,100.0
random_forest__per_dy__raw__include_zeros,type,__global__,17162.0,753.0,3.0,1.022485373897968,0.4166208474898054,0.0444169678661369,0.1388736158299351,0.0444169678661369,0.0444169678661369,17162.0,1.0224797553709448,0.0443947725441283,1.0,,,,,,,,,,,,,,,,,5.0,,,,
random_forest__per_dy__raw__include_zeros,type,Annuity,61.0,49.0,3.0,2.3598202796073418,12.63100644904047,0.9889913247134448,4.21033548301349,0.9889913247134448,0.9889913247134446,61.0,2.35981412687505,0.9889820472759694,0.0792880258899676,1.10781746553521,0.2341246632214425,0.3023302223066785,1.3183674650047568,0.3620575929693545,0.5612917632486565,0.8317100596992607,1.3849739677110515,0.2340746049697173,0.3022429906885542,1.3182979545805185,0.2341246632214425,0.3023302223066785,1.3183674650047568,,,5.0,,,,
random_forest__per_dy__raw__include_zeros,type,Bodily,1977.0,281.0,3.0,0.8034391771271815,0.10914876023555,0.0348020605307489,0.0363829200785166,0.0348020605307489,0.0348020605307489,1977.0,0.8034524309961655,0.0347973994201141,1.0,0.8034391771271815,0.8967703115292248,0.3023302223066785,0.8237300896379017,0.941616471866637,0.5612917632486565,0.8317100596992607,0.8050897309951834,0.896755995894454,0.3022429906885542,0.8237447890173324,0.8967703115292248,0.3023302223066785,0.8237300896379017,,,5.0,,,,
random_forest__per_dy__raw__include_zeros,type,Material,13107.0,257.0,3.0,0.5810002321947837,0.0154682160191435,0.0048632069601369,0.0051560720063811,0.0048632069601369,0.0048632069601369,13107.0,0.5813215974787277,0.0048563328138639,1.0,0.5810002321947837,0.9841689095637752,0.3023302223066785,0.5876334554116652,0.9914101134564914,0.5612917632486565,0.8317100596992607,0.5831538011683898,0.9841864424887744,0.3022429906885542,0.5879423924757059,0.9841689095637752,0.3023302223066785,0.5876334554116652,,,5.0,,,,
random_forest__per_dy__raw__include_zeros,type,Technical,1975.0,165.0,3.0,0.5313424382678487,0.1282763000587927,0.0449705840783341,0.0427587666862642,0.0449705840783341,0.0449705840783341,1975.0,0.5314496724362626,0.0449486784639577,1.0,0.5313424382678487,0.8705140234299358,0.3023302223066785,0.5920270203256814,0.9258232277221085,0.5612917632486565,0.8317100596992607,0.5536227389224184,0.8705364141551074,0.3022429906885542,0.5921098779914631,0.8705140234299358,0.3023302223066785,0.5920270203256814,,,5.0,,,,
random_forest__per_dy__raw__include_zeros,arms,5,,,3.0,,,,,,,,,,,,,,,,,,,,,,,,,,,5.0,,True,True,100.0
random_forest__per_dy__raw__include_zeros,type,__global__,12899.0,236.0,3.0,0.9376734333983664,0.1481894213187307,0.1072167460703473,0.0493964737729102,0.1072167460703473,0.1072167460703473,12899.0,0.9376906999679612,0.1071573205193683,1.0,,,,,,,,,,,,,,,,,6.0,,,,
random_forest__per_dy__raw__include_zeros,type,Annuity,50.0,38.0,3.0,3.3746182168324035,7.267410200422466,2.2153376812306855,2.422470066807489,2.2153376812306855,2.215337681230686,50.0,3.3746060169137793,2.215314706340214,0.1376811594202898,1.326940189274027,0.3403987345873507,1.1432636395911615,1.8083170361378216,0.4577797288018295,1.8703407762259976,0.7836561129579355,1.969746042205407,0.3403285560537762,1.1428944850232456,1.8081462369328751,0.3403987345873507,1.1432636395911615,1.8083170361378216,,,6.0,,,,
random_forest__per_dy__raw__include_zeros,type,Bodily,1559.0,99.0,3.0,0.217526944782895,0.0093443390625164,0.0027753235860339,0.0031147796875054,0.0027753235860339,0.0027753235860339,1559.0,0.2175871375706317,0.00277504739754,1.0,0.5,0.9975783340050326,1.1432636395911615,0.2194218331726926,0.9985183387264076,1.8703407762259976,0.7836561129579355,0.2183657564472311,0.9975777941902004,1.1428944850232456,0.2194823025516701,0.9975783340050326,1.1432636395911615,0.2194218331726926,,,6.0,,,,
random_forest__per_dy__raw__include_zeros,type,Material,9842.0,52.0,3.0,0.1324103850949409,0.0016503492549984,0.0015985684139837,0.0005501164183328,0.0015985684139837,0.0015985684139837,9842.0,0.1332443330938101,0.0015964985131192,1.0,0.5,0.9986037023470544,1.1432636395911615,0.1336217984379528,0.9991460362118244,1.8703407762259976,0.7836561129579355,0.1329665253637399,0.9986050580248468,1.1428944850232456,0.1344534069557795,0.9986037023470544,1.1432636395911615,0.1336217984379528,,,6.0,,,,
random_forest__per_dy__raw__include_zeros,type,Technical,1411.0,47.0,3.0,0.8174510260775988,1.8287414053198852,0.2443454940289752,0.6095804684399617,0.2443454940289752,0.2443454940289751,1411.0,0.8174927729553609,0.2442337045517028,0.5529411764705883,0.8990611555958488,0.8239089898525663,1.1432636395911615,0.8495962592969719,0.8844530758694935,1.8703407762259976,0.7836561129579355,0.813546127815364,0.8239285262982491,1.1428944850232456,0.8496270893823306,0.8239089898525663,1.1432636395911615,0.8495962592969719,,,6.0,,,,
random_forest__per_dy__raw__include_zeros,arms,6,,,3.0,,,,,,,,,,,,,,,,,,,,,,,,,,,6.0,,True,True,100.0
random_forest__per_dy__raw__include_zeros,type,__global__,9190.0,82.0,3.0,0.9515382975598125,0.0685768840742363,0.083036370138456,0.0228589613580787,0.083036370138456,0.083036370138456,9190.0,0.951557336207746,0.0829710525443719,1.0,,,,,,,,,,,,,,,,,7.0,,,,
random_forest__per_dy__raw__include_zeros,type,Annuity,41.0,29.0,3.0,2.665483031931871,2.4000000385948033,0.6622770956713365,0.8000000128649344,0.6622770956713365,0.6622770956713365,41.0,2.665474113859598,0.6622700300397316,0.4202898550724637,1.6999856221162934,0.6188662728529466,1.0753731003078015,2.030711276471502,0.6873490158594152,1.4559861731675712,0.6142649631077696,2.024167684027066,0.6186733112609827,1.0744823389847031,2.0303843848409686,0.6188662728529466,1.0753731003078015,2.030711276471502,,,7.0,,,,
random_forest__per_dy__raw__include_zeros,type,Bodily,1094.0,25.0,3.0,0.098400666313725,0.0070632386597341,0.0015784162907014,0.002354412886578,0.0015784162907014,0.0015784162907014,1094.0,0.0985061635718499,0.0015783258909914,0.5,0.5492003331568626,0.99853436643491,1.0753731003078015,0.0997220805594385,0.9989170865551228,1.4559861731675712,0.6142649631077696,0.0989593026964554,0.99853323707249,1.0744823389847031,0.0998284413105013,0.99853436643491,1.0753731003078015,0.0997220805594385,,,7.0,,,,
random_forest__per_dy__raw__include_zeros,type,Material,7013.0,15.0,3.0,0.0995581765159037,0.0143268835981993,0.00236861688803,0.0047756278660664,0.00236861688803,0.00236861688803,7013.0,0.1011475185301967,0.002365794217618,0.3,0.7298674529547711,0.9978022406943724,1.0753731003078015,0.101537130912642,0.9983758294592088,1.4559861731675712,0.6142649631077696,0.1003941481158315,0.997803038195755,1.0744823389847031,0.1031222630996367,0.9978022406943724,1.0753731003078015,0.101537130912642,,,7.0,,,,
random_forest__per_dy__raw__include_zeros,type,Technical,1017.0,13.0,3.0,0.2259823316423158,0.0840106766301386,0.0288973864844676,0.0280035588767128,0.0288973864844676,0.0288973864844676,1017.0,0.2263202480788284,0.0288677969444315,0.26,0.7987554062270021,0.9738312425894764,1.0753731003078015,0.2462374122370272,0.9805389545216332,1.4559861731675712,0.6142649631077696,0.233538717591725,0.9738362320315284,1.0744823389847031,0.2465626255899986,0.9738312425894764,1.0753731003078015,0.2462374122370272,,,7.0,,,,
random_forest__per_dy__raw__include_zeros,arms,7,,,3.0,,,,,,,,,,,,,,,,,,,,,,,,,,,7.0,,True,True,100.0
random_forest__per_dy__raw__include_zeros,type,__global__,5691.0,20.0,3.0,1.1220638586004248,0.4796821496115943,0.0985115332665957,0.1598940498705314,0.0985115332665957,0.0985115332665957,5691.0,1.1215429882423156,0.0976678417847849,0.4,,,,,,,,,,,,,,,,,8.0,,,,
random_forest__per_dy__raw__include_zeros,type,Annuity,24.0,13.0,3.0,1.4280504578497828,0.9404544934900648,0.1892771593304582,0.3134848311633549,0.1892771593304582,0.1892771593304582,24.0,1.4280391493611932,0.1892667534979545,0.26,1.1112931190409436,0.0,0.0,1.0,0.0,0.0,1.4280504578497828,1.4280504578497828,0.0,0.0,1.0,0.0,0.0,1.0,,,8.0,,,,
random_forest__per_dy__raw__include_zeros,arms,8,,,3.0,,,,,,,,,,,,,,,,,,,,,,,,,,,8.0,,True,True,100.0
random_forest__per_dy__raw__include_zeros,type,__global__,2698.0,9.0,2.0,1.1490644106595205,1.2944924809796406e-05,0.2224174637284293,6.472462404898203e-06,0.2224174637284293,0.2224174637284293,2698.0,1.1476243811735765,0.2181145359542035,0.18,,,,,,,,,,,,,,,,,9.0,,,,
random_forest__per_dy__raw__include_zeros,arms,9,,,2.0,,,,,,,,,,,,,,,,,,,,,,,,,,,9.0,,False,True,100.0
random_forest__per_dy__raw__include_zeros,arms,10,,,,,,,,,,,,,,,,,,,,,,,,,,,,,,10.0,,False,False,
random_forest__per_dy__raw__two_stage,dy,2,28988.0,16192.0,3.0,1.008782514631652,0.006801319503344,0.0004204190816663,0.0022671065011146,0.0004204190816663,0.0004204190816663,28988.0,1.008782202034667,0.0004203891545654,1.0,1.008782514631652,0.0,0.0,1.0,0.0,0.0,1.0110520693984697,1.0110520693984697,0.0,0.0,1.0,0.0,0.0,1.0,0.0,1.0,,,,,
random_forest__per_dy__raw__two_stage,dy,3,25377.0,4799.0,3.0,1.009591259138001,0.0100585019369579,0.0013875530513366,0.0033528339789859,0.0013875530513366,0.0013875530513366,25377.0,1.0095904386726389,0.0013873156103544,1.0,1.009591259138001,0.0,0.0,1.0,0.0,0.0,1.0110520693984697,1.0110520693984697,0.0,0.0,1.0,0.0,0.0,1.0,0.0,1.0,,,,,
random_forest__per_dy__raw__two_stage,dy,4,21277.0,1929.0,3.0,1.0283748221255369,0.0107715210165043,0.0045522957381555,0.0035905070055014,0.0045522957381555,0.0045522957381555,21277.0,1.028370404362407,0.0045508792856489,1.0,1.0283748221255369,0.0,0.0,1.0,0.0,0.0,1.0110520693984697,1.0110520693984697,0.0,0.0,1.0,0.0,0.0,1.0,0.0,1.0,,,,,
random_forest__per_dy__raw__two_stage,dy,5,17162.0,753.0,3.0,1.0156871412049346,0.5653271018263919,0.0445713835336681,0.1884423672754639,0.0445713835336681,0.0445713835336681,17162.0,1.0156832474399302,0.0445492356113172,1.0,1.0156871412049346,0.0,0.0,1.0,0.0,0.0,1.0110520693984697,1.0110520693984697,0.0,0.0,1.0,0.0,0.0,1.0,0.0,1.0,,,,,
random_forest__per_dy__raw__two_stage,dy,6,12899.0,236.0,3.0,1.1855424254439542,0.2634741667698623,0.1691646152785894,0.0878247222566207,0.1691646152785894,0.1691646152785894,12899.0,1.1854774409450035,0.1690464452091079,1.0,1.1855424254439542,0.0,0.0,1.0,0.0,0.0,1.0110520693984697,1.0110520693984697,0.0,0.0,1.0,0.0,0.0,1.0,0.0,1.0,,,,,
random_forest__per_dy__raw__two_stage,dy,7,9190.0,82.0,3.0,0.996581437438501,0.1793762076099384,0.0830799475085574,0.0597920692033127,0.0830799475085574,0.0830799475085574,9190.0,0.9965828440022266,0.0830115885378773,1.0,0.996581437438501,0.0,0.0,1.0,0.0,0.0,1.0110520693984697,1.0110520693984697,0.0,0.0,1.0,0.0,0.0,1.0,0.0,1.0,,,,,
random_forest__per_dy__raw__two_stage,dy,8,5691.0,20.0,3.0,1.2217715295954936,1.190172302100832,0.1250905530353862,0.3967241007002773,0.1250905530353862,0.1250905530353862,5691.0,1.220741484782245,0.1239255057873856,0.4,1.0887086118381974,0.0,0.0,1.0,0.0,0.0,1.0110520693984697,1.0110520693984697,0.0,0.0,1.0,0.0,0.0,1.0,0.0,1.0,,,,,
random_forest__per_dy__raw__two_stage,type,__global__,28988.0,16192.0,3.0,1.008782514631652,0.006801319503344,0.0004204190816663,0.0022671065011146,0.0004204190816663,0.0004204190816663,28988.0,1.008782202034667,0.0004203891545654,1.0,,,,,,,,,,,,,,,,,2.0,,,,
random_forest__per_dy__raw__two_stage,type,Annuity,92.0,51.0,3.0,4.539464740243452,43.0400120323646,1.6523047065536978,14.346670677454869,1.6523047065536978,1.6523047065536978,92.0,4.539412459243961,1.6522538744382724,0.0232346241457858,1.0822381329168185,0.5217324817084994,1.8024661975130716,2.8466537228469457,0.5168269276435224,1.767390638833127,1.4173038436701195,3.0309206674548603,0.5217328842154131,1.8024136532000965,2.8466278707893196,0.5217324817084994,1.8024661975130716,2.8466537228469457,,,2.0,,,,
random_forest__per_dy__raw__two_stage,type,Bodily,2857.0,1698.0,3.0,1.1277103360009646,0.0481076196904246,0.0052846352743768,0.0160358732301415,0.0052846352743768,0.0052846352743768,2857.0,1.1277080495635297,0.0052844460265024,1.0,1.1277103360009646,0.9970766793860476,1.8024661975130716,1.1273369977431182,0.997018836246228,1.767390638833127,1.4173038436701195,1.1285736616693556,0.9970766987979004,1.8024136532000965,1.1273347204687227,0.9970766793860476,1.8024661975130716,1.1273369977431182,,,2.0,,,,
random_forest__per_dy__raw__two_stage,type,Lost,22.0,18.0,3.0,1.2623729269188635,0.0266843228623629,0.1182771335824098,0.0088947742874543,0.1182771335824098,0.1182771335824098,22.0,1.2623641537414505,0.1182690634934399,0.36,1.0944542536907909,0.9384211666037902,1.8024661975130716,1.246216308164451,0.9372757304798728,1.767390638833127,1.4173038436701195,1.2720908554981698,0.9384234249282772,1.8024136532000965,1.246208667732461,0.9384211666037902,1.8024661975130716,1.246216308164451,,,2.0,,,,
random_forest__per_dy__raw__two_stage,type,Material,22070.0,12754.0,3.0,0.9496034626397472,0.0043296186156162,0.0001795504890003,0.0014432062052054,0.0001795504890003,0.0001795504890003,22070.0,0.949605377323408,0.0001795368537386,1.0,0.9496034626397472,0.9999003961320746,1.8024661975130716,0.9496084823297984,0.9998984195987888,1.767390638833127,1.4173038436701195,0.9496509718320988,0.9999004007921868,1.8024136532000965,0.9496103965879048,0.9999003961320746,1.8024661975130716,0.9496084823297984,,,2.0,,,,
random_forest__per_dy__raw__two_stage,type,Remaining,39.0,27.0,3.0,1.2113690847166747,0.1469574539827236,0.0748365507325353,0.0489858179942412,0.0748365507325353,0.0748365507325353,39.0,1.2113630773570236,0.074832255777574,0.54,1.1141393057470044,0.9601361310515992,1.8024661975130716,1.2029430952237858,0.9593771326596372,1.767390638833127,1.4173038436701195,1.21973474511041,0.9601372119551844,1.8024136532000965,1.2029375558038409,0.9601361310515992,1.8024661975130716,1.2029430952237858,,,2.0,,,,
random_forest__per_dy__raw__two_stage,type,Technical,3908.0,1644.0,3.0,0.9016377149128344,0.0042361908523506,0.0041722084970908,0.0014120636174502,0.0041722084970908,0.0041722084970908,3908.0,0.9016435672534476,0.0041717122802366,1.0,0.9016377149128344,0.9976906233791936,1.8024661975130716,0.9018648704743836,0.9976448995284708,1.767390638833127,1.4173038436701195,0.9028521604558222,0.9976908302480756,1.8024136532000965,0.9018706889528532,0.9976906233791936,1.8024661975130716,0.9018648704743836,,,2.0,,,,
random_forest__per_dy__raw__two_stage,arms,2,,,3.0,,,,,,,,,,,,,,,,,,,,,,,,,,,2.0,,True,True,100.0
random_forest__per_dy__raw__two_stage,type,__global__,25377.0,4799.0,3.0,1.009591259138001,0.0100585019369579,0.0013875530513366,0.0033528339789859,0.0013875530513366,0.0013875530513366,25377.0,1.0095904386726389,0.0013873156103544,1.0,,,,,,,,,,,,,,,,,3.0,,,,
random_forest__per_dy__raw__two_stage,type,Annuity,92.0,72.0,3.0,0.9613448517545272,0.2372042098745882,0.0199157881039415,0.079068069958196,0.0199157881039415,0.0199157881039415,92.0,0.9613449402297308,0.0199156970420497,1.0,0.9613448517545272,0.0,0.0,1.0,0.0,0.0,1.004566147879501,1.004566147879501,0.0,0.0,1.0,0.0,0.0,1.0,,,3.0,,,,
random_forest__per_dy__raw__two_stage,type,Bodily,2798.0,1437.0,3.0,1.0288690059426944,0.0777033375446909,0.0048697902659378,0.0259011125148969,0.0048697902659378,0.0048697902659378,2798.0,1.0288682909473197,0.004869548926871,1.0,1.0288690059426944,0.0,0.0,1.0,0.0,0.0,1.004566147879501,1.004566147879501,0.0,0.0,1.0,0.0,0.0,1.0,,,3.0,,,,
random_forest__per_dy__raw__two_stage,type,Material,19162.0,2644.0,3.0,0.9967481794284624,0.00908541339601,0.0012265564053905,0.0030284711320033,0.0012265564053905,0.0012265564053905,19162.0,0.9967486774369986,0.001226180769291,1.0,0.9967481794284624,0.0,0.0,1.0,0.0,0.0,1.004566147879501,1.004566147879501,0.0,0.0,1.0,0.0,0.0,1.0,,,3.0,,,,
random_forest__per_dy__raw__two_stage,type,Technical,3267.0,642.0,3.0,1.102824127324772,0.531446353419921,0.0276503844091525,0.1771487844733069,0.0276503844091525,0.0276503844091525,3267.0,1.1028053188770015,0.0276402636614335,1.0,1.102824127324772,0.0,0.0,1.0,0.0,0.0,1.004566147879501,1.004566147879501,0.0,0.0,1.0,0.0,0.0,1.0,,,3.0,,,,
random_forest__per_dy__raw__two_stage,arms,3,,,3.0,,,,,,,,,,,,,,,,,,,,,,,,,,,3.0,,True,True,100.0
random_forest__per_dy__raw__two_stage,type,__global__,21277.0,1929.0,3.0,1.0283748221255369,0.0107715210165043,0.0045522957381555,0.0035905070055014,0.0045522957381555,0.0045522957381555,21277.0,1.028370404362407,0.0045508792856489,1.0,,,,,,,,,,,,,,,,,4.0,,,,
random_forest__per_dy__raw__two_stage,type,Annuity,76.0,65.0,3.0,3.2632321942757896,2.6281292790162354,0.3536376373760143,0.8760430930054118,0.3536376373760143,0.3536376373760145,76.0,3.263215304527551,0.3536317670506272,0.3823529411764705,1.8653534860466257,0.780116364989506,1.2546568469276351,2.7655844725256524,0.8099037453657694,1.5066706472688258,1.307608111522803,2.8914753806719444,0.7801129374993847,1.2546109509566576,2.7655635394085523,0.7801163649895059,1.2546568469276351,2.765584472525652,,,4.0,,,,
random_forest__per_dy__raw__two_stage,type,Bodily,2385.0,647.0,3.0,1.0733760687069138,0.003431622494302,0.0103423619649774,0.0011438741647673,0.0103423619649774,0.0103423619649774,2385.0,1.0733730595187485,0.0103415127342549,1.0,1.0733760687069138,0.9918242146775482,1.2546568469276351,1.0727761617213607,0.993182417090674,1.5066706472688258,1.307608111522803,1.074972965078832,0.991824583902481,1.2546109509566576,1.0727732042268348,0.9918242146775482,1.2546568469276351,1.0727761617213607,,,4.0,,,,
random_forest__per_dy__raw__two_stage,type,Material,16165.0,858.0,3.0,0.6700120765705467,0.0026365881943435,0.001238378059622,0.0008788627314478,0.001238378059622,0.001238378059622,16165.0,0.6701166682633016,0.0012375864099837,1.0,0.6700120765705467,0.9990139479512437,1.2546568469276351,0.6703374618385092,0.999178744845464,1.5066706472688258,1.307608111522803,0.6705357056007629,0.9990145416639344,1.2546109509566576,0.6704417545424907,0.9990139479512437,1.2546568469276351,0.6703374618385092,,,4.0,,,,
random_forest__per_dy__raw__two_stage,type,Technical,2602.0,350.0,3.0,0.5794657559548826,0.0314555291355362,0.0294993275780137,0.010485176378512,0.0294993275780137,0.0294993275780137,2602.0,0.5795304476364641,0.0294901075118774,1.0,0.5794657559548826,0.9770282398950658,1.2546568469276351,0.5891261677249968,0.9807968336440408,1.5066706472688258,1.307608111522803,0.5934483947396735,0.9770344340755794,1.2546109509566576,0.5891867688604805,0.9770282398950658,1.2546568469276351,0.5891261677249968,,,4.0,,,,
random_forest__per_dy__raw__two_stage,arms,4,,,3.0,,,,,,,,,,,,,,,,,,,,,,,,,,,4.0,,True,True,100.0
random_forest__per_dy__raw__two_stage,type,__global__,17162.0,753.0,3.0,1.0156871412049346,0.5653271018263919,0.0445713835336681,0.1884423672754639,0.0445713835336681,0.0445713835336681,17162.0,1.0156832474399302,0.0445492356113172,1.0,,,,,,,,,,,,,,,,,5.0,,,,
random_forest__per_dy__raw__two_stage,type,Annuity,61.0,49.0,3.0,1.3533634098920526,4.231886579374809,0.3552510864623379,1.410628859791603,0.3552510864623379,0.3552510864623378,61.0,1.353362492944655,0.355249163972416,0.2367149758454106,1.0836464110372492,0.0,0.0,1.0,0.0,0.0,0.7831546231789952,0.7831546231789952,0.0,0.0,1.0,0.0,0.0,1.0,,,5.0,,,,
random_forest__per_dy__raw__two_stage,type,Bodily,1977.0,281.0,3.0,0.9130429801048056,0.1310094667374124,0.0423971893505621,0.0436698222458041,0.0423971893505621,0.0423971893505621,1977.0,0.9130496433313822,0.0423907056137889,1.0,0.9130429801048056,0.0,0.0,1.0,0.0,0.0,0.7831546231789952,0.7831546231789952,0.0,0.0,1.0,0.0,0.0,1.0,,,5.0,,,,
random_forest__per_dy__raw__two_stage,type,Material,13107.0,257.0,3.0,0.7178683090395144,0.0257062512748929,0.0076869385498806,0.0085687504249643,0.0076869385498806,0.0076869385498806,13107.0,0.7181356263377705,0.0076733575722334,1.0,0.7178683090395144,0.0,0.0,1.0,0.0,0.0,0.7831546231789952,0.7831546231789952,0.0,0.0,1.0,0.0,0.0,1.0,,,5.0,,,,
random_forest__per_dy__raw__two_stage,type,Technical,1975.0,165.0,3.0,0.7695344255274151,0.528351315007236,0.0620958072433191,0.1761171050024119,0.0620958072433191,0.0620958072433191,1975.0,0.7696107902232371,0.0620518991562873,1.0,0.7695344255274151,0.0,0.0,1.0,0.0,0.0,0.7831546231789952,0.7831546231789952,0.0,0.0,1.0,0.0,0.0,1.0,,,5.0,,,,
random_forest__per_dy__raw__two_stage,arms,5,,,3.0,,,,,,,,,,,,,,,,,,,,,,,,,,,5.0,,True,True,100.0
random_forest__per_dy__raw__two_stage,type,__global__,12899.0,236.0,3.0,1.1855424254439542,0.2634741667698623,0.1691646152785894,0.0878247222566207,0.1691646152785894,0.1691646152785894,12899.0,1.1854774409450035,0.1690464452091079,1.0,,,,,,,,,,,,,,,,,6.0,,,,
random_forest__per_dy__raw__two_stage,type,Annuity,50.0,38.0,3.0,2.614395741916713,4.6478284347099414,1.386622885072654,1.549276144903314,1.386622885072654,1.3866228850726543,50.0,2.6143893162184866,1.3866117509112073,0.2159090909090909,1.3485627170047447,0.2286133406601514,0.4109488881536597,1.3690724037071034,0.3830514124015579,0.8609272559695289,0.805442513577499,1.498364602661193,0.2284270426408386,0.4105115641115483,1.368770177174755,0.2286133406601513,0.4109488881536596,1.3690724037071034,,,6.0,,,,
random_forest__per_dy__raw__two_stage,type,Bodily,1559.0,99.0,3.0,0.2706648818377334,0.0074086473157501,0.0039611058832205,0.00246954910525,0.0039611058832205,0.0039611058832205,1559.0,0.2707346910731374,0.0039603381002271,1.0,0.5,0.9904530959963608,0.4109488881536597,0.2776277741973114,0.9954200957511612,0.8609272559695289,0.805442513577499,0.2731141121855224,0.9904448574702088,0.4105115641115483,0.2777029250419658,0.9904530959963608,0.4109488881536596,0.2776277741973114,,,6.0,,,,
random_forest__per_dy__raw__two_stage,type,Material,9842.0,52.0,3.0,0.3080967606794321,0.0112366793056327,0.0071235971799885,0.0037455597685442,0.0071235971799885,0.0071235971799885,9842.0,0.3096423052525335,0.0070878096406472,1.0,0.5,0.9829608562393112,0.4109488881536597,0.3198861994427016,0.991793571593021,0.8609272559695289,0.805442513577499,0.3121781929941051,0.9830272503117948,0.4105115641115483,0.3213595736008086,0.9829608562393112,0.4109488881536596,0.3198861994427016,,,6.0,,,,
random_forest__per_dy__raw__two_stage,type,Technical,1411.0,47.0,3.0,1.432868574865383,1.9863790841910545,0.7628054810413627,0.6621263613970182,0.7628054810413627,0.7628054810413628,1411.0,1.4326950864373829,0.7621933845504001,0.5053763440860215,1.2187615378351937,0.3501148953639205,0.4109488881536597,1.151553735795323,0.5302148785608638,0.8609272559695289,0.805442513577499,1.1381131464691756,0.3500552842212701,0.4105115641115483,1.151467201463985,0.3501148953639204,0.4109488881536596,1.151553735795323,,,6.0,,,,
random_forest__per_dy__raw__two_stage,arms,6,,,3.0,,,,,,,,,,,,,,,,,,,,,,,,,,,6.0,,True,True,100.0
random_forest__per_dy__raw__two_stage,type,__global__,9190.0,82.0,3.0,0.996581437438501,0.1793762076099384,0.0830799475085574,0.0597920692033127,0.0830799475085574,0.0830799475085574,9190.0,0.9965828440022266,0.0830115885378773,1.0,,,,,,,,,,,,,,,,,7.0,,,,
random_forest__per_dy__raw__two_stage,type,Annuity,41.0,29.0,3.0,1.4435862438709324,1.455594164742071,0.2030660396896247,0.4851980549140236,0.2030660396896247,0.2030660396896246,41.0,1.443584957468882,0.2030648535967591,0.58,1.2572800214451407,0.6639504286339538,0.4012080228070436,1.294519276754231,0.5976316443631774,0.3016109232097937,0.4620723763658714,1.0486561229681828,0.6631520647313982,0.3997734966957419,1.2941642804292786,0.663950428633954,0.4012080228070436,1.2945192767542313,,,7.0,,,,
random_forest__per_dy__raw__two_stage,type,Bodily,1094.0,25.0,3.0,0.182166259452659,0.0363938818862325,0.0058056543093182,0.0121312939620775,0.0058056543093182,0.0058056543093182,1094.0,0.1823434005205892,0.0058048373883474,0.5,0.5910831297263295,0.9857359724359868,0.4012080228070436,0.1938318624706064,0.981114699941784,0.3016109232097937,0.4620723763658714,0.1874523704586951,0.9856875062089882,0.3997734966957419,0.1940461055238181,0.9857359724359868,0.4012080228070436,0.1938318624706064,,,7.0,,,,
random_forest__per_dy__raw__two_stage,type,Material,7013.0,15.0,3.0,0.2737178226542885,0.0967631654985605,0.016239834465895,0.0322543884995201,0.016239834465895,0.016239834465895,7013.0,0.277231439000103,0.0160928130376038,0.3,0.7821153467962866,0.9610973342347832,0.4012080228070436,0.3019721354508026,0.948907359590236,0.3016109232097937,0.4620723763658714,0.283341354136616,0.9613029171612326,0.3997734966957419,0.3052004738783728,0.9610973342347832,0.4012080228070436,0.3019721354508026,,,7.0,,,,
random_forest__per_dy__raw__two_stage,type,Technical,1017.0,13.0,3.0,0.3138148371300531,0.1288160251091041,0.0340130421090486,0.042938675036368,0.0340130421090486,0.0340130421090486,1017.0,0.3142307717472591,0.0339472655474465,0.26,0.8215918576538138,0.9218488146578884,0.4012080228070436,0.3674410209725093,0.8986572902303437,0.3016109232097937,0.4620723763658714,0.3288396578999921,0.9217301349101378,0.3997734966957419,0.3679058367253801,0.9218488146578884,0.4012080228070436,0.3674410209725093,,,7.0,,,,
random_forest__per_dy__raw__two_stage,arms,7,,,3.0,,,,,,,,,,,,,,,,,,,,,,,,,,,7.0,,True,True,100.0
random_forest__per_dy__raw__two_stage,type,__global__,5691.0,20.0,3.0,1.2217715295954936,1.190172302100832,0.1250905530353862,0.3967241007002773,0.1250905530353862,0.1250905530353862,5691.0,1.220741484782245,0.1239255057873856,0.4,,,,,,,,,,,,,,,,,8.0,,,,
random_forest__per_dy__raw__two_stage,type,Annuity,24.0,13.0,3.0,1.860402712529538,3.056517004545244,0.3554664640277662,1.0188390015150814,0.3554664640277662,0.3554664640277662,24.0,1.8603731002863917,0.3554400815178942,0.26,1.22370470525768,0.5198299230878369,0.3848263637004208,1.447263075878796,0.0,0.0,1.860402712529538,1.860402712529538,0.5198325100100999,0.3848017901785227,1.4472499082670462,0.519829923087837,0.3848263637004208,1.447263075878796,,,8.0,,,,
random_forest__per_dy__raw__two_stage,arms,8,,,3.0,,,,,,,,,,,,,,,,,,,,,,,,,,,8.0,,True,True,100.0
random_forest__per_dy__raw__two_stage,type,__global__,2698.0,9.0,2.0,1.3467631505819972,0.0405849166095262,0.2823508352542603,0.0202924583047631,0.2823508352542603,0.2823508352542603,2698.0,1.342843422255024,0.276114242708391,0.18,,,,,,,,,,,,,,,,,9.0,,,,
random_forest__per_dy__raw__two_stage,arms,9,,,2.0,,,,,,,,,,,,,,,,,,,,,,,,,,,9.0,,False,True,100.0
random_forest__per_dy__raw__two_stage,arms,10,,,,,,,,,,,,,,,,,,,,,,,,,,,,,,10.0,,False,False,
random_forest__single_model__log1p__include_zeros,dy,__global__,149083.0,33872.0,3.0,16.96450997270547,4.068575163357241,0.1120921181292845,1.3561917211190802,0.1120921181292845,,149083.0,16.941956739012703,0.1117172530971006,0.2457876786880487,,,,,,,,,,,,,,,0.9,15.368058975434923,,,,,
random_forest__single_model__log1p__include_zeros,dy,1,24771.0,9850.0,3.0,204.81411852369556,12324.378252237932,15.570277990230188,4108.126084079311,15.570277990230188,,24771.0,202.18513347389785,15.137105399133048,8.113999635487833e-05,1.0165374768340854,0.997433359902145,6050.834592424754,204.29100103458367,0.9960338960125884,3910.2667751102767,52.38578257497304,204.2095718926948,0.997436950823746,5890.760268469008,201.669486083273,0.997433359902145,6050.834592424754,204.29100103458367,0.9,184.432706671326,,,,,
random_forest__single_model__log1p__include_zeros,dy,2,28988.0,16192.0,3.0,10.101397232551276,0.2806428498449841,0.0469299771349344,0.0935476166149947,0.0469299771349344,,28988.0,10.098154444456574,0.0468933464196289,1.0,5.0,0.9999922441090672,6050.834592424754,10.101326643107006,0.9999879984112084,3910.2667751102767,52.38578257497304,10.101904712356465,0.9999920395719752,5890.760268469008,10.09808201925296,0.9999922441090672,6050.834592424754,10.101326643107006,0.9,9.191257509296149,,,,,
random_forest__single_model__log1p__include_zeros,dy,3,25377.0,4799.0,3.0,22.47587669718637,35.89672566233517,1.1375337766989635,11.96557522077839,1.1375337766989635,,25377.0,22.43505252477151,1.131461337323,0.0278577565189123,1.5982697440604023,0.999812039157984,6050.834592424754,22.47184007331933,0.9997091750975182,3910.2667751102767,52.38578257497304,22.48457524264651,0.9998079629787492,5890.760268469008,22.4309362011343,0.999812039157984,6050.834592424754,22.47184007331933,0.9,20.328289027467733,,,,,
random_forest__single_model__log1p__include_zeros,dy,4,21277.0,1929.0,3.0,26.323774136401923,655.8801278947161,7.072686933369803,218.6267092982387,7.072686933369803,,21277.0,26.223235171371275,6.980372362825414,0.0015246697734415,1.0386103929752315,0.9988324867636272,6050.834592424754,26.29420829490276,0.998194517732788,3910.2667751102767,52.38578257497304,26.370828630485697,0.9988164328023348,5890.760268469008,26.193381777603445,0.9988324867636272,6050.834592424754,26.29420829490276,0.9,23.791396722761732,,,,,
random_forest__single_model__log1p__include_zeros,dy,5,17162.0,753.0,3.0,34.450987375335515,324.3679399634106,67.88566655820672,108.1226466544702,67.88566655820672,,17162.0,34.171641396579304,66.45451727609115,0.0030829194797112,1.1031267005949978,0.988905250822908,6050.834592424754,34.0798570606801,0.9829353782808448,3910.2667751102767,52.38578257497304,34.75703787102785,0.9888447001382076,5890.760268469008,33.80160178989261,0.988905250822908,6050.834592424754,34.0798570606801,0.9,31.105888637801964,,,,,
random_forest__single_model__log1p__include_zeros,dy,6,12899.0,236.0,3.0,44.785890850996914,116.86731664493168,262.712055788113,38.95577221497723,262.712055788113,,12899.0,44.21392966574352,254.8021012112067,0.0085569253081943,1.3746725975647307,0.9583891479027122,6050.834592424754,42.963922622848095,0.937044479151706,3910.2667751102767,52.38578257497304,45.264345992870474,0.9585388470763392,5890.760268469008,42.422230319439805,0.9583891479027122,6050.834592424754,42.963922622848095,0.9,40.40730176589722,,,,,
random_forest__single_model__log1p__include_zeros,dy,7,9190.0,82.0,2.0,57.88647942272055,13646.246802039845,520.1836510759396,6823.123401019922,520.1836510759396,,9190.0,56.558147207757045,486.72207906994703,7.32802379284213e-05,1.0041686547470072,0.9208366752610304,6050.834592424754,53.38315657892301,0.8825889918547808,3910.2667751102767,52.38578257497304,57.24063706032528,0.9236811562077046,5890.760268469008,52.31801364961888,0.9208366752610304,6050.834592424754,53.38315657892301,0.9,52.19783148044849,,,,,
random_forest__single_model__log1p__include_zeros,dy,8,5691.0,20.0,2.0,18.47016189867493,1.576556288244232,21.70250798003284,0.7882781441221159,21.70250798003284,,5691.0,17.318975246719397,17.36892106119701,0.4,5.0,0.996426121797002,6050.834592424754,18.407725667862408,0.9944804991042616,3910.2667751102767,52.38578257497304,18.65735919737728,0.9970601656625964,5890.760268469008,17.271000162937852,0.996426121797002,6050.834592424754,18.407725667862408,0.9,16.723145708807436,,,,,
random_forest__single_model__log1p__include_zeros,type,__global__,149083.0,33872.0,3.0,16.96450997270547,4.068575163357241,0.1120921181292845,1.3561917211190802,0.1120921181292845,,149083.0,16.941956739012703,0.1117172530971006,0.2457876786880487,,,,,,,,,,,,,,,,,,,,,
random_forest__single_model__log1p__include_zeros,type,Annuity,506.0,336.0,3.0,22.288613744472137,189.0235393463872,10.613023246520989,63.00784644879573,10.613023246520989,,506.0,22.287354329964803,10.611427447354984,0.0052904221315992,1.1126257533048234,0.9986894883864385,8087.768659673662,22.26071476892338,0.9982883365919496,6189.801846058676,54.572311318891494,22.343872568286827,0.9986052949147908,7597.755072315455,22.25766474863015,0.9986894883864385,8087.768659673662,22.26071476892338,,,,,,,
random_forest__single_model__log1p__include_zeros,type,Bodily,15739.0,4738.0,3.0,41.47342003360159,50.41069054367928,3.045416653833333,16.80356351455976,3.045416653833333,,15739.0,41.41285117564016,3.0343204240546147,0.0198371328685967,1.8028766108530816,0.999623595768596,8087.768659673662,41.45818566704155,0.9995082364339632,6189.801846058676,54.572311318891494,41.47986159109118,0.9996007887776824,7597.755072315455,41.39671791192499,0.999623595768596,8087.768659673662,41.45818566704155,,,,,,,
random_forest__single_model__log1p__include_zeros,type,Lost,175.0,28.0,3.0,27.050082259025643,519.2702838876025,106.15826643805184,173.09009462920085,106.15826643805184,,175.0,26.962219291089873,105.1434553100316,0.0019258545979778,1.050168670696246,0.9870442746932786,8087.768659673662,26.71258454906021,0.983138669155902,6189.801846058676,54.572311318891494,27.51414366877109,0.98635014404864,7597.755072315455,26.607838737588875,0.9870442746932786,8087.768659673662,26.71258454906021,,,,,,,
random_forest__single_model__log1p__include_zeros,type,Material,113825.0,25034.0,3.0,12.146344236852466,3.598491604564116,0.0210832245943103,1.199497201521372,0.0210832245943103,,113825.0,12.131527426282789,0.0210087842196035,0.2778961857821588,4.097526548836249,0.9999973932031786,8087.768659673662,12.14631518059774,0.9999965938888988,6189.801846058676,54.572311318891494,12.146488744409922,0.999997234877154,7597.755072315455,12.131496646241992,0.9999973932031786,8087.768659673662,12.14631518059774,,,,,,,
random_forest__single_model__log1p__include_zeros,type,Remaining,190.0,41.0,3.0,13.31120753244999,120.15356192424352,10.52369536917426,40.051187308081175,10.52369536917426,,190.0,13.30000037830935,10.49822005703288,0.0083231831100284,1.1024684345981424,0.9987005043893455,8087.768659673662,13.295209172299714,0.9983027188977645,6189.801846058676,54.572311318891494,13.381239224164103,0.9986201537128688,7597.755072315455,13.28302826845563,0.9987005043893455,8087.768659673662,13.295209172299714,,,,,,,
random_forest__single_model__log1p__include_zeros,type,Technical,18648.0,3695.0,3.0,214.9770924656945,1080.7981089794473,174.9390679313761,360.26603632648244,174.9390679313761,,18648.0,207.98739784508845,163.53173794655368,0.0009252421843327,1.197980632430137,0.9788278765631612,8087.768659673662,210.44674305135493,0.9725143457847828,6189.801846058676,54.572311318891494,210.56826211662587,0.978929816415194,7597.755072315455,203.6261353727512,0.9788278765631612,8087.768659673662,210.44674305135493,,,,,,,
random_forest__single_model__log1p__include_zeros,arms,all,,,3.0,,,,,,,,,,,,,,,,,,,,,,,,,,,,,True,True,100.0
random_forest__single_model__log1p__two_stage,dy,__global__,149083.0,33872.0,3.0,2.172897115075825,0.0165282414913714,0.0015130676599143,0.0055094138304571,0.0015130676599143,,149083.0,2.1726846212736417,0.0015125180751582,1.0,,,,,,,,,,,,,,,0.95,2.114252259322034,,,,,
random_forest__single_model__log1p__two_stage,dy,1,24771.0,9850.0,3.0,1.878130852670619,0.0696003000596179,0.0012000098694459,0.0232001000198726,0.0012000098694459,,24771.0,1.8780256406440663,0.0011997208243874,1.0,1.878130852670619,0.9997560993468892,4.918876480865904,1.877916675982136,0.9992943073103954,1.6992708709020905,2.539106470401432,1.878597298332059,0.9997555395017902,4.906426800323637,1.8778109980585136,0.9997560993468892,4.918876480865904,1.877916675982136,0.95,1.8342243100370883,,,,,
random_forest__single_model__log1p__two_stage,dy,2,28988.0,16192.0,3.0,2.005672800689988,0.0085343113967016,0.0016376028423506,0.0028447704655672,0.0016376028423506,,28988.0,2.005601635130008,0.0016373702306186,1.0,2.005672800689988,0.9996671886688074,4.918876480865904,2.0053381013864464,0.9990372187171568,1.6992708709020905,2.539106470401432,2.006186380642825,0.9996663918453956,4.906426800323637,2.005266158224245,0.9996671886688074,4.918876480865904,2.0053381013864464,0.95,1.9553891606554887,,,,,
random_forest__single_model__log1p__two_stage,dy,3,25377.0,4799.0,3.0,2.417012666377055,0.0102622223610029,0.0079383366481774,0.0034207407870009,0.0079383366481774,,25377.0,2.4167225047915335,0.0079350443202203,1.0,2.417012666377055,0.9983887487266708,4.918876480865904,2.414729502914031,0.9953501090475204,1.6992708709020905,2.539106470401432,2.4175803892517416,0.9983853357625938,4.906426800323637,2.414434973628718,0.9983887487266708,4.918876480865904,2.414729502914031,0.95,2.3461620330582025,,,,,
random_forest__single_model__log1p__two_stage,dy,4,21277.0,1929.0,3.0,3.0329996214899175,0.3967625474661295,0.0392070661250408,0.1322541824887098,0.0392070661250408,,21277.0,3.0320663764051425,0.0391687632636447,1.0,3.0329996214899175,0.9920922941791016,4.918876480865904,3.0169232585491774,0.9774474755819528,1.6992708709020905,2.539106470401432,3.021861084140088,0.9920800714979544,4.906426800323637,3.015972555992603,0.9920922941791016,4.918876480865904,3.0169232585491774,0.95,2.931349640415422,,,,,
random_forest__single_model__log1p__two_stage,dy,5,17162.0,753.0,3.0,3.768890598754063,4.9819187447554985,0.6338653549273014,1.6606395815851662,0.6338653549273014,,17162.0,3.766342048521635,0.6326572997696425,0.2007464676086377,1.555845006894644,0.8858464208003731,4.918876480865904,3.452811826494089,0.7283204692850831,1.6992708709020905,2.539106470401432,3.434783423882567,0.885783048544255,4.906426800323637,3.4503788930556536,0.8858464208003731,4.918876480865904,3.452811826494089,0.95,3.63044606881636,,,,,
random_forest__single_model__log1p__two_stage,dy,6,12899.0,236.0,3.0,5.009444604809632,7.998982031967293,3.064945806946124,2.666327343989098,3.064945806946124,,12899.0,5.003517632429225,3.0556712776066175,0.1250662427133015,1.501446172090659,0.6161054572037481,4.918876480865904,3.4702407013793395,0.3566737169623393,1.6992708709020905,2.539106470401432,3.4202111549546155,0.6162228538635461,4.906426800323637,3.4670590609485643,0.6161054572037481,4.918876480865904,3.4702407013793395,0.95,4.808972374569151,,,,,
random_forest__single_model__log1p__two_stage,dy,7,9190.0,82.0,2.0,4.620419316466183,4.5098936876274145,1.8371056615477572,2.2549468438137072,1.8371056615477572,,9190.0,4.6135233669679065,1.8300918469649088,0.2222222222222222,1.804537625881374,0.7280771880650017,4.918876480865904,3.6359447155489137,0.4805118615932307,1.6992708709020905,2.539106470401432,3.539201980621911,0.7283326978243395,4.906426800323637,3.631847222515026,0.7280771880650017,4.918876480865904,3.6359447155489137,0.95,4.439398350642874,,,,,
random_forest__single_model__log1p__two_stage,dy,8,5691.0,20.0,2.0,0.571179450044345,0.1234531020983783,0.0203165262888432,0.0617265510491891,0.0203165262888432,,5691.0,0.5721128847460837,0.0202246319485347,0.4,0.828471780017738,0.9958866709076942,4.918876480865904,0.5729433300878561,0.9881852319213132,1.6992708709020905,2.539106470401432,0.5944300513856451,0.9958948522690172,4.906426800323637,0.5738694245663851,0.9958866709076942,4.918876480865904,0.5729433300878561,0.95,0.5926204775421278,,,,,
random_forest__single_model__log1p__two_stage,type,__global__,149083.0,33872.0,3.0,2.172897115075825,0.0165282414913714,0.0015130676599143,0.0055094138304571,0.0015130676599143,,149083.0,2.1726846212736417,0.0015125180751582,1.0,,,,,,,,,,,,,,,,,,,,,
random_forest__single_model__log1p__two_stage,type,Annuity,506.0,336.0,3.0,2.8287664771612966,0.8315962175506229,0.1283539606921241,0.2771987391835409,0.1283539606921241,,506.0,2.8287527457229156,0.1283519916583891,1.0,2.8287664771612966,0.969340757174622,4.058114747069957,2.7726978816670975,0.8840622396289506,0.9787397099233665,2.8290648863319525,2.8288010740522167,0.9693152424614452,4.054571451589203,2.772637911122441,0.969340757174622,4.058114747069957,2.7726978816670975,,,,,,,
random_forest__single_model__log1p__two_stage,type,Bodily,15739.0,4738.0,3.0,3.3625053550473414,0.0751389775856286,0.0166713073442853,0.0250463258618762,0.0166713073442853,,15739.0,3.3622183146250375,0.0166672105305,1.0,3.3625053550473414,0.9959086668301944,4.058114747069957,3.3528395585243933,0.9832518356185698,0.9787397099233665,2.8290648863319525,3.3535712063895886,0.9959061082108556,4.054571451589203,3.352547648462627,0.9959086668301944,4.058114747069957,3.3528395585243933,,,,,,,
random_forest__single_model__log1p__two_stage,type,Lost,175.0,28.0,3.0,2.3802617628252705,1.9080248175956585,0.5134195619320571,0.6360082725318861,0.5134195619320571,,175.0,2.3798508475083415,0.5130981193141638,0.5283018867924528,1.7291948935680674,0.887692068520396,4.058114747069957,2.225247419341972,0.655921742661126,0.9787397099233665,2.8290648863319525,2.534685159449693,0.8876674174106935,4.054571451589203,2.224848638219686,0.887692068520396,4.058114747069957,2.225247419341972,,,,,,,
random_forest__single_model__log1p__two_stage,type,Material,113825.0,25034.0,3.0,1.7368809675068808,0.0003001639193087,0.0003042265120489,0.0001000546397695,0.0003042265120489,,113825.0,1.736740738091405,0.0003041100666911,1.0,1.7368809675068808,0.9999250381702752,4.058114747069957,1.7368257295612672,0.9996892616350226,0.9787397099233665,2.8290648863319525,1.7372203509520712,0.9999250013811604,4.054571451589203,1.7366854835536052,0.9999250381702752,4.058114747069957,1.7368257295612672,,,,,,,
random_forest__single_model__log1p__two_stage,type,Remaining,190.0,41.0,3.0,1.9335943239207856,0.6882277468968425,0.1456195407961923,0.2294092489656141,0.1456195407961923,,190.0,1.9334707750290376,0.145581266959866,0.82,1.7655473456150443,0.9653594802087002,4.058114747069957,1.9012541312659628,0.870486643212123,0.9787397099233665,2.8290648863319525,2.049569722363384,0.9653390539070312,4.054571451589203,1.9011157948163944,0.9653594802087002,4.058114747069957,1.9012541312659628,,,,,,,
random_forest__single_model__log1p__two_stage,type,Technical,18648.0,3695.0,3.0,4.603740365701047,0.3383276898964365,0.0794203801514873,0.1127758966321455,0.0794203801514873,,18648.0,4.60113617682326,0.0793052912657458,1.0,4.603740365701047,0.9808049049229892,4.058114747069957,4.534566226748554,0.9249448350051938,0.9787397099233665,2.8290648863319525,4.470541804784763,0.9808157581372454,4.054571451589203,4.532051109426368,0.9808049049229892,4.058114747069957,4.534566226748554,,,,,,,
random_forest__single_model__log1p__two_stage,arms,all,,,3.0,,,,,,,,,,,,,,,,,,,,,,,,,,,,2.483576183453048,True,True,100.0
random_forest__single_model__raw__include_zeros,dy,__global__,149083.0,33872.0,3.0,1.038201483149419,0.0049417448789743,0.0003391920470309,0.0016472482929914,0.0003391920470309,,149083.0,1.038198176027962,0.0003391333390724,1.0,,,,,,,,,,,,,,,0.75,1.0286511123620643,,,,,
random_forest__single_model__raw__include_zeros,dy,1,24771.0,9850.0,3.0,1.000137946430673,0.0070098620833015,0.0003443631790119,0.0023366206944338,0.0003443631790119,,24771.0,1.000137937628802,0.0003443192352161,1.0,1.000137946430673,0.995271880577318,0.0724886488976187,1.0001372942034747,0.9961193747679334,0.088394733852668,0.9079966444810206,0.9997803805694117,0.9952691457672388,0.0724373008011315,1.0001372850659869,0.995271880577318,0.0724886488976187,1.0001372942034747,0.75,1.0001034598230047,,,,,
random_forest__single_model__raw__include_zeros,dy,2,28988.0,16192.0,3.0,1.0728710885853043,0.0036543871885704,0.0004628100715872,0.0012181290628568,0.0004628100715872,,28988.0,1.0728683301031767,0.0004627750789584,1.0,1.0728710885853043,0.9936559175357608,0.0724886488976187,1.0724087883900604,0.9947915500344944,0.088394733852668,0.9079966444810206,1.0720123482925965,0.9936519259634294,0.0724373008011315,1.0724057565487606,0.9936559175357608,0.0724886488976187,1.0724087883900604,0.75,1.0546533164389782,,,,,
random_forest__single_model__raw__include_zeros,dy,3,25377.0,4799.0,3.0,1.046766660545113,0.0092586424643162,0.001561907115976,0.003086214154772,0.001561907115976,,25377.0,1.0467625126867557,0.0015616301108548,1.0,1.046766660545113,0.9789075572141642,0.0724886488976187,1.0457802374332803,0.982637111622248,0.088394733852668,0.9079966444810206,1.0443572122460132,0.9788965855099688,0.0724373008011315,1.0457756639989315,0.9789075572141642,0.0724886488976187,1.0457802374332803,0.75,1.0350749954088347,,,,,
random_forest__single_model__raw__include_zeros,dy,4,21277.0,1929.0,3.0,1.0453422732654634,0.0723916513597512,0.0042934086729138,0.0241305504532504,0.0042934086729138,,21277.0,1.0453350973298847,0.0042920514992545,1.0,1.0453422732654634,0.9440831776490248,0.0724886488976187,1.042806877426289,0.9536789868053636,0.088394733852668,0.9079966444810206,1.0389802845823135,0.9440624562755118,0.0724373008011315,1.0427991633407403,0.9440831776490248,0.0724886488976187,1.042806877426289,0.75,1.0340067049490975,,,,,
random_forest__single_model__raw__include_zeros,dy,5,17162.0,753.0,3.0,1.0928662011714805,0.2297028920033377,0.0489938282092887,0.0765676306677792,0.0489938282092887,,17162.0,1.092841399413707,0.0489676916204045,1.0,1.0928662011714805,0.5967004511591167,0.0724886488976187,1.0554133041364555,0.6433922338659135,0.088394733852668,0.9079966444810206,1.0269402815338966,0.5966583363361081,0.0724373008011315,1.0553945949172985,0.5967004511591167,0.0724886488976187,1.0554133041364555,0.75,1.0696496508786102,,,,,
random_forest__single_model__raw__include_zeros,dy,6,12899.0,236.0,3.0,1.2604968607722604,0.4576595969097581,0.1826877265706025,0.1525531989699194,0.1826877265706025,,12899.0,1.2603998580123603,0.1825523659119674,1.0,1.2604968607722604,0.2840727272052902,0.0724886488976187,1.0740000536679928,0.3260806092531686,0.088394733852668,0.9079966444810206,1.0229401297711418,0.2840793579397637,0.0724373008011315,1.073974224471757,0.2840727272052902,0.0724886488976187,1.0740000536679928,0.75,1.195372645579195,,,,,
random_forest__single_model__raw__include_zeros,dy,7,9190.0,82.0,2.0,1.0085719342669557,0.186820795562319,0.0874390838574848,0.0934103977811595,0.0874390838574848,,9190.0,1.008568364937399,0.0873662970808233,1.0,1.0085719342669557,0.4532587791300723,0.0724886488976187,1.0038853044606235,0.5027174806519826,0.088394733852668,0.9079966444810206,0.9585576007780487,0.4532895489289305,0.0724373008011315,1.0038839502775323,0.4532587791300723,0.0724886488976187,1.0038853044606235,0.75,1.0064289507002169,,,,,
random_forest__single_model__raw__include_zeros,dy,8,5691.0,20.0,2.0,0.0943243487811469,1.785507206217017e-07,0.0006655470664265,8.927536031085085e-08,0.0006655470664265,,5691.0,0.0946505024286844,0.0006650203832595,0.4,0.6377297395124588,0.990902134079176,0.0724886488976187,0.102564064423691,0.9925270046359816,0.088394733852668,0.9079966444810206,0.1004049180747423,0.9909028828020088,0.0724373008011315,0.1028865729132331,0.990902134079176,0.0724886488976187,0.102564064423691,0.75,0.3207432615858602,,,,,
random_forest__single_model__raw__include_zeros,type,__global__,149083.0,33872.0,3.0,1.038201483149419,0.0049417448789743,0.0003391920470309,0.0016472482929914,0.0003391920470309,,149083.0,1.038198176027962,0.0003391333390724,1.0,,,,,,,,,,,,,,,,,,,,,
random_forest__single_model__raw__include_zeros,type,Annuity,506.0,336.0,3.0,1.555051616366292,0.5400371782680116,0.0372080152469316,0.1800123927560038,0.0372080152469316,,506.0,1.555049325285878,0.0372077055083898,1.0,1.555051616366292,0.5497279831922746,0.045426512012221,1.3051274056326538,0.5685357749086293,0.0490286020277731,1.0610882118855791,1.341924078828526,0.5497352271168332,0.0454274632838274,1.3051301668970772,0.5497279831922746,0.045426512012221,1.3051274056326538,,,,,,,
random_forest__single_model__raw__include_zeros,type,Bodily,15739.0,4738.0,3.0,1.1585420673395688,0.0083013971156278,0.0020096298140485,0.0027671323718759,0.0020096298140485,,15739.0,1.158535429936589,0.0020094609945342,1.0,1.1585420673395688,0.9576350492118728,0.045426512012221,1.15182544045888,0.9606250110647092,0.0490286020277731,1.0610882118855791,1.1547048228593666,0.9576393068247296,0.0454274632838274,1.1518197592316357,0.9576350492118728,0.045426512012221,1.15182544045888,,,,,,,
random_forest__single_model__raw__include_zeros,type,Lost,175.0,28.0,3.0,1.2485671930420432,0.2665267303801208,0.1400991664117049,0.0888422434600402,0.1400991664117049,,175.0,1.248528370554699,0.1400550035215222,0.56,1.1391976281035443,0.244852962663322,0.045426512012221,1.0608624136372502,0.2592353435580382,0.0490286020277731,1.0610882118855791,1.1096893899755862,0.2449151343857219,0.0454274632838274,1.0608683592730686,0.244852962663322,0.045426512012221,1.0608624136372502,,,,,,,
random_forest__single_model__raw__include_zeros,type,Material,113825.0,25034.0,3.0,0.992450140934904,0.000294691500589,0.0001017903033812,9.823050019634983e-05,0.0001017903033812,,113825.0,0.9924509619567146,0.0001017681686674,1.0,0.992450140934904,0.9977642411817672,0.045426512012221,0.9924670205988853,0.9979281601763896,0.0490286020277731,1.0610882118855791,0.9925923480237152,0.9977647729728616,0.0454274632838274,0.9924678357705778,0.9977642411817672,0.045426512012221,0.9924670205988853,,,,,,,
random_forest__single_model__raw__include_zeros,type,Remaining,190.0,41.0,3.0,1.0776858955717894,0.156055270480696,0.0462873092164302,0.0520184234935653,0.0462873092164302,,190.0,1.0776801653015216,0.0462804933690631,0.82,1.0637024343688672,0.4953071565840485,0.045426512012221,1.0384783800423485,0.514380037789911,0.0490286020277731,1.0610882118855791,1.069625729047317,0.4953492035131455,0.0454274632838274,1.0384788080108782,0.4953071565840485,0.045426512012221,1.0384783800423485,,,,,,,
random_forest__single_model__raw__include_zeros,type,Technical,18648.0,3695.0,3.0,0.6856093179152754,0.0056585060792221,0.0016721500625075,0.001886168693074,0.0016721500625075,,18648.0,0.685643172829695,0.0016717865961516,1.0,0.6856093179152754,0.964496867026616,0.045426512012221,0.6967711721069222,0.967019225680715,0.0490286020277731,1.0610882118855791,0.6979929025789646,0.9645050271413704,0.0454274632838274,0.6968012598780299,0.964496867026616,0.045426512012221,0.6967711721069222,,,,,,,
random_forest__single_model__raw__include_zeros,arms,all,,,3.0,,,,,,,,,,,,,,,,,,,,,,,,,,,,,True,True,100.0
random_forest__single_model__raw__two_stage,dy,__global__,149083.0,33872.0,3.0,1.04772752050519,0.0054596390124689,0.0003426311099879,0.0018198796708229,0.0003426311099879,,149083.0,1.0477233508018722,0.0003425712625974,1.0,,,,,,,,,,,,,,,0.4,1.019091008202076,,,,,
random_forest__single_model__raw__two_stage,dy,1,24771.0,9850.0,3.0,1.0502371095792151,0.0053096477519862,0.0003772912437137,0.0017698825839954,0.0003772912437137,,24771.0,1.0502337435704363,0.0003772406829805,1.0,1.0502371095792151,0.9949908654531484,0.0749433535073562,1.0499854651380882,0.9961333035220782,0.0971972781252522,0.942103431364132,1.0498189894665164,0.9949867904403656,0.0748720937988809,1.049981911286953,0.9949908654531484,0.0749433535073562,1.0499854651380882,0.4,1.020094843831686,,,,,
random_forest__single_model__raw__two_stage,dy,2,28988.0,16192.0,3.0,1.050347795896447,0.0055163616511011,0.0004421237201768,0.0018387872170337,0.0004421237201768,,28988.0,1.05034593002675,0.0004420909715817,1.0,1.050347795896447,0.9941351605582804,0.0749433535073562,1.05005251415727,0.9954718718896208,0.0971972781252522,0.942103431364132,1.049857651546618,0.9941300437237796,0.0748720937988809,1.0500504016188077,0.9941351605582804,0.0749433535073562,1.05005251415727,0.4,1.0201391183585788,,,,,
random_forest__single_model__raw__two_stage,dy,3,25377.0,4799.0,3.0,1.0041487851145534,0.0094462509321817,0.0014121191579821,0.0031487503107272,0.0014121191579821,,25377.0,1.004148432127926,0.0014118788772424,1.0,1.0041487851145534,0.9815059862942456,0.0749433535073562,1.0040720574257826,0.9856796695154104,0.0971972781252522,0.942103431364132,1.003260275143814,0.9814918019118268,0.0748720937988809,1.0040716521243471,0.9815059862942456,0.0749433535073562,1.0040720574257826,0.4,1.001659514045821,,,,,
random_forest__single_model__raw__two_stage,dy,4,21277.0,1929.0,3.0,1.1293268978375683,0.071360184118297,0.00511859266964,0.0237867280394323,0.00511859266964,,21277.0,1.1293047862595234,0.0051168394400447,1.0,1.1293268978375683,0.9360670966163602,0.0749433535073562,1.1210586537732132,0.9499726422707082,0.0971972781252522,0.942103431364132,1.1199606025049835,0.9360306578316168,0.0748720937988809,1.1210332441432782,0.9360670966163602,0.0749433535073562,1.1210586537732132,0.4,1.0517307591350271,,,,,
random_forest__single_model__raw__two_stage,dy,5,17162.0,753.0,3.0,1.1188810998338203,0.284579457911095,0.0516169785661579,0.0948598193036983,0.0516169785661579,,17162.0,1.1188485947135345,0.0515887657119971,1.0,1.1188810998338203,0.5921551585675711,0.0749433535073562,1.070396056522783,0.6531449357490398,0.0971972781252522,0.942103431364132,1.0575648702786316,0.592057448355714,0.0748720937988809,1.0703651957267577,0.5921551585675711,0.0749433535073562,1.070396056522783,0.4,1.047552439933528,,,,,
random_forest__single_model__raw__two_stage,dy,6,12899.0,236.0,3.0,1.4030789980683107,0.4581202835331959,0.2256201574679735,0.1527067611777319,0.2256201574679735,,12899.0,1.4029119298542874,0.225433982282207,1.0,1.4030789980683107,0.2493428203049824,0.0749433535073562,1.1005048541840592,0.3010905465705021,0.0971972781252522,0.942103431364132,1.08089881669874,0.2493192771053494,0.0748720937988809,1.1004537110883923,0.2493428203049824,0.0749433535073562,1.1005048541840592,0.4,1.1612315992273243,,,,,
random_forest__single_model__raw__two_stage,dy,7,9190.0,82.0,2.0,1.1614277227769072,0.1613624774210353,0.1098115622864956,0.0806812387105176,0.1098115622864956,,9190.0,1.1613503222638524,0.1097067922795051,1.0,1.1614277227769072,0.4056365871800534,0.0749433535073562,1.0654809905434723,0.4695320157918057,0.0971972781252522,0.942103431364132,1.0450832080232817,0.4056373694176733,0.0748720937988809,1.0654497202778028,0.4056365871800534,0.0749433535073562,1.0654809905434723,0.4,1.064571089110763,,,,,
random_forest__single_model__raw__two_stage,dy,8,5691.0,20.0,2.0,0.1222446028527501,0.0003209224601425,0.0009745149652461,0.0001604612300712,0.0009745149652461,,5691.0,0.1226542242576195,0.0009732866574298,0.4,0.6488978411411,0.9871635626124328,0.0749433535073562,0.1335118550498299,0.990073371030844,0.0971972781252522,0.942103431364132,0.1303830372504694,0.9871674892844592,0.0748720937988809,0.1339127733260681,0.9871635626124328,0.0749433535073562,0.1335118550498299,0.4,0.6488978411411,,,,,
random_forest__single_model__raw__two_stage,type,__global__,149083.0,33872.0,3.0,1.04772752050519,0.0054596390124689,0.0003426311099879,0.0018198796708229,0.0003426311099879,,149083.0,1.0477233508018722,0.0003425712625974,1.0,,,,,,,,,,,,,,,,,,,,,
random_forest__single_model__raw__two_stage,type,Annuity,506.0,336.0,3.0,1.3213508632552966,0.2157134896155834,0.0267239579843625,0.0719044965385278,0.0267239579843625,,506.0,1.3213497361615378,0.0267237698167837,1.0,1.3213508632552966,0.0,0.0,1.0,0.0,0.0,1.0189745254062736,1.0189745254062736,0.0,0.0,1.0,0.0,0.0,1.0,,,,,,,
random_forest__single_model__raw__two_stage,type,Bodily,15739.0,4738.0,3.0,1.0714693048232764,0.0144478518450789,0.001695116847782,0.0048159506150263,0.001695116847782,,15739.0,1.0714665376107215,0.0016949855339087,1.0,1.0714693048232764,0.0,0.0,1.0,0.0,0.0,1.0189745254062736,1.0189745254062736,0.0,0.0,1.0,0.0,0.0,1.0,,,,,,,
random_forest__single_model__raw__two_stage,type,Lost,175.0,28.0,3.0,1.2686828592511774,0.3350835531757005,0.1442919808779351,0.1116945177252334,0.1442919808779351,,175.0,1.2686402190180526,0.1442456184992178,0.56,1.1504624011806597,0.0,0.0,1.0,0.0,0.0,1.0189745254062736,1.0189745254062736,0.0,0.0,1.0,0.0,0.0,1.0,,,,,,,
random_forest__single_model__raw__two_stage,type,Material,113825.0,25034.0,3.0,1.018333997177758,0.0009640867910813,0.0001050560313224,0.0003213622636937,0.0001050560313224,,113825.0,1.018331951424161,0.0001050325839835,1.0,1.018333997177758,0.0,0.0,1.0,0.0,0.0,1.0189745254062736,1.0189745254062736,0.0,0.0,1.0,0.0,0.0,1.0,,,,,,,
random_forest__single_model__raw__two_stage,type,Remaining,190.0,41.0,3.0,1.125707997513087,0.1875090139901935,0.0491256399745169,0.0625030046633978,0.0491256399745169,,190.0,1.1256983118811246,0.0491180913410399,0.82,1.1030805579607317,0.0,0.0,1.0,0.0,0.0,1.0189745254062736,1.0189745254062736,0.0,0.0,1.0,0.0,0.0,1.0,,,,,,,
random_forest__single_model__raw__two_stage,type,Technical,18648.0,3695.0,3.0,0.8993871378238549,0.0116696326773603,0.0029830277074528,0.0038898775591201,0.0029830277074528,,18648.0,0.8994013500116429,0.0029821844698727,1.0,0.8993871378238549,0.0,0.0,1.0,0.0,0.0,1.0189745254062736,1.0189745254062736,0.0,0.0,1.0,0.0,0.0,1.0,,,,,,,
random_forest__single_model__raw__two_stage,arms,all,,,3.0,,,,,,,,,,,,,,,,,,,,,,,,,,,,,True,True,100.0
random_forest_poisson__multi_step__raw__two_stage,dy,1,116452.0,18949.0,3.0,1.0357198533804202,0.002250592876606,0.0006863247797336,0.0007501976255353,0.0006863247797336,0.0007970493772592,28974.0,1.0357161747683457,0.000686183495505,1.0,1.0357198533804202,0.0,0.0,1.0,0.0,0.0,0.969753066991191,0.969753066991191,0.0,0.0,1.0,0.0,0.0,1.0,0.0,1.0,,,,,
random_forest_poisson__multi_step__raw__two_stage,dy,2,87478.0,5183.0,3.0,0.9568921989826784,0.0136383990581785,0.0032231093672328,0.0045461330193928,0.0032231093672328,0.0036916051879849,24485.0,0.9569009789675812,0.0032217960979274,1.0,0.9568921989826784,0.0,0.0,1.0,0.0,0.0,0.969753066991191,0.969753066991191,0.0,0.0,1.0,0.0,0.0,1.0,0.0,1.0,,,,,
random_forest_poisson__multi_step__raw__two_stage,dy,3,62993.0,2020.0,3.0,0.949734961874924,0.0408979241908271,0.0102143287719413,0.0136326413969423,0.0102143287719413,0.0112575584378319,20226.0,0.949751653376074,0.0102075410835672,1.0,0.949734961874924,0.0,0.0,1.0,0.0,0.0,0.969753066991191,0.969753066991191,0.0,0.0,1.0,0.0,0.0,1.0,0.0,1.0,,,,,
random_forest_poisson__multi_step__raw__two_stage,dy,4,42767.0,608.0,3.0,0.9495936958523604,0.1226373978389832,0.0400950142561031,0.0408791326129944,0.0400950142561031,0.0405763962494942,16048.0,0.9496192811063664,0.0400543020088831,1.0,0.9495936958523604,0.0,0.0,1.0,0.0,0.0,0.969753066991191,0.969753066991191,0.0,0.0,1.0,0.0,0.0,1.0,0.0,1.0,,,,,
random_forest_poisson__multi_step__raw__two_stage,dy,5,26719.0,188.0,3.0,1.03159102617775,0.2611132191402752,0.0809592801898119,0.087037739713425,0.0809592801898119,0.0697763624631102,11781.0,1.0315692981937654,0.0808480261700778,1.0,1.03159102617775,0.0,0.0,1.0,0.0,0.0,0.969753066991191,0.969753066991191,0.0,0.0,1.0,0.0,0.0,1.0,0.0,1.0,,,,,
random_forest_poisson__multi_step__raw__two_stage,dy,6,14938.0,59.0,3.0,0.5823492003763492,1.274213544187062,0.0427174793459366,0.424737848062354,0.0427174793459366,0.0416262889295687,7929.0,0.5826359619442926,0.042658809536957,0.7866666666666666,0.6714480376293948,0.0,0.0,1.0,0.0,0.0,0.969753066991191,0.969753066991191,0.0,0.0,1.0,0.0,0.0,1.0,0.0,1.0,,,,,
random_forest_poisson__multi_step__raw__two_stage,dy,7,7009.0,18.0,3.0,0.8169785772922818,3.167426832405364,0.0629629723175133,1.0558089441351213,0.0629629723175133,0.0668175446576674,4427.0,0.818193405301449,0.0621271549110982,0.3157894736842105,0.9422037612501942,0.0,0.0,1.0,0.0,0.0,0.969753066991191,0.969753066991191,0.0,0.0,1.0,0.0,0.0,1.0,0.0,1.0,,,,,
random_forest_poisson__multi_step__raw__two_stage,type,__global__,116452.0,18949.0,3.0,1.0357198533804202,0.002250592876606,0.0006863247797336,0.0007501976255353,0.0006863247797336,0.0007970493772592,28974.0,1.0357161747683457,0.000686183495505,1.0,,,,,,,,,,,,,,,,,1.0,,,,
random_forest_poisson__multi_step__raw__two_stage,type,Annuity,399.0,301.0,3.0,1.4395666673149328,0.0525574873953912,0.0356580686896366,0.0175191624651304,0.0356580686896366,0.038056260417091,98.0,1.4395652288455163,0.0356578341732315,1.0,1.4395666673149328,0.0,0.0,1.0,0.0,0.0,1.0445842365613764,1.0445842365613764,0.0,0.0,1.0,0.1220879175881619,0.0052923404046919,1.0536657790536486,,,1.0,,,,
random_forest_poisson__multi_step__raw__two_stage,type,Bodily,12295.0,3422.0,3.0,1.0605791356970673,0.0040775817042998,0.0023628091085004,0.0013591939014332,0.0023628091085004,0.0025724490992753,3064.0,1.0605767824941432,0.0023626255162366,1.0,1.0605791356970673,0.0,0.0,1.0,0.0,0.0,1.0445842365613764,1.0445842365613764,0.0,0.0,1.0,0.6729157089356671,0.0052923404046919,1.040764652044302,,,1.0,,,,
random_forest_poisson__multi_step__raw__two_stage,type,Lost,153.0,18.0,3.0,1.2630160821332264,0.5577400269497407,0.2251393296078404,0.1859133423165802,0.2251393296078404,0.1794803067660141,22.0,1.26296771148838,0.2250549403422542,0.36,1.0946857895679616,0.0,0.0,1.0,0.0,0.0,1.0445842365613764,1.0445842365613764,0.0,0.0,1.0,0.0286424451114917,0.0052923404046919,1.0075334236959406,,,1.0,,,,
random_forest_poisson__multi_step__raw__two_stage,type,Material,89276.0,12789.0,3.0,0.9582705760473946,0.0063117542970703,0.0001790241607271,0.0021039180990234,0.0001790241607271,0.0001638230389179,21907.0,0.9582767936587144,0.0001789708331469,1.0,0.9582705760473946,0.0,0.0,1.0,0.0,0.0,1.0445842365613764,1.0445842365613764,0.0,0.0,1.0,0.9699746826481492,0.0052923404046919,0.9595235152444817,,,1.0,,,,
random_forest_poisson__multi_step__raw__two_stage,type,Remaining,143.0,28.0,3.0,1.2058148847273615,0.1744639505158188,0.0838046404970819,0.0581546501719396,0.0838046404970819,0.0533970373085105,40.0,1.2057971370047378,0.083790190236618,0.56,1.1152563354473224,0.0,0.0,1.0,0.0,0.0,1.0445842365613764,1.0445842365613764,0.0,0.0,1.0,0.0901754390812264,0.0052923404046919,1.018559447599742,,,1.0,,,,
random_forest_poisson__multi_step__raw__two_stage,type,Technical,14186.0,2391.0,3.0,0.9123871956618884,0.0283523996639913,0.0053111717685597,0.0094507998879971,0.0053111717685597,0.012419342181653,3843.0,0.9124009047097952,0.0053095087609716,1.0,0.9123871956618884,0.0,0.0,1.0,0.0,0.0,1.0445842365613764,1.0445842365613764,0.0,0.0,1.0,0.2988050615118939,0.0052923404046919,0.973820850610521,,,1.0,,,,
random_forest_poisson__multi_step__raw__two_stage,arms,1,,,3.0,,,,,,,,,,,,,,,,,,,,,,,,,,,1.0,,True,True,100.0
random_forest_poisson__multi_step__raw__two_stage,type,__global__,87478.0,5183.0,3.0,0.9568921989826784,0.0136383990581785,0.0032231093672328,0.0045461330193928,0.0032231093672328,0.0036916051879849,24485.0,0.9569009789675812,0.0032217960979274,1.0,,,,,,,,,,,,,,,,,2.0,,,,
random_forest_poisson__multi_step__raw__two_stage,type,Annuity,301.0,229.0,3.0,1.5906956795860068,0.1505925240906238,0.0676486219559161,0.0501975080302079,0.0676486219559161,0.0669756789345034,82.0,1.59069348830892,0.0676481131077999,1.0,1.5906956795860068,0.5750279902162959,0.0915350899086533,1.3396665494617903,0.6627892872268859,0.1329636937074721,0.9597748418346148,1.3779424141844496,0.5749857910566404,0.0915185963440603,1.3396403626473108,0.5541059424897063,0.0832296844391883,1.327307986261602,,,2.0,,,,
random_forest_poisson__multi_step__raw__two_stage,type,Bodily,9231.0,1552.0,3.0,0.8595431518928134,0.0730712108060782,0.0036936800924958,0.0243570702686927,0.0036936800924958,0.0042814011761194,2591.0,0.8595510034756673,0.0036932686330783,1.0,0.8595431518928134,0.9612125611571878,0.0915350899086533,0.864991113298825,0.9729712346301748,0.1329636937074721,0.9597748418346148,0.8622522907228714,0.9612099958974112,0.0915185963440603,0.8649990206270506,0.9510758991730466,0.0832296844391883,0.8664148768914455,,,2.0,,,,
random_forest_poisson__multi_step__raw__two_stage,type,Material,67369.0,2459.0,3.0,0.7416728962381411,0.0034272048788868,0.0008991230128383,0.0011424016262956,0.0008991230128383,0.0008196791391277,18645.0,0.7417913221739368,0.000898305104607,1.0,0.7416728962381411,0.990272833138072,0.0915350899086533,0.7441856870813914,0.993283250458438,0.1329636937074721,0.9597748418346148,0.7431378323812401,0.990279861253452,0.0915185963440603,0.7443011463479688,0.9902476460947388,0.0832296844391883,0.7441921935773479,,,2.0,,,,
random_forest_poisson__multi_step__raw__two_stage,type,Technical,10343.0,934.0,3.0,0.8374427482496594,0.2125234113170173,0.0234254800005298,0.0708411371056724,0.0234254800005298,0.0568117676898896,3112.0,0.8374900773293574,0.0234118418046275,1.0,0.8374427482496594,0.796230307321584,0.0915350899086533,0.8705669894814742,0.8502103473973965,0.1329636937074721,0.9597748418346148,0.8557668300498991,0.7962955490142727,0.0915185963440603,0.8705940719067137,0.5943217752589031,0.0832296844391883,0.9033886855585292,,,2.0,,,,
random_forest_poisson__multi_step__raw__two_stage,arms,2,,,3.0,,,,,,,,,,,,,,,,,,,,,,,,,,,2.0,,True,True,100.0
random_forest_poisson__multi_step__raw__two_stage,type,__global__,62993.0,2020.0,3.0,0.949734961874924,0.0408979241908271,0.0102143287719413,0.0136326413969423,0.0102143287719413,0.0112575584378319,20226.0,0.949751653376074,0.0102075410835672,1.0,,,,,,,,,,,,,,,,,3.0,,,,
random_forest_poisson__multi_step__raw__two_stage,type,Annuity,219.0,161.0,3.0,2.1795458053844645,2.3689171199776635,0.2028104928824191,0.7896390399925545,0.2028104928824191,0.1871955887950552,68.0,2.1795390572071787,0.2028081347010079,0.4225721784776903,1.498443240595535,0.6673985465358788,0.4069598216189186,1.7872271560860842,0.7377271351592062,0.5704700102513311,0.9343411506901298,1.8529624132846896,0.6673271873206552,0.4068242938331801,1.787138481380924,0.681178018851446,0.3999520982015703,1.8034806748563228,,,3.0,,,,
random_forest_poisson__multi_step__raw__two_stage,type,Bodily,6640.0,622.0,3.0,0.7868073972409928,0.0798314870020383,0.0107908303472611,0.0266104956673461,0.0107908303472611,0.0119444944465102,2147.0,0.7868283348327915,0.0107887166466002,1.0,0.7868073972409928,0.9741692076446244,0.4069598216189186,0.7923143310945628,0.981435476822852,0.5704700102513311,0.9343411506901298,0.7895462910263109,0.9741657554341866,0.4068242938331801,0.7923354637652228,0.9710012302609272,0.3999520982015703,0.7929897204384748,,,3.0,,,,
random_forest_poisson__multi_step__raw__two_stage,type,Material,48724.0,804.0,3.0,0.4742755588879448,0.0102235153625124,0.0009855084143283,0.0034078384541708,0.0009855084143283,0.0009507057226512,15549.0,0.4746934500550939,0.0009840158763453,1.0,0.5,0.9975842144969572,0.4069598216189186,0.4755455963713786,0.9982754416010724,0.5704700102513311,0.9343411506901298,0.4750689688683448,0.997587062713248,0.4068242938331801,0.475960981816431,0.9976285879935352,0.3999520982015703,0.4755222681396899,,,3.0,,,,
random_forest_poisson__multi_step__raw__two_stage,type,Technical,7231.0,427.0,3.0,0.6050516327300854,0.0893221581204883,0.0267236755433161,0.0297740527068294,0.0267236755433161,0.0692506118925008,2418.0,0.605180071189302,0.0267062513517912,1.0,0.6050516327300854,0.9383797729953296,0.4069598216189186,0.6293884407763815,0.9552512423038152,0.5704700102513311,0.9343411506901298,0.619786929581173,0.9383982244194656,0.4068242938331801,0.629501679838621,0.8524079030178306,0.3999520982015703,0.6633428904551362,,,3.0,,,,
random_forest_poisson__multi_step__raw__two_stage,arms,3,,,3.0,,,,,,,,,,,,,,,,,,,,,,,,,,,3.0,,True,True,100.0
random_forest_poisson__multi_step__raw__two_stage,type,__global__,42767.0,608.0,3.0,0.9495936958523604,0.1226373978389832,0.0400950142561031,0.0408791326129944,0.0400950142561031,0.0405763962494942,16048.0,0.9496192811063664,0.0400543020088831,1.0,,,,,,,,,,,,,,,,,4.0,,,,
random_forest_poisson__multi_step__raw__two_stage,type,Annuity,151.0,107.0,3.0,2.641682140480821,2.2290728962204436,0.5543962274271743,0.7430242987401479,0.5543962274271743,0.5031481423373153,56.0,2.6416708693537796,0.5543884808125106,0.4495798319327731,1.7380671808044028,0.6051974583028296,0.8498404956798888,1.9935418587601417,0.6844593642144405,1.2025762970369662,0.7787805178611921,2.053860978073473,0.6050434031525209,0.8492808976397236,1.9932821296501684,0.6286310750417197,0.8516990420194238,2.03201240884725,,,4.0,,,,
random_forest_poisson__multi_step__raw__two_stage,type,Bodily,4493.0,201.0,3.0,0.4451488993956563,0.0317541572469179,0.0151911941444923,0.0105847190823059,0.0151911941444923,0.0189691179057468,1686.0,0.4452424094641341,0.0151860985042674,1.0,0.5,0.982438569218688,0.8498404956798888,0.4548928785928543,0.987525373887462,1.2025762970369662,0.7787805178611921,0.4493108290953348,0.9824329921535396,0.8492808976397236,0.454987840409961,0.9782131485003688,0.8516990420194238,0.45723735792893,,,4.0,,,,
random_forest_poisson__multi_step__raw__two_stage,type,Material,33175.0,167.0,3.0,0.200570332079626,0.0049547548357419,0.0009961819157916,0.0016515849452473,0.0009961819157916,0.0009898004295239,12450.0,0.2017380425078033,0.0009934256314024,1.0,0.5,0.9988291737509404,0.8498404956798888,0.2015063253191041,0.9991723124836998,1.2025762970369662,0.7787805178611921,0.2010489094321951,0.9988316410313548,0.8492808976397236,0.2026706990251675,0.9988392009133352,0.8516990420194238,0.2014983093080007,,,4.0,,,,
random_forest_poisson__multi_step__raw__two_stage,type,Technical,4813.0,132.0,3.0,0.4016969211658534,0.2501801633279776,0.030088776102226,0.0833933877759925,0.030088776102226,0.0701311335589582,1814.0,0.4019227130431819,0.0300662259877807,1.0,0.5,0.965805460657892,0.8498404956798888,0.422155619333552,0.975590469172944,1.2025762970369662,0.7787805178611921,0.4109013548437654,0.9658084672367484,0.8492808976397236,0.4223718921951225,0.92392185088218,0.8516990420194238,0.4472147120150483,,,4.0,,,,
random_forest_poisson__multi_step__raw__two_stage,arms,4,,,3.0,,,,,,,,,,,,,,,,,,,,,,,,,,,4.0,,True,True,100.0
random_forest_poisson__multi_step__raw__two_stage,type,__global__,26719.0,188.0,3.0,1.03159102617775,0.2611132191402752,0.0809592801898119,0.087037739713425,0.0809592801898119,0.0697763624631102,11781.0,1.0315692981937654,0.0808480261700778,1.0,,,,,,,,,,,,,,,,,5.0,,,,
random_forest_poisson__multi_step__raw__two_stage,type,Annuity,95.0,65.0,3.0,1.7872776941913435,1.875021201104328,0.3193971776054675,0.625007067034776,0.3193971776054675,0.2549276532951482,39.0,1.7872738195644762,0.3193940235071879,0.5371900826446281,1.4229177696069202,0.5737335142192603,0.4298927343623174,1.4516875981548358,0.6073418730468764,0.4940258886223145,0.5623612428053413,1.3063042947160493,0.5726246471470227,0.4279444024807599,1.450812393136197,0.6280808337910286,0.4305106796997997,1.4944740305927775,,,5.0,,,,
random_forest_poisson__multi_step__raw__two_stage,type,Bodily,2807.0,58.0,3.0,0.2484297497053403,0.0392281993410344,0.0064913375358225,0.0130760664470114,0.0064913375358225,0.0064914588415035,1281.0,0.2486186099022146,0.0064881275029952,1.0,0.5,0.985124714778,0.4298927343623174,0.2596095715428432,0.9870307410083592,0.4940258886223145,0.5623612428053413,0.2525012085449868,0.9850652815910498,0.4279444024807599,0.2598402793810506,0.9851454758020822,0.4305106796997997,0.2595939681747775,,,5.0,,,,
random_forest_poisson__multi_step__raw__two_stage,type,Material,20725.0,39.0,3.0,0.1078878934397765,0.0047242186210594,0.0006454809456573,0.0015747395403531,0.0006454809456573,0.0006843371250546,9150.0,0.112053082372342,0.0006407676710142,0.78,0.5,0.9985007580681412,0.4298927343623174,0.1092253853178504,0.9986951317877544,0.4940258886223145,0.5623612428053413,0.1084809212666765,0.9985049233719698,0.4279444024807599,0.1133806310558185,0.9984129289570788,0.4305106796997997,0.1093037387311376,,,5.0,,,,
random_forest_poisson__multi_step__raw__two_stage,type,Technical,2999.0,26.0,3.0,0.5863862680239094,0.1660041283666567,0.1054994053135079,0.0553347094555522,0.1054994053135079,0.1674581707888196,1278.0,0.5867027076016044,0.1053379121809866,0.52,0.7849208593724328,0.8029492824130987,0.4298927343623174,0.6678891507135942,0.8240284331943444,0.4940258886223145,0.5623612428053413,0.5821585466936525,0.8024725191800126,0.4279444024807599,0.6683402805987813,0.7199550266673853,0.4305106796997997,0.7022167145651569,,,5.0,,,,
random_forest_poisson__multi_step__raw__two_stage,arms,5,,,3.0,,,,,,,,,,,,,,,,,,,,,,,,,,,5.0,,True,True,100.0
random_forest_poisson__multi_step__raw__two_stage,type,__global__,14938.0,59.0,3.0,0.5823492003763492,1.274213544187062,0.0427174793459366,0.424737848062354,0.0427174793459366,0.0416262889295687,7929.0,0.5826359619442926,0.042658809536957,0.7866666666666666,,,,,,,,,,,,,,,,,6.0,,,,
random_forest_poisson__multi_step__raw__two_stage,type,Annuity,56.0,35.0,3.0,2.083471161351588,4.48522195741853,0.6316006481820582,1.4950739858061768,0.6316006481820582,0.5995608431793518,28.0,2.083460396302376,0.6315876127225416,0.2243589743589743,1.243086478508369,0.5324195171358964,0.719184235552332,1.5768611925574814,0.7393310090159713,1.7913981358227369,0.916293097731222,1.7792240332089748,0.5323402359587218,0.7189404020561561,1.576769563019537,0.5507980611762304,0.7351636790462097,1.5967738150128137,,,6.0,,,,
random_forest_poisson__multi_step__raw__two_stage,type,Bodily,1526.0,12.0,3.0,0.0530120419687938,3.844204154585584,0.00072683084995,1.2814013848618615,0.00072683084995,0.0008077488649009,824.0,0.0532641476981354,0.0007267875545858,0.24,0.7727228900725105,0.9989903880022538,0.719184235552332,0.0539681323729432,0.9995944307102091,1.7913981358227369,0.916293097731222,0.0533621622534693,0.998990106030846,0.7189404020561561,0.0542202505257569,0.9989024725223457,0.7351636790462097,0.0540513872737408,,,6.0,,,,
random_forest_poisson__multi_step__raw__two_stage,arms,6,,,3.0,,,,,,,,,,,,,,,,,,,,,,,,,,,6.0,,True,True,100.0
random_forest_poisson__multi_step__raw__two_stage,type,__global__,7009.0,18.0,3.0,0.8169785772922818,3.167426832405364,0.0629629723175133,1.0558089441351213,0.0629629723175133,0.0668175446576674,4427.0,0.818193405301449,0.0621271549110982,0.3157894736842105,,,,,,,,,,,,,,,,,7.0,,,,
random_forest_poisson__multi_step__raw__two_stage,type,Annuity,28.0,15.0,3.0,1.211757723038916,4.220058301033605,0.1556915720018575,1.406686100344535,0.1556915720018575,0.1834768463980747,17.0,1.2117488245159729,0.155678334497277,0.238095238095238,1.0504185054854562,0.0,0.0,1.0,0.0,0.0,1.211757723038916,1.211757723038916,0.0,0.0,1.0,0.0,0.0,1.0,,,7.0,,,,
random_forest_poisson__multi_step__raw__two_stage,arms,7,,,3.0,,,,,,,,,,,,,,,,,,,,,,,,,,,7.0,,True,True,100.0
random_forest_poisson__multi_step__raw__two_stage,type,__global__,2582.0,6.0,1.0,2.904839078204151,,3.9256664738467366,,3.9256664738467366,4.2569021896732036,1974.0,2.7954520433592727,3.4325024111521767,0.12,,,,,,,,,,,,,,,,,8.0,,,,
random_forest_poisson__multi_step__raw__two_stage,arms,8,,,2.0,,,,,,,,,,,,,,,,,,,,,,,,,,,8.0,,False,True,100.0
random_forest_poisson__multi_step__raw__two_stage,arms,9,,,,,,,,,,,,,,,,,,,,,,,,,,,,,,9.0,,False,False,
random_forest_poisson__per_dy__raw__include_zeros,dy,2,28988.0,16192.0,3.0,1.0034835462392224,0.0069338849754186,0.000416830939107,0.0023112949918062,0.000416830939107,0.000416830939107,28988.0,1.003483422900265,0.0004168014217169,1.0,1.0034835462392224,0.0,0.0,1.0,0.0,0.0,1.0041424020912886,1.0041424020912886,0.0,0.0,1.0,0.0,0.0,1.0,0.0,1.0,,,,,
random_forest_poisson__per_dy__raw__include_zeros,dy,3,25377.0,4799.0,3.0,0.998354229943738,0.0102666728746414,0.0013967757048344,0.0034222242915471,0.0013967757048344,0.0013967757048344,25377.0,0.9983543691610604,0.0013965394236221,1.0,0.998354229943738,0.0,0.0,1.0,0.0,0.0,1.0041424020912886,1.0041424020912886,0.0,0.0,1.0,0.0,0.0,1.0,0.0,1.0,,,,,
random_forest_poisson__per_dy__raw__include_zeros,dy,4,21277.0,1929.0,3.0,1.0244190850574784,0.0088786034062234,0.0046170051918657,0.0029595344687411,0.0046170051918657,0.0046170051918657,21277.0,1.0244152977972083,0.0046155733501821,1.0,1.0244190850574784,0.0,0.0,1.0,0.0,0.0,1.0041424020912886,1.0041424020912886,0.0,0.0,1.0,0.0,0.0,1.0,0.0,1.0,,,,,
random_forest_poisson__per_dy__raw__include_zeros,dy,5,17162.0,753.0,3.0,1.0273182802415606,0.4525477931430319,0.0447157235681817,0.1508492643810106,0.0447157235681817,0.0447157235681817,17162.0,1.027311421836755,0.0446932750628402,1.0,1.0273182802415606,0.0,0.0,1.0,0.0,0.0,1.0041424020912886,1.0041424020912886,0.0,0.0,1.0,0.0,0.0,1.0,0.0,1.0,,,,,
random_forest_poisson__per_dy__raw__include_zeros,dy,6,12899.0,236.0,3.0,0.9270642760480864,0.1539475083482349,0.1051282361735165,0.0513158361160783,0.1051282361735165,0.1051282361735165,12899.0,0.9270842531623592,0.1050706282611579,1.0,0.9270642760480864,0.0,0.0,1.0,0.0,0.0,1.0041424020912886,1.0041424020912886,0.0,0.0,1.0,0.0,0.0,1.0,0.0,1.0,,,,,
random_forest_poisson__per_dy__raw__include_zeros,dy,7,9190.0,82.0,3.0,0.9315936789619862,0.0411546315542276,0.0795352838058763,0.0137182105180758,0.0795352838058763,0.0795352838058763,9190.0,0.931619989971238,0.0794740204670095,1.0,0.9315936789619862,0.0,0.0,1.0,0.0,0.0,1.0041424020912886,1.0041424020912886,0.0,0.0,1.0,0.0,0.0,1.0,0.0,1.0,,,,,
random_forest_poisson__per_dy__raw__include_zeros,dy,8,5691.0,20.0,3.0,1.3195758754786435,0.467060458965837,0.1282307196151849,0.155686819655279,0.1282307196151849,0.1282307196151849,5691.0,1.317973341534187,0.1269446766369933,0.4,1.1278303501914575,0.0,0.0,1.0,0.0,0.0,1.0041424020912886,1.0041424020912886,0.0,0.0,1.0,0.0,0.0,1.0,0.0,1.0,,,,,
random_forest_poisson__per_dy__raw__include_zeros,type,__global__,28988.0,16192.0,3.0,1.0034835462392224,0.0069338849754186,0.000416830939107,0.0023112949918062,0.000416830939107,0.000416830939107,28988.0,1.003483422900265,0.0004168014217169,1.0,,,,,,,,,,,,,,,,,2.0,,,,
random_forest_poisson__per_dy__raw__include_zeros,type,Annuity,92.0,51.0,3.0,2.549087468960803,7.015544536345083,0.5572520961444115,2.338514845448361,0.5572520961444115,0.5572520961444116,92.0,2.549074620084865,0.5572423796777911,0.1428571428571428,1.2212982098515432,0.3500921078156109,0.3001803228887617,1.542323297199237,0.3262881535017485,0.2698850531291804,1.1888873425616495,1.6327045301972742,0.3500926840418089,0.3001758490372074,1.5423196915265556,0.3500921078156107,0.3001803228887616,1.5423232971992369,,,2.0,,,,
random_forest_poisson__per_dy__raw__include_zeros,type,Bodily,2857.0,1698.0,3.0,1.024650633197063,0.0479767823404038,0.0043525906248674,0.0159922607801346,0.0043525906248674,0.0043525906248674,2857.0,1.0246502322008084,0.0043524489782084,1.0,1.024650633197063,0.9857073228156252,0.3001803228887617,1.024298309654387,0.9841283984018944,0.2698850531291804,1.1888873425616495,1.0272573328158816,0.9857075713272856,0.3001758490372074,1.0242979205153124,0.9857073228156252,0.3001803228887616,1.024298309654387,,,2.0,,,,
random_forest_poisson__per_dy__raw__include_zeros,type,Lost,22.0,18.0,3.0,1.308180562003515,0.0107703300874851,0.1306891500145136,0.0035901100291617,0.1306891500145136,0.1306891500145136,22.0,1.3081698831992237,0.1306798306044724,0.36,1.1109450023212657,0.6966850560706778,0.3001803228887617,1.2147047921193117,0.6737454659115111,0.2698850531291804,1.1888873425616495,1.2692606082745932,0.6966969758570851,0.3001758490372074,1.2147010256751305,0.6966850560706775,0.3001803228887616,1.2147047921193117,,,2.0,,,,
random_forest_poisson__per_dy__raw__include_zeros,type,Material,22070.0,12754.0,3.0,0.9708474426499872,0.003571711310227,0.0001903668995234,0.0011905704367423,0.0001903668995234,0.0001903668995234,22070.0,0.9708485750016544,0.0001903521218786,1.0,0.9708474426499872,0.9993662267791252,0.3001803228887617,0.9708659187601558,0.9992951343017322,0.2698850531291804,1.1888873425616495,0.9710011314962887,0.9993662665068704,0.3001758490372074,0.9708670492360484,0.9993662267791252,0.3001803228887616,0.9708659187601558,,,2.0,,,,
random_forest_poisson__per_dy__raw__include_zeros,type,Remaining,39.0,27.0,3.0,1.3000299393206185,0.1784992992767038,0.0896824964120417,0.0594997664255679,0.0896824964120417,0.0896824964120418,39.0,1.3000207880220362,0.0896769274661862,0.54,1.162016167233134,0.7699639668822942,0.3001803228887617,1.2310122422627572,0.7505823411304244,0.2698850531291804,1.1888873425616495,1.272309013036311,0.7699723257828187,0.3001758490372074,1.2310077039365213,0.7699639668822942,0.3001803228887616,1.2310122422627572,,,2.0,,,,
random_forest_poisson__per_dy__raw__include_zeros,type,Technical,3908.0,1644.0,3.0,0.9567839242797715,0.0319910428835274,0.0047417268667135,0.0106636809611758,0.0047417268667135,0.0047417268667135,3908.0,0.9567866527959468,0.0047411285792403,1.0,0.9567839242797715,0.9844493801923604,0.3001803228887617,0.9574559610428752,0.982733923957509,0.2698850531291804,1.1888873425616495,0.9607914395495488,0.9844510836480734,0.3001758490372074,0.9574585735169094,0.9844493801923604,0.3001803228887616,0.9574559610428752,,,2.0,,,,
random_forest_poisson__per_dy__raw__include_zeros,arms,2,,,3.0,,,,,,,,,,,,,,,,,,,,,,,,,,,2.0,,True,True,100.0
random_forest_poisson__per_dy__raw__include_zeros,type,__global__,25377.0,4799.0,3.0,0.998354229943738,0.0102666728746414,0.0013967757048344,0.0034222242915471,0.0013967757048344,0.0013967757048344,25377.0,0.9983543691610604,0.0013965394236221,1.0,,,,,,,,,,,,,,,,,3.0,,,,
random_forest_poisson__per_dy__raw__include_zeros,type,Annuity,92.0,72.0,3.0,1.029055574560066,0.274770694925286,0.0237209027970781,0.091590231641762,0.0237209027970781,0.0237209027970781,92.0,1.0290555033726465,0.0237207863048836,1.0,1.029055574560066,0.0,0.0,1.0,0.0,0.0,0.9831295264089448,0.9831295264089448,0.0,0.0,1.0,0.0,0.0,1.0,,,3.0,,,,
random_forest_poisson__per_dy__raw__include_zeros,type,Bodily,2798.0,1437.0,3.0,1.0163667044925115,0.0762535562425813,0.0049015150677686,0.0254178520808604,0.0049015150677686,0.0049015150677686,2798.0,1.0163663040657276,0.0049012750571749,1.0,1.0163667044925115,0.0,0.0,1.0,0.0,0.0,0.9831295264089448,0.9831295264089448,0.0,0.0,1.0,0.0,0.0,1.0,,,3.0,,,,
random_forest_poisson__per_dy__raw__include_zeros,type,Material,19162.0,2644.0,3.0,0.9704321000738232,0.0075580377729998,0.0011904368187468,0.0025193459243332,0.0011904368187468,0.0011904368187468,19162.0,0.9704365087901032,0.0011900822646532,1.0,0.9704321000738232,0.0,0.0,1.0,0.0,0.0,0.9831295264089448,0.9831295264089448,0.0,0.0,1.0,0.0,0.0,1.0,,,3.0,,,,
random_forest_poisson__per_dy__raw__include_zeros,type,Technical,3267.0,642.0,3.0,1.0315426348014614,0.3790762686611651,0.024838831249277,0.1263587562203883,0.024838831249277,0.024838831249277,3267.0,1.031537237931557,0.0248303231517867,1.0,1.0315426348014614,0.0,0.0,1.0,0.0,0.0,0.9831295264089448,0.9831295264089448,0.0,0.0,1.0,0.0,0.0,1.0,,,3.0,,,,
random_forest_poisson__per_dy__raw__include_zeros,arms,3,,,3.0,,,,,,,,,,,,,,,,,,,,,,,,,,,3.0,,True,True,100.0
random_forest_poisson__per_dy__raw__include_zeros,type,__global__,21277.0,1929.0,3.0,1.0244190850574784,0.0088786034062234,0.0046170051918657,0.0029595344687411,0.0046170051918657,0.0046170051918657,21277.0,1.0244152977972083,0.0046155733501821,1.0,,,,,,,,,,,,,,,,,4.0,,,,
random_forest_poisson__per_dy__raw__include_zeros,type,Annuity,76.0,65.0,3.0,4.239621938855444,5.29018980794391,0.6501010726562849,1.76339660264797,0.6501010726562849,0.650101072656285,76.0,4.239590528953605,0.6500860129640579,0.1895043731778425,1.613922524855988,0.7925531625168998,2.483719045036498,3.5675726129990126,0.8113942675952445,2.7967775792668794,1.5449665633838,3.731394488186203,0.7925528023589222,2.483656068665926,3.567546552217603,0.7925531625168998,2.483719045036498,3.5675726129990126,,,4.0,,,,
random_forest_poisson__per_dy__raw__include_zeros,type,Bodily,2385.0,647.0,3.0,0.9663074502463388,0.0084450805750499,0.0083517777148326,0.0028150268583499,0.0083517777148326,0.0083517777148326,2385.0,0.9663086941707196,0.0083511613610251,1.0,0.9663074502463388,0.9966486595651354,2.483719045036498,0.966420365450682,0.9970226764430504,2.7967775792668794,1.5449665633838,0.9680303056553266,0.9966488213756368,2.483656068665926,0.9664215997546416,0.9966486595651354,2.483719045036498,0.966420365450682,,,4.0,,,,
random_forest_poisson__per_dy__raw__include_zeros,type,Material,16165.0,858.0,3.0,0.6547005381345635,0.0020978417856656,0.001258651875491,0.0006992805952218,0.001258651875491,0.001258651875491,16165.0,0.6548074825867137,0.0012578949518962,1.0,0.6547005381345635,0.999493495705392,2.483719045036498,0.6548754337949242,0.9995501659837416,2.7967775792668794,1.5449665633838,0.6551010100762397,0.999493787322091,2.483656068665926,0.6549822234153476,0.999493495705392,2.483719045036498,0.6548754337949242,,,4.0,,,,
random_forest_poisson__per_dy__raw__include_zeros,type,Technical,2602.0,350.0,3.0,0.8107385087296877,0.0673691462506543,0.0567494426722288,0.0224563820835514,0.0567494426722288,0.0567494426722288,2602.0,0.8107792407258586,0.0567249252520999,1.0,0.8107385087296877,0.9776618198781866,2.483719045036498,0.8149662660118069,0.9801125266255006,2.7967775792668794,1.5449665633838,0.8253404496174318,0.9776707016042452,2.483656068665926,0.8150044075223621,0.9776618198781866,2.483719045036498,0.8149662660118069,,,4.0,,,,
random_forest_poisson__per_dy__raw__include_zeros,arms,4,,,3.0,,,,,,,,,,,,,,,,,,,,,,,,,,,4.0,,True,True,100.0
random_forest_poisson__per_dy__raw__include_zeros,type,__global__,17162.0,753.0,3.0,1.0273182802415606,0.4525477931430319,0.0447157235681817,0.1508492643810106,0.0447157235681817,0.0447157235681817,17162.0,1.027311421836755,0.0446932750628402,1.0,,,,,,,,,,,,,,,,,5.0,,,,
random_forest_poisson__per_dy__raw__include_zeros,type,Annuity,61.0,49.0,3.0,2.341771008913758,12.42391209454601,0.9590567590859274,4.141304031515337,0.9590567590859274,0.9590567590859274,61.0,2.3417649842831953,0.959047891242501,0.0805921052631579,1.1081361503894311,0.2335618632691052,0.2922598353317422,1.3133865369223643,0.3615721643932579,0.5431596318621106,0.8359649314811748,1.3804224940549954,0.2335119485708789,0.2921756463643164,1.3133181560041438,0.2335618632691052,0.2922598353317422,1.3133865369223643,,,5.0,,,,
random_forest_poisson__per_dy__raw__include_zeros,type,Bodily,1977.0,281.0,3.0,0.8023343410907017,0.1145488410244166,0.0348716116120412,0.0381829470081388,0.0348716116120412,0.0348716116120412,1977.0,0.8023476511304539,0.0348669453439208,1.0,0.8023343410907017,0.8934018360575593,0.2922598353317422,0.8234051374049056,0.9396717530311132,0.5431596318621106,0.8359649314811748,0.8043632156534876,0.8933871421401085,0.2921756463643164,0.8234199329061566,0.8934018360575593,0.2922598353317422,0.8234051374049056,,,5.0,,,,
random_forest_poisson__per_dy__raw__include_zeros,type,Material,13107.0,257.0,3.0,0.5891430957804373,0.0189533952345805,0.0050556696280339,0.0063177984115268,0.0050556696280339,0.0050556696280339,13107.0,0.5894626286832819,0.0050484514606924,1.0,0.5891430957804373,0.98299560721289,0.2922598353317422,0.5961294679590827,0.9907779487104944,0.5431596318621106,0.8359649314811748,0.5914192994086395,0.983014663018122,0.2921756463643164,0.5964357442787507,0.98299560721289,0.2922598353317422,0.5961294679590827,,,5.0,,,,
random_forest_poisson__per_dy__raw__include_zeros,type,Technical,1975.0,165.0,3.0,0.5437741073766723,0.1377463328474243,0.0483432322653537,0.0459154442824747,0.0483432322653537,0.0483432322653538,1975.0,0.5438809388416604,0.0483193817573583,1.0,0.5437741073766723,0.8580657754893163,0.2922598353317422,0.6085281756478588,0.9182705018061652,0.5431596318621106,0.8359649314811748,0.5676547168075764,0.8580907861594632,0.2921756463643164,0.6086084362283242,0.8580657754893163,0.2922598353317422,0.6085281756478588,,,5.0,,,,
random_forest_poisson__per_dy__raw__include_zeros,arms,5,,,3.0,,,,,,,,,,,,,,,,,,,,,,,,,,,5.0,,True,True,100.0
random_forest_poisson__per_dy__raw__include_zeros,type,__global__,12899.0,236.0,3.0,0.9270642760480864,0.1539475083482349,0.1051282361735165,0.0513158361160783,0.1051282361735165,0.1051282361735165,12899.0,0.9270842531623592,0.1050706282611579,1.0,,,,,,,,,,,,,,,,,6.0,,,,
random_forest_poisson__per_dy__raw__include_zeros,type,Annuity,50.0,38.0,3.0,3.4320952422204796,7.994800438119824,2.301851048507723,2.664933479373275,2.301851048507723,2.301851048507723,50.0,3.432082534186615,2.3018267300373108,0.1254125412541254,1.305015244898938,0.3417289860461687,1.1949625734105689,1.8311174410917157,0.4584125559876938,1.948341739298893,0.7880980807525659,2.0001395775652795,0.3416633767752994,1.1946014631298518,1.8309535312264265,0.3417289860461687,1.1949625734105689,1.8311174410917157,,,6.0,,,,
random_forest_poisson__per_dy__raw__include_zeros,type,Bodily,1559.0,99.0,3.0,0.214723186398771,0.0096851934675971,0.0027135111556878,0.0032283978225323,0.0027135111556878,0.0027135111556878,1559.0,0.2147828163088403,0.0027132481109174,1.0,0.5,0.9977343530603512,1.1949625734105689,0.2165023464082838,0.9986092084501166,1.948341739298893,0.7880980807525659,0.2155206313567536,0.997733888938769,1.1946014631298518,0.2165622056542715,0.9977343530603512,1.1949625734105689,0.2165023464082838,,,6.0,,,,
random_forest_poisson__per_dy__raw__include_zeros,type,Material,9842.0,52.0,3.0,0.1275745118962047,0.0014530925332782,0.0014930924600799,0.0004843641777594,0.0014930924600799,0.0014930924600799,9842.0,0.1283825095214603,0.0014913415981174,1.0,0.5,0.998752070383658,1.1949625734105689,0.1286632375008609,0.999234246698356,1.948341739298893,0.7880980807525659,0.1280803099998702,0.9987531556144954,1.1946014631298518,0.1294692808957711,0.998752070383658,1.1949625734105689,0.1286632375008609,,,6.0,,,,
random_forest_poisson__per_dy__raw__include_zeros,type,Technical,1411.0,47.0,3.0,0.8112111426100529,1.784478248113326,0.2426064604131737,0.5948260827044419,0.2426064604131737,0.2426064604131736,1411.0,0.8112539869921978,0.2424964135281577,0.5662650602409639,0.8930954662972589,0.8312383929362525,1.1949625734105689,0.843071453578909,0.8892687374146696,1.948341739298893,0.7880980807525659,0.8086518040883606,0.8312596396759792,1.1946014631298518,0.8431030572368566,0.8312383929362525,1.1949625734105689,0.843071453578909,,,6.0,,,,
random_forest_poisson__per_dy__raw__include_zeros,arms,6,,,3.0,,,,,,,,,,,,,,,,,,,,,,,,,,,6.0,,True,True,100.0
random_forest_poisson__per_dy__raw__include_zeros,type,__global__,9190.0,82.0,3.0,0.9315936789619862,0.0411546315542276,0.0795352838058763,0.0137182105180758,0.0795352838058763,0.0795352838058763,9190.0,0.931619989971238,0.0794740204670095,1.0,,,,,,,,,,,,,,,,,7.0,,,,
random_forest_poisson__per_dy__raw__include_zeros,type,Annuity,41.0,29.0,3.0,2.3937732540201875,1.8920975554577784,0.54811241218525,0.6306991851525928,0.54811241218525,0.5481124121852498,41.0,2.3937665516219844,0.5481071084127946,0.5370370370370371,1.7485078586404712,0.6159461808930016,0.8790636368896438,1.858489312844546,0.6754122611973894,1.1405293529264324,0.5691329745175713,1.8015173915682696,0.6157055660999335,0.8781615545242458,1.8581498236775664,0.6159461808930017,0.879063636889644,1.858489312844546,,,7.0,,,,
random_forest_poisson__per_dy__raw__include_zeros,type,Bodily,1094.0,25.0,3.0,0.0986355547197714,0.0078710126859637,0.0016254691922884,0.0026236708953212,0.0016254691922884,0.0016254691922884,1094.0,0.0987412762265798,0.0016254381539118,0.5,0.5493177773598856,0.9981543212229342,0.8790636368896438,0.1002991839468266,0.9985768398812402,1.1405293529264324,0.5691329745175713,0.099305147883607,0.99815246398567,0.8781615545242458,0.1004063841769802,0.9981543212229342,0.879063636889644,0.1002991839468266,,,7.0,,,,
random_forest_poisson__per_dy__raw__include_zeros,type,Material,7013.0,15.0,3.0,0.1012727539800113,0.0107466703421014,0.002505564693304,0.0035822234473671,0.002505564693304,0.002505564693304,7013.0,0.102886339911293,0.0025039936430008,0.3,0.7303818261940034,0.9971578354951544,0.8790636368896438,0.1038270846581869,0.9978079718697294,1.1405293529264324,0.5691329745175713,0.1022983167444643,0.9971567030773352,0.8781615545242458,0.1054371004203038,0.9971578354951544,0.879063636889644,0.1038270846581869,,,7.0,,,,
random_forest_poisson__per_dy__raw__include_zeros,type,Technical,1017.0,13.0,3.0,0.2641365845403955,0.1182546682556942,0.0357693821584859,0.039418222751898,0.0357693821584859,0.0357693821584859,1017.0,0.2645120566787708,0.0357251631798883,0.26,0.8086755119805028,0.9609006437090526,0.8790636368896438,0.292908370402924,0.9695915832504032,1.1405293529264324,0.5691329745175713,0.273411041873944,0.9609085431620704,0.8781615545242458,0.2932633518699302,0.9609006437090526,0.879063636889644,0.292908370402924,,,7.0,,,,
random_forest_poisson__per_dy__raw__include_zeros,arms,7,,,3.0,,,,,,,,,,,,,,,,,,,,,,,,,,,7.0,,True,True,100.0
random_forest_poisson__per_dy__raw__include_zeros,type,__global__,5691.0,20.0,3.0,1.3195758754786435,0.467060458965837,0.1282307196151849,0.155686819655279,0.1282307196151849,0.1282307196151849,5691.0,1.317973341534187,0.1269446766369933,0.4,,,,,,,,,,,,,,,,,8.0,,,,
random_forest_poisson__per_dy__raw__include_zeros,type,Annuity,24.0,13.0,3.0,1.7310297162522803,1.556567134707814,0.2442383386882642,0.5188557115692713,0.2442383386882642,0.2442383386882642,24.0,1.7310063061578294,0.2442222383292225,0.26,1.190067726225593,0.5429709829393794,0.2901661073556252,1.3969279235913965,0.0,0.0,1.7310297162522803,1.7310297162522803,0.5429718398368014,0.2901479813132916,1.3969158389868208,0.5429709829393796,0.2901661073556253,1.3969279235913965,,,8.0,,,,
random_forest_poisson__per_dy__raw__include_zeros,arms,8,,,3.0,,,,,,,,,,,,,,,,,,,,,,,,,,,8.0,,True,True,100.0
random_forest_poisson__per_dy__raw__include_zeros,type,__global__,2698.0,9.0,2.0,1.2507552080044957,0.0914194709542744,0.2495557258041356,0.0457097354771372,0.2495557258041356,0.2495557258041356,2698.0,1.248120671691274,0.2443794991762343,0.18,,,,,,,,,,,,,,,,,9.0,,,,
random_forest_poisson__per_dy__raw__include_zeros,arms,9,,,2.0,,,,,,,,,,,,,,,,,,,,,,,,,,,9.0,,False,True,100.0
random_forest_poisson__per_dy__raw__include_zeros,arms,10,,,,,,,,,,,,,,,,,,,,,,,,,,,,,,10.0,,False,False,
random_forest_poisson__per_dy__raw__two_stage,dy,2,28988.0,16192.0,3.0,1.0052128305087078,0.0076096323761857,0.0004176603352952,0.0025365441253952,0.0004176603352952,0.0004176603352952,28988.0,1.005212645624405,0.0004176307082453,1.0,1.0052128305087078,0.0,0.0,1.0,0.0,0.0,1.0090593196431032,1.0090593196431032,0.0,0.0,1.0,0.0,0.0,1.0,0.0,1.0,,,,,
random_forest_poisson__per_dy__raw__two_stage,dy,3,25377.0,4799.0,3.0,1.0101361398511837,0.0095392284228248,0.0013892677956291,0.0031797428076082,0.0013892677956291,0.0013892677956291,25377.0,1.0101352723071502,0.0013890299306048,1.0,1.0101361398511837,0.0,0.0,1.0,0.0,0.0,1.0090593196431032,1.0090593196431032,0.0,0.0,1.0,0.0,0.0,1.0,0.0,1.0,,,,,
random_forest_poisson__per_dy__raw__two_stage,dy,4,21277.0,1929.0,3.0,1.029304745720174,0.0104848455853453,0.004563615182505,0.0034949485284484,0.004563615182505,0.004563615182505,21277.0,1.0293001790492773,0.0045621939760904,1.0,1.029304745720174,0.0,0.0,1.0,0.0,0.0,1.0090593196431032,1.0090593196431032,0.0,0.0,1.0,0.0,0.0,1.0,0.0,1.0,,,,,
random_forest_poisson__per_dy__raw__two_stage,dy,5,17162.0,753.0,3.0,1.0692262819521132,0.5906766453386331,0.0470039762790729,0.1968922151128777,0.0470039762790729,0.0470039762790729,17162.0,1.069208193519867,0.0469793885888718,1.0,1.0692262819521132,0.0,0.0,1.0,0.0,0.0,1.0090593196431032,1.0090593196431032,0.0,0.0,1.0,0.0,0.0,1.0,0.0,1.0,,,,,
random_forest_poisson__per_dy__raw__two_stage,dy,6,12899.0,236.0,3.0,1.1893378005472652,0.2679656365050841,0.1701558447922813,0.089321878835028,0.1701558447922813,0.1701558447922813,12899.0,1.1892712745324423,0.1700366117005683,1.0,1.1893378005472652,0.0,0.0,1.0,0.0,0.0,1.0090593196431032,1.0090593196431032,0.0,0.0,1.0,0.0,0.0,1.0,0.0,1.0,,,,,
random_forest_poisson__per_dy__raw__two_stage,dy,7,9190.0,82.0,3.0,1.0053014664535649,0.1398292850993395,0.0883428057625804,0.0466097616997798,0.0883428057625804,0.0883428057625804,9190.0,1.0052992660929765,0.0882694885909951,1.0,1.0053014664535649,0.0,0.0,1.0,0.0,0.0,1.0090593196431032,1.0090593196431032,0.0,0.0,1.0,0.0,0.0,1.0,0.0,1.0,,,,,
random_forest_poisson__per_dy__raw__two_stage,dy,8,5691.0,20.0,3.0,1.222266721715794,1.1897425522969645,0.1253240186029902,0.3965808507656548,0.1253240186029902,0.1253240186029902,5691.0,1.221233960450543,0.1241561744597953,0.4,1.0889066886863177,0.0,0.0,1.0,0.0,0.0,1.0090593196431032,1.0090593196431032,0.0,0.0,1.0,0.0,0.0,1.0,0.0,1.0,,,,,
random_forest_poisson__per_dy__raw__two_stage,type,__global__,28988.0,16192.0,3.0,1.0052128305087078,0.0076096323761857,0.0004176603352952,0.0025365441253952,0.0004176603352952,0.0004176603352952,28988.0,1.005212645624405,0.0004176307082453,1.0,,,,,,,,,,,,,,,,,2.0,,,,
random_forest_poisson__per_dy__raw__two_stage,type,Annuity,92.0,51.0,3.0,4.013852268326094,52.99901956043774,1.3251895932664464,17.666339853479247,1.3251895932664464,1.3251895932664464,92.0,4.0138129055489395,1.325153205572854,0.0188749074759437,1.0568861827108182,0.4922645424004163,1.2848105031056551,2.483612607730002,0.4834760204860423,1.2404020265329527,1.3613162044975464,2.643753784833083,0.4922650044055858,1.2847775990223154,2.48359462322766,0.4922645424004163,1.284810503105655,2.483612607730002,,,2.0,,,,
random_forest_poisson__per_dy__raw__two_stage,type,Bodily,2857.0,1698.0,3.0,0.9989499401021832,0.0453876227893518,0.004145215095191,0.0151292075964506,0.004145215095191,0.004145215095191,2857.0,0.9989499567552568,0.0041450836180454,1.0,0.9989499401021832,0.9967840515879188,1.2848105031056551,0.998953317040644,0.9966692987164004,1.2404020265329527,1.3613162044975464,1.000156873884138,0.9967840711674386,1.2847775990223154,0.9989533336196028,0.9967840515879188,1.284810503105655,0.998953317040644,,,2.0,,,,
random_forest_poisson__per_dy__raw__two_stage,type,Lost,22.0,18.0,3.0,1.3331902530343007,0.0332919877598715,0.1249026003656917,0.0110973292532905,0.1249026003656917,0.1249026003656917,22.0,1.3331784868994023,0.1248936024199589,0.36,1.1199484910923485,0.911398567511272,1.2848105031056551,1.30366911932418,0.9085166797907848,1.2404020265329527,1.3613162044975464,1.3357633084582017,0.9114023168720644,1.2847775990223154,1.3036596448920443,0.911398567511272,1.284810503105655,1.30366911932418,,,2.0,,,,
random_forest_poisson__per_dy__raw__two_stage,type,Material,22070.0,12754.0,3.0,0.972393585334378,0.0045209831294628,0.000189475818465,0.0015069943764876,0.000189475818465,0.000189475818465,22070.0,0.9723946593379852,0.0001894610832789,1.0,0.972393585334378,0.999852547998776,1.2848105031056551,0.9723976559554672,0.9998472697756629,1.2404020265329527,1.3613162044975464,0.9724529855732528,0.9998525556886544,1.2847775990223154,0.9723987295884284,0.999852547998776,1.284810503105655,0.9723976559554672,,,2.0,,,,
random_forest_poisson__per_dy__raw__two_stage,type,Remaining,39.0,27.0,3.0,1.233281317677797,0.2327429842935506,0.0820775664968323,0.0775809947645169,0.0820775664968323,0.0820775664968324,39.0,1.2332745676187842,0.0820727391527736,0.54,1.1259719115460105,0.9399529717742714,1.2848105031056551,1.2192734678106631,0.9379366101908662,1.2404020265329527,1.3613162044975464,1.2412275967676594,0.939954845925304,1.2847775990223154,1.2192675602644063,0.9399529717742714,1.284810503105655,1.2192734678106631,,,2.0,,,,
random_forest_poisson__per_dy__raw__two_stage,type,Technical,3908.0,1644.0,3.0,0.9730257790999648,0.0074000705793494,0.0048647688619785,0.0024666901931164,0.0048647688619785,0.0048647688619785,3908.0,0.9730275110690106,0.0048641442858586,1.0,0.9730257790999648,0.996227911810268,1.2848105031056551,0.9731275282400488,0.9960933922915404,1.2404020265329527,1.3613162044975464,0.974542677468944,0.996228298043935,1.2847775990223154,0.9731292432582715,0.996227911810268,1.284810503105655,0.9731275282400488,,,2.0,,,,
random_forest_poisson__per_dy__raw__two_stage,arms,2,,,3.0,,,,,,,,,,,,,,,,,,,,,,,,,,,2.0,,True,True,100.0
random_forest_poisson__per_dy__raw__two_stage,type,__global__,25377.0,4799.0,3.0,1.0101361398511837,0.0095392284228248,0.0013892677956291,0.0031797428076082,0.0013892677956291,0.0013892677956291,25377.0,1.0101352723071502,0.0013890299306048,1.0,,,,,,,,,,,,,,,,,3.0,,,,
random_forest_poisson__per_dy__raw__two_stage,type,Annuity,92.0,72.0,3.0,0.963970792731832,0.2454084879708404,0.0200658075021569,0.0818028293236134,0.0200658075021569,0.0200658075021569,92.0,0.9639708754219484,0.0200657155003687,1.0,0.963970792731832,0.0,0.0,1.0,0.0,0.0,1.005783289417276,1.005783289417276,0.0,0.0,1.0,0.0,0.0,1.0,,,3.0,,,,
random_forest_poisson__per_dy__raw__two_stage,type,Bodily,2798.0,1437.0,3.0,1.0280121312394752,0.0734518530629153,0.0048575288605603,0.0244839510209717,0.0048575288605603,0.0048575288605603,2798.0,1.0280114380440004,0.004857288339075,1.0,1.0280121312394752,0.0,0.0,1.0,0.0,0.0,1.005783289417276,1.005783289417276,0.0,0.0,1.0,0.0,0.0,1.0,,,3.0,,,,
random_forest_poisson__per_dy__raw__two_stage,type,Material,19162.0,2644.0,3.0,0.9986549122365472,0.0096759544151569,0.0012290299368775,0.0032253181383856,0.0012290299368775,0.0012290299368775,19162.0,0.9986551186275204,0.0012286528089613,1.0,0.9986549122365472,0.0,0.0,1.0,0.0,0.0,1.005783289417276,1.005783289417276,0.0,0.0,1.0,0.0,0.0,1.0,,,3.0,,,,
random_forest_poisson__per_dy__raw__two_stage,type,Technical,3267.0,642.0,3.0,1.096694138973725,0.4809472333761413,0.0274853697197562,0.1603157444587137,0.0274853697197562,0.0274853697197562,3267.0,1.0966765501102154,0.0274753638603113,1.0,1.096694138973725,0.0,0.0,1.0,0.0,0.0,1.005783289417276,1.005783289417276,0.0,0.0,1.0,0.0,0.0,1.0,,,3.0,,,,
random_forest_poisson__per_dy__raw__two_stage,arms,3,,,3.0,,,,,,,,,,,,,,,,,,,,,,,,,,,3.0,,True,True,100.0
random_forest_poisson__per_dy__raw__two_stage,type,__global__,21277.0,1929.0,3.0,1.029304745720174,0.0104848455853453,0.004563615182505,0.0034949485284484,0.004563615182505,0.004563615182505,21277.0,1.0293001790492773,0.0045621939760904,1.0,,,,,,,,,,,,,,,,,4.0,,,,
random_forest_poisson__per_dy__raw__two_stage,type,Annuity,76.0,65.0,3.0,3.3096834351916766,2.510130248455019,0.3594727314805283,0.8367100828183397,0.3594727314805283,0.3594727314805284,76.0,3.309665953439613,0.359466709663546,0.3987730061349693,1.9210394066715275,0.7839184586788598,1.3041248589600192,2.8106034785515535,0.8125476780533786,1.5582028019433316,1.3214447318173737,2.936983473660024,0.7839152301000444,1.3040781566867037,2.8105823173448528,0.7839184586788598,1.3041248589600192,2.8106034785515535,,,4.0,,,,
random_forest_poisson__per_dy__raw__two_stage,type,Bodily,2385.0,647.0,3.0,1.075276257213819,0.0043038177595635,0.0103896350362866,0.0014346059198545,0.0103896350362866,0.0103896350362866,2385.0,1.0752731646331313,0.0103887804217159,1.0,1.075276257213819,0.992096218730384,1.3041248589600192,1.0746812901420058,0.9933764598175086,1.5582028019433316,1.3214447318173737,1.0769067639970182,0.992096582935308,1.3040781566867037,1.0746782494192564,0.992096218730384,1.3041248589600192,1.0746812901420058,,,4.0,,,,
random_forest_poisson__per_dy__raw__two_stage,type,Material,16165.0,858.0,3.0,0.663147701242252,0.0032290580871853,0.0012094857023874,0.0010763526957284,0.0012094857023874,0.0012094857023874,16165.0,0.663253375135758,0.0012087195035357,1.0,0.663147701242252,0.9990734284228916,1.3041248589600192,0.6634598190079645,0.9992243964524524,1.5582028019433316,1.3214447318173737,0.6636582787545061,0.9990739817234172,1.3040781566867037,0.6635652086649598,0.9990734284228916,1.3041248589600192,0.6634598190079645,,,4.0,,,,
random_forest_poisson__per_dy__raw__two_stage,type,Technical,2602.0,350.0,3.0,0.594037716540865,0.0383143862021835,0.0310076444093999,0.0127714620673945,0.0310076444093999,0.0310076444093999,2602.0,0.5941017367848185,0.0309977188949508,1.0,0.594037716540865,0.976775605169414,1.3041248589600192,0.6034659448982462,0.9804886480072144,1.5582028019433316,1.3214447318173737,0.6082304108579466,0.9767820545169794,1.3040781566867037,0.6035258605318012,0.976775605169414,1.3041248589600192,0.6034659448982462,,,4.0,,,,
random_forest_poisson__per_dy__raw__two_stage,arms,4,,,3.0,,,,,,,,,,,,,,,,,,,,,,,,,,,4.0,,True,True,100.0
random_forest_poisson__per_dy__raw__two_stage,type,__global__,17162.0,753.0,3.0,1.0692262819521132,0.5906766453386331,0.0470039762790729,0.1968922151128777,0.0470039762790729,0.0470039762790729,17162.0,1.069208193519867,0.0469793885888718,1.0,,,,,,,,,,,,,,,,,5.0,,,,
random_forest_poisson__per_dy__raw__two_stage,type,Annuity,61.0,49.0,3.0,1.621512023512872,4.533210695792217,0.4629754455619002,1.511070231930739,0.4629754455619002,0.4629754455619003,61.0,1.6215100911979874,0.4629724642018972,0.2207207207207207,1.1371805817663545,0.0,0.0,1.0,0.1255739511381388,0.0664866469323725,0.8350226735922591,0.9337852487898568,0.0,0.0,1.0,0.0,0.0,1.0,,,5.0,,,,
random_forest_poisson__per_dy__raw__two_stage,type,Bodily,1977.0,281.0,3.0,0.9051372947640004,0.1424760196451588,0.0426065004918094,0.0474920065483862,0.0426065004918094,0.0426065004918093,1977.0,0.9051445008421076,0.0426000412662461,1.0,0.9051372947640004,0.0,0.0,1.0,0.6094484255171,0.0664866469323725,0.8350226735922591,0.8777539190711047,0.0,0.0,1.0,0.0,0.0,1.0,,,5.0,,,,
random_forest_poisson__per_dy__raw__two_stage,type,Material,13107.0,257.0,3.0,0.6977601523098274,0.0310008302689288,0.0070385822561821,0.0103336100896429,0.0070385822561821,0.0070385822561821,13107.0,0.6980385078195565,0.0070264624362237,1.0,0.6977601523098274,0.0,0.0,1.0,0.9042698358935842,0.0664866469323725,0.8350226735922591,0.710900315997855,0.0,0.0,1.0,0.0,0.0,1.0,,,5.0,,,,
random_forest_poisson__per_dy__raw__two_stage,type,Technical,1975.0,165.0,3.0,0.7965105822718164,0.6354548227205866,0.080912556356208,0.2118182742401955,0.080912556356208,0.080912556356208,1975.0,0.7965803712509486,0.080855428245591,1.0,0.7965105822718164,0.0,0.0,1.0,0.4510651716495638,0.0664866469323725,0.8350226735922591,0.8176512105102199,0.0,0.0,1.0,0.0,0.0,1.0,,,5.0,,,,
random_forest_poisson__per_dy__raw__two_stage,arms,5,,,3.0,,,,,,,,,,,,,,,,,,,,,,,,,,,5.0,,True,True,100.0
random_forest_poisson__per_dy__raw__two_stage,type,__global__,12899.0,236.0,3.0,1.1893378005472652,0.2679656365050841,0.1701558447922813,0.089321878835028,0.1701558447922813,0.1701558447922813,12899.0,1.1892712745324423,0.1700366117005683,1.0,,,,,,,,,,,,,,,,,6.0,,,,
random_forest_poisson__per_dy__raw__two_stage,type,Annuity,50.0,38.0,3.0,2.612247130205447,4.569382860145563,1.382946796815009,1.5231276200485209,1.382946796815009,1.382946796815009,50.0,2.6122407183330703,1.382935705227404,0.2196531791907514,1.3541352077907918,0.2282656555836971,0.4090517151353608,1.3680206481392805,0.3829964267740897,0.8584450797092711,0.8065376059745561,1.4981179015469288,0.2280789049166454,0.4086149001852777,1.3677180974994323,0.2282656555836971,0.4090517151353608,1.3680206481392805,,,6.0,,,,
random_forest_poisson__per_dy__raw__two_stage,type,Bodily,1559.0,99.0,3.0,0.2723872999658954,0.0077263048131473,0.0040154296457464,0.0025754349377157,0.0040154296457464,0.0040154296457464,1559.0,0.2724573874879814,0.0040146475404543,1.0,0.5,0.9902789904825904,0.4090517151353608,0.2794604299479151,0.9953442162253326,0.8584450797092711,0.8065376059745561,0.2748741882938441,0.9902705766889895,0.4086149001852777,0.2795359575419092,0.9902789904825904,0.4090517151353608,0.2794604299479151,,,6.0,,,,
random_forest_poisson__per_dy__raw__two_stage,type,Material,9842.0,52.0,3.0,0.3088284854217498,0.0116894938999647,0.007204858565771,0.0038964979666549,0.007204858565771,0.007204858565771,9842.0,0.310376054049655,0.0071688154211747,1.0,0.5,0.9826913038232422,0.4090517151353608,0.3207917631736142,0.991676937469518,0.8584450797092711,0.8065376059745561,0.312970949554102,0.9827583064172716,0.4086149001852777,0.3222663388130429,0.9826913038232422,0.4090517151353608,0.3207917631736142,,,6.0,,,,
random_forest_poisson__per_dy__raw__two_stage,type,Technical,1411.0,47.0,3.0,1.4390078883627675,1.9909011331695017,0.7688330931477773,0.6636337110565005,0.7688330931477773,0.7688330931477771,1411.0,1.438831185799937,0.7682136144005068,0.5053763440860215,1.2218642016456998,0.3472765012833357,0.4090517151353608,1.1524571235064072,0.527534317136498,0.8584450797092711,0.8065376059745561,1.1401873845033492,0.347217028752146,0.4086149001852777,1.152369660457235,0.3472765012833358,0.4090517151353608,1.1524571235064072,,,6.0,,,,
random_forest_poisson__per_dy__raw__two_stage,arms,6,,,3.0,,,,,,,,,,,,,,,,,,,,,,,,,,,6.0,,True,True,100.0
random_forest_poisson__per_dy__raw__two_stage,type,__global__,9190.0,82.0,3.0,1.0053014664535649,0.1398292850993395,0.0883428057625804,0.0466097616997798,0.0883428057625804,0.0883428057625804,9190.0,1.0052992660929765,0.0882694885909951,1.0,,,,,,,,,,,,,,,,,7.0,,,,
random_forest_poisson__per_dy__raw__two_stage,type,Annuity,41.0,29.0,3.0,1.4291080466435395,1.372181516580529,0.212809184952193,0.4573938388601763,0.212809184952193,0.2128091849521931,41.0,1.429106814708935,0.2128079418947352,0.58,1.2488826670532531,0.6434798221224447,0.3840972404262915,1.2761223695254946,0.5716932377516868,0.2840524191819386,0.4604170210808083,1.0142111298657683,0.6426199875944417,0.3826588847537532,1.2757526159449462,0.6434798221224447,0.3840972404262915,1.2761223695254946,,,7.0,,,,
random_forest_poisson__per_dy__raw__two_stage,type,Bodily,1094.0,25.0,3.0,0.1925783993820554,0.0414045484096489,0.0066039573182224,0.0138015161365496,0.0066039573182224,0.0066039573182224,1094.0,0.1927632789228905,0.0066030520003247,0.5,0.5962891996910278,0.9830971664373016,0.3840972404262915,0.2062261123122282,0.9772791589926848,0.2840524191819386,0.4604170210808083,0.1986639181212912,0.9830369954602154,0.3826588847537532,0.2064564390872024,0.9830971664373016,0.3840972404262915,0.2062261123122282,,,7.0,,,,
random_forest_poisson__per_dy__raw__two_stage,type,Material,7013.0,15.0,3.0,0.2745499129039946,0.1028821173718056,0.0169415094584396,0.0342940391239352,0.0169415094584396,0.0169415094584396,7013.0,0.278070120986374,0.0168027518403039,0.3,0.7823649738711984,0.9577559289138292,0.3840972404262915,0.3051958779527471,0.9437147801121228,0.2840524191819386,0.4604170210808083,0.2850114839576504,0.9579365067855582,0.3826588847537532,0.3084370135535665,0.9577559289138292,0.3840972404262915,0.3051958779527471,,,7.0,,,,
random_forest_poisson__per_dy__raw__two_stage,type,Technical,1017.0,13.0,3.0,0.3254768211950904,0.2112629875513115,0.0445790910173378,0.0704209958504371,0.0445790910173378,0.0445790910173378,1017.0,0.3259008715507281,0.0445068827232909,0.26,0.8246239735107235,0.8960075755355764,0.3840972404262915,0.3956221219164629,0.8643493102949689,0.2840524191819386,0.4604170210808083,0.3437815523785228,0.8958088730139576,0.3826588847537532,0.3961360194441666,0.8960075755355764,0.3840972404262915,0.3956221219164629,,,7.0,,,,
random_forest_poisson__per_dy__raw__two_stage,arms,7,,,3.0,,,,,,,,,,,,,,,,,,,,,,,,,,,7.0,,True,True,100.0
random_forest_poisson__per_dy__raw__two_stage,type,__global__,5691.0,20.0,3.0,1.222266721715794,1.1897425522969645,0.1253240186029902,0.3965808507656548,0.1253240186029902,0.1253240186029902,5691.0,1.221233960450543,0.1241561744597953,0.4,,,,,,,,,,,,,,,,,8.0,,,,
random_forest_poisson__per_dy__raw__two_stage,type,Annuity,24.0,13.0,3.0,1.8597137449991497,3.054576973269938,0.355994220522575,1.0181923244233126,0.355994220522575,0.355994220522575,24.0,1.8596841674252251,0.355967799149957,0.26,1.2235255736997788,0.5183459605676588,0.3831135028178875,1.4456291469648033,0.0,0.0,1.8597137449991497,1.8597137449991497,0.5183485673472592,0.3830890685716455,1.4456160565559868,0.5183459605676588,0.3831135028178874,1.4456291469648033,,,8.0,,,,
random_forest_poisson__per_dy__raw__two_stage,arms,8,,,3.0,,,,,,,,,,,,,,,,,,,,,,,,,,,8.0,,True,True,100.0
random_forest_poisson__per_dy__raw__two_stage,type,__global__,2698.0,9.0,2.0,1.346763150581997,0.0405849166095264,0.2823508352542602,0.0202924583047632,0.2823508352542602,0.2823508352542602,2698.0,1.3428434222550236,0.2761142427083909,0.18,,,,,,,,,,,,,,,,,9.0,,,,
random_forest_poisson__per_dy__raw__two_stage,arms,9,,,2.0,,,,,,,,,,,,,,,,,,,,,,,,,,,9.0,,False,True,100.0
random_forest_poisson__per_dy__raw__two_stage,arms,10,,,,,,,,,,,,,,,,,,,,,,,,,,,,,,10.0,,False,False,
random_forest_poisson__single_model__raw__include_zeros,dy,__global__,149083.0,33872.0,3.0,1.039897725840287,0.0044840969839438,0.0003403458669963,0.0014946989946479,0.0003403458669963,0.000373966043068,32631.0,1.039894266231557,0.000340286866186,1.0,,,,,,,,,,,,,,,0.75,1.0299232943802152,,,,,
random_forest_poisson__single_model__raw__include_zeros,dy,1,24771.0,9850.0,3.0,1.02550741290501,0.0050658374665654,0.0003609949943916,0.0016886124888551,0.0003609949943916,0.0003609949943916,24771.0,1.0255057440863695,0.0003609477625463,1.0,1.02550741290501,0.9948888507692892,0.070267933666621,1.025377040711163,0.9957668947083762,0.0849180069491636,0.9058703408403952,1.0250009765821788,0.9948855582933004,0.0702132777826507,1.0253752964450538,0.9948888507692892,0.070267933666621,1.025377040711163,0.75,1.0191305596787574,,,,,
random_forest_poisson__single_model__raw__include_zeros,dy,2,28988.0,16192.0,3.0,1.0669908340206675,0.0034521720318534,0.0004588044300173,0.0011507240106178,0.0004588044300173,0.0004588044300173,28988.0,1.0669883120296326,0.000458769929652,1.0,1.0669908340206675,0.9935129988691052,0.070267933666621,1.0665562644046158,0.9946261236206196,0.0849180069491636,0.9058703408403952,1.066124992408132,0.993508467003537,0.0702132777826507,1.0665534551917148,0.9935129988691052,0.070267933666621,1.0665562644046158,0.75,1.0502431255155007,,,,,
random_forest_poisson__single_model__raw__include_zeros,dy,3,25377.0,4799.0,3.0,1.0422472766139466,0.0065175154055855,0.0015542399055798,0.0021725051351951,0.0015542399055798,0.0015542399055798,25377.0,1.0422435457678876,0.001553965506689,1.0,1.0422472766139466,0.9783598876464324,0.070267933666621,1.0413330408013886,0.982026141772508,0.0849180069491636,0.9058703408403952,1.039796056904853,0.9783471478704564,0.0702132777826507,1.0413288525179478,0.9783598876464324,0.070267933666621,1.0413330408013886,0.75,1.03168545746046,,,,,
random_forest_poisson__single_model__raw__include_zeros,dy,4,21277.0,1929.0,3.0,1.0350140025816212,0.0620347801899063,0.0042952112066621,0.0206782600633021,0.0042952112066621,0.0042952112066621,21277.0,1.035008515955186,0.0042938661339848,1.0,1.0350140025816212,0.9423949832861576,0.070267933666621,1.0329970203776884,0.9518545424607392,0.0849180069491636,0.9058703408403952,1.0287963218987943,0.9423697392187096,0.0702132777826507,1.0329909660511227,0.9423949832861576,0.070267933666621,1.0329970203776884,0.75,1.026260501936216,,,,,
random_forest_poisson__single_model__raw__include_zeros,dy,5,17162.0,753.0,3.0,1.055125696277492,0.2122783518623706,0.0459599188699553,0.0707594506207902,0.0459599188699553,0.0459599188699553,17162.0,1.0551114821541514,0.0459362339877858,1.0,1.055125696277492,0.6045705236144496,0.070267933666621,1.0333273710630944,0.6488336854186191,0.0849180069491636,0.9058703408403952,1.0027122431771127,0.6045077307033676,0.0702132777826507,1.0333153170127052,0.6045705236144496,0.070267933666621,1.0333273710630944,0.75,1.041344272208119,,,,,
random_forest_poisson__single_model__raw__include_zeros,dy,6,12899.0,236.0,3.0,1.2384274084167892,0.4597616844529953,0.1752233700620217,0.1532538948176651,0.1752233700620217,0.1752233700620217,12899.0,1.2383401777096137,0.1750958380662391,1.0,1.2384274084167892,0.2862339015653795,0.070267933666621,1.06824600735126,0.3264302200780324,0.0849180069491636,0.9058703408403952,1.0144270175978627,0.2862236796202144,0.0702132777826507,1.0682186026653815,0.2862339015653795,0.070267933666621,1.06824600735126,0.75,1.178820556312592,,,,,
random_forest_poisson__single_model__raw__include_zeros,dy,7,9190.0,82.0,2.0,1.0216426978851534,0.1367185413593804,0.0873036929952883,0.0683592706796902,0.0873036929952883,0.0873036929952883,9190.0,1.0216335691832366,0.0872301116168177,1.0,1.0216426978851534,0.4459428080754038,0.070267933666621,1.009651405469233,0.4930737937005203,0.0849180069491636,0.9058703408403952,0.9629546561341054,0.4459588811601622,0.0702132777826507,1.009647682308457,0.4459428080754038,0.070267933666621,1.009651405469233,0.75,1.016232023413865,,,,,
random_forest_poisson__single_model__raw__include_zeros,dy,8,5691.0,20.0,2.0,0.1002622908353639,0.0001320855582698,0.0007323340560877,6.604277913492615e-05,0.0007323340560877,0.0007323340560877,5691.0,0.1006066958234005,0.0007317777026705,0.4,0.6401049163341456,0.9896854747231678,0.070267933666621,0.1095426581790617,0.9914497239883396,0.0849180069491636,0.9058703408403952,0.1071504620201224,0.9896852895855168,0.0702132777826507,0.1098836773047075,0.9896854747231678,0.070267933666621,0.1095426581790617,0.75,0.3251967181265229,,,,,
random_forest_poisson__single_model__raw__include_zeros,type,__global__,149083.0,33872.0,3.0,1.039897725840287,0.0044840969839438,0.0003403458669963,0.0014946989946479,0.0003403458669963,0.000373966043068,32631.0,1.039894266231557,0.000340286866186,1.0,,,,,,,,,,,,,,,,,,,,,
random_forest_poisson__single_model__raw__include_zeros,type,Annuity,506.0,336.0,3.0,1.6233067851864615,0.5541787725949,0.0411187844069351,0.1847262575316333,0.0411187844069351,0.0454258093112615,107.0,1.6233040994429715,0.0411184243162816,1.0,1.6233067851864615,0.5898172623253863,0.0591262542800744,1.3676371016275164,0.6004115837848207,0.0617840594652771,1.0765903301303286,1.404845222791804,0.5898225321193444,0.0591270243884857,1.3676388022138213,0.5997950542583678,0.0680805573506535,1.3738563270405224,,,,,,,
random_forest_poisson__single_model__raw__include_zeros,type,Bodily,15739.0,4738.0,3.0,1.185862343692027,0.0071799596135131,0.0020851152970042,0.002393319871171,0.0020851152970042,0.0018508290718344,3444.0,1.1858543790342464,0.0020849362090322,1.0,1.185862343692027,0.9659358169665088,0.0591262542800744,1.1795310947974682,0.96735333899702,0.0617840594652771,1.0765903301303286,1.1822949773081652,0.9659390715690164,0.0591270243884857,1.179524006331376,0.9735336425242208,0.0680805573506535,1.1809432444625876,,,,,,,
random_forest_poisson__single_model__raw__include_zeros,type,Lost,175.0,28.0,3.0,1.2406887097916588,0.2711047738075653,0.1378741783645901,0.0903682579358551,0.1378741783645901,0.0950563303260896,22.0,1.240651354975211,0.1378310160131643,0.56,1.134785677483329,0.3001326113162513,0.0591262542800744,1.07223853098411,0.3094490872844653,0.0617840594652771,1.0765903301303286,1.1273704239413869,0.3002011203396924,0.0591270243884857,1.0722438063748234,0.4173216635440272,0.0680805573506535,1.1004446127665206,,,,,,,
random_forest_poisson__single_model__raw__include_zeros,type,Material,113825.0,25034.0,3.0,0.9815524925580226,0.000463175504629,9.857028290266584e-05,0.0001543918348763,9.857028290266584e-05,7.362650372467442e-05,24549.0,0.981554476636724,9.85490839260981e-05,1.0,0.9815524925580226,0.9983356593518,0.0591262542800744,0.9815831954945162,0.998407141336692,0.0617840594652771,1.0765903301303286,0.9817038744009416,0.998336038333643,0.0591270243884857,0.9815851692805164,0.9989197067654424,0.0680805573506535,0.9815724212755066,,,,,,,
random_forest_poisson__single_model__raw__include_zeros,type,Remaining,190.0,41.0,3.0,1.056200788887648,0.1384509763670456,0.0440254553628022,0.0461503254556818,0.0440254553628022,0.0275526823423259,47.0,1.0561967260425154,0.0440191005476099,0.82,1.0460846468878713,0.5731970365278137,0.0591262542800744,1.032214125640925,0.5839178032870165,0.0617840594652771,1.0765903301303286,1.0646845139978725,0.5732355376909987,0.0591270243884857,1.0322139604694551,0.711892199503217,0.0680805573506535,1.0400089032150437,,,,,,,
random_forest_poisson__single_model__raw__include_zeros,type,Technical,18648.0,3695.0,3.0,0.6882837405592029,0.0042693224422598,0.0016934504908449,0.0014231074807532,0.0016934504908449,0.0032104582263686,4462.0,0.6883174384040992,0.0016930812921207,1.0,0.6882837405592029,0.9721562198102828,0.0591262542800744,0.6969630995686333,0.9733220396953892,0.0617840594652771,1.0765903301303286,0.6986429683418003,0.9721624736890158,0.0591270243884857,0.6969939099132001,0.9549668608255404,0.0680805573506535,0.7023213022535423,,,,,,,
random_forest_poisson__single_model__raw__include_zeros,arms,all,,,3.0,,,,,,,,,,,,,,,,,,,,,,,,,,,,,True,True,100.0
random_forest_poisson__single_model__raw__two_stage,dy,__global__,149083.0,33872.0,3.0,1.0479945404974604,0.0049960720334006,0.0003430354815324,0.0016653573444668,0.0003430354815324,0.0004054989692969,32631.0,1.0479903463974782,0.0003429755479023,1.0,,,,,,,,,,,,,,,0.45,1.021597543223857,,,,,
random_forest_poisson__single_model__raw__two_stage,dy,1,24771.0,9850.0,3.0,1.0505607977194,0.0059801485953089,0.000377559628608,0.0019933828651029,0.000377559628608,0.000377559628608,24771.0,1.0505574089786924,0.0003775090190269,1.0,1.0505607977194,0.9948870140062877,0.073465714941739,1.0503022810688298,0.9960529521543736,0.0952786480929201,0.9412015740933748,1.0501291516313875,0.9948827238809934,0.0733939682762453,1.050298692757087,0.9948870140062877,0.073465714941739,1.0503022810688298,0.45,1.02275235897373,,,,,
random_forest_poisson__single_model__raw__two_stage,dy,2,28988.0,16192.0,3.0,1.0509077800382252,0.0061229164727209,0.0004428348377832,0.0020409721575736,0.0004428348377832,0.0004428348377832,28988.0,1.0509058924099344,0.0004428020197809,1.0,1.0509077800382252,0.9940083408603702,0.073465714941739,1.0506027579726809,0.9953737152389934,0.0952786480929201,0.9412015740933748,1.0504002478894747,0.9940029606115532,0.0733939682762453,1.050600607768048,0.9940083408603702,0.073465714941739,1.0506027579726809,0.45,1.0229085010172012,,,,,
random_forest_poisson__single_model__raw__two_stage,dy,3,25377.0,4799.0,3.0,1.00311633745691,0.0082160516017581,0.0014112076794423,0.0027386838672527,0.0014112076794423,0.0014112076794423,25377.0,1.0031160725855108,0.0014109678023165,1.0,1.00311633745691,0.9811529690318344,0.073465714941739,1.0030576037483525,0.9854048010707064,0.0952786480929201,0.9412015740933748,1.002212679168959,0.9811380387941956,0.0733939682762453,1.0030572973452885,0.9811529690318344,0.073465714941739,1.0030576037483525,0.45,1.0014023518556094,,,,,
random_forest_poisson__single_model__raw__two_stage,dy,4,21277.0,1929.0,3.0,1.1291652056265251,0.0693830593396383,0.0050965020776859,0.0231276864465461,0.0050965020776859,0.0050965020776859,21277.0,1.1291431248550383,0.0050947571938008,1.0,1.1291652056265251,0.9351278226220902,0.073465714941739,1.120785977496067,0.9492254599965874,0.0952786480929201,0.9412015740933748,1.1196214386980583,0.93508931170318,0.0733939682762453,1.1207603557318957,0.9351278226220902,0.073465714941739,1.120785977496067,0.45,1.0581243425319362,,,,,
random_forest_poisson__single_model__raw__two_stage,dy,5,17162.0,753.0,3.0,1.1199250528229934,0.2846946473009862,0.0518129563571445,0.0948982157669954,0.0518129563571445,0.0518129563571444,17162.0,1.1198922316730686,0.051784603425699,1.0,1.1199250528229934,0.5864183757701918,0.073465714941739,1.0703262546906145,0.6477504168177441,0.0952786480929201,0.9412015740933748,1.0569697819356023,0.5863141532801602,0.0733939682762453,1.070294512298264,0.5864183757701918,0.073465714941739,1.0703262546906145,0.45,1.053966273770347,,,,,
random_forest_poisson__single_model__raw__two_stage,dy,6,12899.0,236.0,3.0,1.3897113065901945,0.433351908974399,0.2222315755583397,0.1444506363247996,0.2222315755583397,0.2222315755583397,12899.0,1.3895513173235794,0.2220497748678485,1.0,1.3897113065901945,0.2484490636268426,0.073465714941739,1.0968234092071272,0.3000805674766878,0.0952786480929201,0.9412015740933748,1.0757906291398378,0.2484194367942652,0.0733939682762453,1.0967721188519877,0.2484490636268426,0.073465714941739,1.0968234092071272,0.45,1.1753700879655875,,,,,
random_forest_poisson__single_model__raw__two_stage,dy,7,9190.0,82.0,2.0,1.1551161272838624,0.1687585719707911,0.1084478098595451,0.0843792859853955,0.1084478098595451,0.1084478098595451,9190.0,1.1550421570037657,0.1083448577330873,1.0,1.1551161272838624,0.4038496589079363,0.073465714941739,1.0626435950947075,0.4676793041537645,0.0952786480929201,0.9412015740933748,1.0412449834778654,0.4038430856402497,0.0733939682762453,1.0626127030887207,0.4038496589079363,0.073465714941739,1.0626435950947075,0.45,1.069802257277738,,,,,
random_forest_poisson__single_model__raw__two_stage,dy,8,5691.0,20.0,2.0,0.1245503823216546,0.0003646966230543,0.0010251595212078,0.0001823483115271,0.0010251595212078,0.0010251595212078,5691.0,0.1249666300149867,0.0010239448986439,0.4,0.6498201529286618,0.9862377837742023,0.073465714941739,0.1365985092549358,0.989354943001678,0.0952786480929201,0.9412015740933748,0.1332436808058121,0.9862406125762004,0.0733939682762453,0.1370065531613634,0.9862377837742023,0.073465714941739,0.1365985092549358,0.45,0.6060476720447445,,,,,
random_forest_poisson__single_model__raw__two_stage,type,__global__,149083.0,33872.0,3.0,1.0479945404974604,0.0049960720334006,0.0003430354815324,0.0016653573444668,0.0003430354815324,0.0004054989692969,32631.0,1.0479903463974782,0.0003429755479023,1.0,,,,,,,,,,,,,,,,,,,,,
random_forest_poisson__single_model__raw__two_stage,type,Annuity,506.0,336.0,3.0,1.3276670573444913,0.2134091284268471,0.0270611441416,0.0711363761422823,0.0270611441416,0.0324711909040195,107.0,1.327665902604054,0.0270609525513837,1.0,1.3276670573444913,0.0,0.0,1.0,0.0,0.0,1.016600306548199,1.016600306548199,0.0,0.0,1.0,0.0686118495551985,0.0023920300726616,1.022481842842715,,,,,,,
random_forest_poisson__single_model__raw__two_stage,type,Bodily,15739.0,4738.0,3.0,1.0758277652482329,0.0102210063334243,0.001705853416712,0.0034070021111414,0.001705853416712,0.0017713041307073,3444.0,1.0758248173386111,0.0017057207482452,1.0,1.0758277652482329,0.0,0.0,1.0,0.0,0.0,1.016600306548199,1.016600306548199,0.0,0.0,1.0,0.5745467348564138,0.0023920300726616,1.043566594934831,,,,,,,
random_forest_poisson__single_model__raw__two_stage,type,Lost,175.0,28.0,3.0,1.2676587402236783,0.3265419929727135,0.1436846128979174,0.1088473309909045,0.1436846128979174,0.1193639053105184,22.0,1.2676162968030924,0.1436385061199602,0.56,1.14988889452526,0.0,0.0,1.0,0.0,0.0,1.016600306548199,1.016600306548199,0.0,0.0,1.0,0.0196461064927446,0.0023920300726616,1.0052584521141483,,,,,,,
random_forest_poisson__single_model__raw__two_stage,type,Material,113825.0,25034.0,3.0,1.015041573803869,0.0011640215056998,0.0001042975696079,0.0003880071685666,0.0001042975696079,9.214580867383012e-05,24549.0,1.015039900853002,0.0001042743677612,1.0,1.015041573803869,0.0,0.0,1.0,0.0,0.0,1.016600306548199,1.016600306548199,0.0,0.0,1.0,0.9629068902221644,0.0023920300726616,1.0144836350555306,,,,,,,
random_forest_poisson__single_model__raw__two_stage,type,Remaining,190.0,41.0,3.0,1.1254459364508154,0.1802998556043383,0.0491062592117347,0.0600999518681127,0.0491062592117347,0.0344204813175609,47.0,1.125436273260214,0.0490987160218277,0.82,1.1028656678896689,0.0,0.0,1.0,0.0,0.0,1.016600306548199,1.016600306548199,0.0,0.0,1.0,0.064978725501923,0.0023920300726616,1.0081513170699692,,,,,,,
random_forest_poisson__single_model__raw__two_stage,type,Technical,18648.0,3695.0,3.0,0.9091092161081696,0.0110511217179787,0.0030507894580721,0.0036837072393262,0.0030507894580721,0.0065096102730063,4462.0,0.9091221937566804,0.0030499178471799,1.0,0.9091092161081696,0.0,0.0,1.0,0.0,0.0,1.016600306548199,1.016600306548199,0.0,0.0,1.0,0.268717896901527,0.0023920300726616,0.9755760197048562,,,,,,,
random_forest_poisson__single_model__raw__two_stage,arms,all,,,3.0,,,,,,,,,,,,,,,,,,,,,,,,,,,,,True,True,100.0
